1849	C	A	1/1	0,59
1977	A	G	1/1	0,83
4013	T	C	1/1	0,69
7362	G	C	1/1	0,72
7582	A	G	0|1	36,34
7585	G	C	1|1	0,67
9304	G	A	1/1	0,55
11820	C	G	1/1	0,65
11879	A	G	1/1	0,66
14785	T	C	1/1	0,92
14861	G	T	1/1	0,80
15117	C	G	1/1	0,69
15890	G	A	0/1	34,30
16119	C	A	1/1	0,61
17654	T	G	0|1	26,25
17657	T	C	0|1	26,26
21795	G	A	1/1	0,59
24698	GCCGCGTTGCTCGGGGTAA	G	1/1	0,54
25610	G	C	1/1	0,65
26959	C	G	1/1	0,70
27455	T	C	0/1	29,34
28366	AT	A	1/1	0,57
33207	G	GGC	0/1	34,37
34044	T	C	1/1	0,78
35608	C	T	0/1	30,50
36008	G	C	1/1	0,81
37031	C	G	1/1	0,70
37305	C	G	1/1	0,51
37334	A	T	0/1	33,27
39158	C	G	1/1	0,58
42281	C	A	1/1	0,87
42967	G	C	1/1	0,73
43347	T	C	0/1	26,34
44768	A	G	1/1	0,53
48503	T	C	0/1	31,37
49360	C	T	1/1	0,78
49690	GCC	G	1/1	0,57
50557	T	C	1/1	0,59
51949	A	G	1/1	0,90
54394	A	G	1/1	0,59
55546	G	GCCT	1/1	2,62
55553	C	CCGCCGT	1/1	0,60
57298	C	G	0/1	28,39
62049	A	G	1/1	0,55
63146	G	T	1/1	0,87
65150	C	T	1/1	0,65
65246	C	T	0/1	37,30
68337	T	TC	1/1	0,60
69989	G	A	1/1	0,80
70267	G	T	1/1	0,67
70816	A	G	1/1	0,70
71336	G	C	1/1	0,42
71584	C	CCGAGCGCTGTTCTGGCGCTAATCTGACGCTAGAATAG	1/1	0,41
71914	T	C	0/1	29,34
75233	C	A	1/1	0,60
75940	G	C	1/1	0,62
76700	G	A	0/1	28,23
79480	T	C	0/1	31,18
87468	C	T	1/1	0,62
92199	T	G	1/1	0,50
94388	G	A	1/1	0,53
96894	C	T	0/1	36,31
97350	A	C	0/1	28,28
99162	TCGGTGTGCG	T	1/1	0,56
101539	C	T	0/1	33,37
116000	T	G	1/1	0,61
122109	A	G	1/1	0,64
122205	T	C	0/1	36,36
123454	C	T	1/1	0,65
123520	T	C	1/1	0,66
125711	GGTT	G	0/1	35,37
125830	G	GA	1/1	0,61
131174	T	TG	1/1	0,68
133839	C	T	1/1	0,70
134024	T	C	0/1	31,38
135329	C	T	0/1	29,27
138419	G	A	0/1	34,42
139297	G	T	1/1	0,63
141623	G	A	0/1	24,30
143207	T	C	1/1	0,85
144699	C	A	0/1	43,31
145365	C	T	0/1	30,25
146087	T	C	1/1	0,72
146236	C	G	0/1	32,50
147262	G	T	1/1	0,63
154283	T	C	1/1	0,78
154990	G	T	0/1	32,39
162151	GT	G	1/1	0,50
163705	C	T	0|1	38,27
163706	C	T	0|1	39,27
163940	A	G	0/1	36,43
166253	A	C	0/1	31,38
182824	G	A	0/1	35,37
183091	C	G	0/1	35,24
190816	A	C	1/1	0,55
194305	C	CGG	1/1	0,96
194681	G	C	1/1	0,61
195682	C	G	1/1	0,74
196642	C	T	1/1	0,59
199470	T	G	1/1	0,56
203038	T	C	0/1	48,29
204094	G	T	0/1	29,22
206339	T	C	1/1	0,68
206481	C	G	1|1	0,41
206484	G	T	1|1	0,39
213147	C	A	1/1	0,96
213281	C	T	1/1	1,79
215977	C	T	0/1	22,28
217201	T	C	1/1	0,65
220414	T	G	0/1	39,46
222925	G	A	1/1	0,69
223319	G	A	0/1	45,44
223942	T	C	1/1	0,54
225323	T	C	1/1	0,71
227098	T	C	1/1	0,72
230170	C	T	1/1	0,58
230576	G	GT	1/1	0,44
231114	C	G	1/1	0,60
233016	C	T	0/1	48,40
234477	T	G	1/1	0,33
234496	C	CGT	1/1	0,32
239733	G	T	0/1	32,34
249522	T	C	1/1	0,63
251575	G	A	1/1	0,71
252900	C	T	0/1	37,37
257553	C	T	0/1	36,32
261869	T	C	1/1	0,79
262268	A	T	1/1	0,67
262829	C	T	0/1	29,37
264129	G	A	1/1	0,74
265554	A	C	1/1	0,86
267751	G	C	1/1	0,83
270430	G	C	1/1	0,68
273218	T	C	0/1	35,28
273777	C	T	0/1	36,26
274538	C	T	0/1	32,31
278021	T	C	1/1	0,67
278681	C	G	1/1	0,63
282892	C	T	1/1	0,63
283610	G	A	0|1	30,24
283614	T	C	1|1	0,57
285772	A	C	1/1	0,57
285871	A	G	1/1	0,55
287747	A	C	0/1	48,34
287933	G	T	0/1	39,21
288260	C	T	0/1	30,27
293628	A	AC	1/1	0,52
294596	T	G	0/1	31,40
296312	C	T	0/1	39,37
297236	C	T	0/1	39,29
304923	A	G	1/1	0,63
305188	G	T	1/1	0,74
310973	G	A	1/1	0,65
311613	G	T	1/1	0,89
325505	T	C	1/1	0,47
330070	C	T	0/1	38,34
331633	C	T	0/1	18,20
336322	CAA	C	1|1	0,15
336325	T	G	1|1	0,16
336327	C	CGG	1|1	0,16
336332	G	C	1|1	0,17
336344	A	G	1|1	0,17
336345	T	C	1|1	0,17
336353	C	T	1|1	0,17
336356	GGAA	G	1|1	0,17
336360	C	CCTCCCCG	1|1	0,17
336369	C	T	1|1	0,21
336370	A	G	1|1	0,21
336380	A	T	1|1	0,33
336400	C	G	1|1	0,32
336403	C	G	1|1	0,32
336405	A	G	1|1	0,31
336422	TTG	T	1|1	0,20
336428	A	G	1|1	0,19
336431	C	T	1|1	0,19
336439	A	G	1|1	0,20
336441	C	T	1|1	0,20
336442	G	A	1|1	0,21
336449	T	C	1|1	0,21
336451	T	G	1|1	0,21
336452	A	G	1|1	0,20
336459	G	A	1|1	0,18
336468	G	GCGTCC	1|1	0,17
336472	C	CAG	1|1	0,19
336473	T	G	1|1	0,19
336476	A	AGTCG	1|1	0,19
336480	A	G	1|1	0,20
336504	G	T	1/1	0,34
336535	T	G	1|1	0,34
336537	T	G	1|1	0,33
336540	G	T	1|1	0,33
336546	T	G	1|1	0,33
336557	C	CT	1|1	0,32
336560	T	C	1|1	0,31
341266	G	A	0/1	35,24
342146	A	C	1/1	0,63
346275	C	G	1/1	0,64
346693	G	T	0/1	32,42
348413	C	T	0/1	31,34
353309	G	A	1/1	0,59
353365	G	A	1/1	0,59
356528	A	G	1/1	0,82
363464	G	A	1/1	0,91
364854	C	G	0/1	45,32
376774	T	C	1/1	0,67
377014	C	T	0/1	40,31
379528	G	T	1/1	0,73
383716	C	T	0/1	19,20
384380	A	C	1/1	0,61
385158	G	A	0/1	18,41
386432	C	G	1/1	0,72
390828	T	C	1/1	0,63
391853	A	G	1/1	0,73
392261	T	C	1/1	0,47
393387	C	T	0/1	29,50
396199	T	C	1/1	0,65
403980	G	A	1/1	0,77
404326	T	C	1/1	0,62
410006	CGTTGGCGCTGGT	C	0/1	26,18
414486	C	T	1/1	0,62
416827	GGCC	G	0/1	26,28
420008	A	G	1/1	0,76
424144	T	C	0|1	61,13
424145	T	G	0|1	60,13
424146	A	AAC	0|1	60,13
441823	C	T	0/1	29,42
445780	C	T	1/1	0,62
449194	G	A	0/1	30,27
454295	T	C	1/1	0,45
454333	T	G	1/1	0,52
456299	C	G	0/1	34,28
456594	T	C	1/1	0,77
457452	T	G	1/1	0,52
459399	A	C	1/1	0,33
460413	C	T	0/1	36,41
464735	G	T	0/1	34,24
465300	C	T	1/1	0,61
472711	T	TTTGTGGGCC	0/1	27,22
474361	C	T	0/1	42,35
477234	T	G	1/1	0,55
483935	T	G	1/1	0,49
484596	C	T	1/1	0,71
485810	CA	C	1/1	0,67
489935	G	C	1/1	1,63
491742	T	C	1/1	0,77
492150	G	C	1/1	0,68
497491	G	A	1/1	0,69
498298	C	A	0/1	26,35
498531	A	G	1/1	0,72
498557	C	A	1/1	0,69
502494	C	G	0/1	31,40
502589	C	G	1/1	0,70
503354	G	C	1/1	0,49
505843	A	G	0/1	33,39
505974	G	A	1/1	0,80
507028	GC	G	1/1	0,59
507454	T	C	0/1	31,36
513257	T	C	1/1	0,54
515527	G	A	0/1	40,51
517358	T	C	1/1	0,58
518987	C	T	0/1	35,30
524891	C	A	1/1	0,59
533547	C	G	0/1	27,25
541201	A	G	1/1	0,62
542014	C	G	1/1	0,70
542514	C	G	0/1	48,24
546357	A	G	1/1	0,52
549363	C	G	0/1	35,27
551044	T	C	0/1	41,38
551525	A	C	1/1	0,42
555991	A	G	1/1	0,73
560521	A	G	0/1	33,30
561776	C	T	0|1	28,24
561777	C	T	0|1	28,24
565655	A	G	1/1	0,65
569173	C	T	0/1	22,31
572345	G	A	0/1	29,23
572591	C	T	1/1	0,50
573262	A	G	1/1	0,66
575907	C	T	0/1	55,34
583171	A	C	1/1	0,55
584171	T	C	1/1	0,52
590436	T	C	1/1	0,85
597816	A	G	1/1	0,80
598475	G	A	1/1	0,61
599868	A	G	1/1	0,74
605150	G	A	0/1	37,27
610120	T	G	1/1	0,60
611048	T	G	0/1	30,35
618480	A	G	0/1	31,26
620625	A	G	0/1	20,28
621598	C	T	0/1	40,33
627485	G	A	1/1	0,57
627739	C	T	0/1	24,26
628864	T	C	1/1	0,74
637319	G	A	1/1	0,70
640954	A	G	1/1	0,63
648002	T	G	1/1	0,78
648856	T	C	1/1	0,64
655986	T	G	1/1	0,63
657081	C	T	1/1	0,66
657142	C	T	1/1	0,71
658644	C	A	0/1	25,29
659341	T	C	1/1	0,57
662911	T	C	1/1	0,75
665293	A	G	1/1	0,60
669033	T	A	0/1	23,20
669398	T	C	1/1	0,68
669423	G	T	0|1	56,9
669427	C	T	0|1	55,9
669429	GCGAGA	G	0|1	63,9
670545	G	A	1/1	0,72
671385	C	G	0/1	37,29
683829	C	T	0/1	42,37
685461	C	G	1/1	0,73
685608	T	C	1/1	0,64
686264	G	A	0/1	43,29
686972	T	C	1/1	0,61
688219	GCAAGGTCGC	G	0/1	27,27
688792	T	TG	1/1	0,65
690450	A	C	1/1	0,64
690465	T	G	1/1	0,59
694531	A	G	0/1	37,42
696917	G	T	1/1	0,59
698968	G	A	1/1	0,73
699840	A	C	0/1	27,27
705206	T	G	0/1	23,28
707334	T	C	1/1	0,63
712693	A	G	1/1	0,49
713310	T	C	1/1	0,55
714158	GT	G	0/1	30,34
716025	C	T	0/1	36,49
721373	T	G	1/1	0,54
725190	G	A	1/1	0,70
726857	G	T	0/1	23,39
731015	A	G	0/1	36,33
732491	T	C	0/1	38,33
738522	T	G	1/1	0,50
739262	C	T	0/1	33,36
754186	A	G	1/1	0,64
757139	C	A	1/1	0,57
757182	A	G	1/1	0,57
761139	C	A	0/1	34,47
763031	T	C	1/1	0,78
767414	G	A	1/1	0,57
771757	ACCGCGAT	A	0/1	35,33
773497	C	A	0/1	26,43
775639	T	C	1/1	0,54
776100	G	A	1/1	0,75
776182	C	T	0/1	40,31
779615	G	C	1/1	0,65
780630	C	A	0/1	22,23
781301	C	T	0/1	44,34
781395	T	C	1/1	0,71
786965	C	T	0/1	43,33
787043	C	G	0/1	46,22
788899	C	T	0/1	35,45
791249	C	T	0/1	38,34
797736	C	T	0/1	35,28
798355	G	C	1/1	0,93
799136	AC	A	0/1	27,37
799666	A	G	1/1	0,54
809840	G	GC	0/1	25,37
811753	C	T	1/1	0,55
812681	C	T	0/1	28,37
820483	G	T	1/1	0,70
820503	C	T	0/1	35,39
820752	C	T	1/1	0,64
825655	C	A	0/1	27,33
830868	G	GGC	1/1	0,51
835611	C	T	0/1	32,17
841764	G	C	1/1	0,54
842030	C	T	0/1	34,28
843885	T	G	0/1	31,28
847995	T	C	1/1	0,64
850225	C	G	0/1	35,38
852910	C	T	1/1	0,76
857696	A	G	1/1	0,87
861216	T	G	1/1	0,72
866051	G	A	1/1	0,61
868160	CG	C	0/1	40,34
874835	C	CCG	1/1	0,77
876141	G	T	1/1	0,85
880562	G	T	1/1	0,72
881105	C	T	0/1	24,22
882257	T	C	1/1	0,73
892416	C	T	1/1	0,78
893733	T	G	1/1	0,78
900221	T	C	1/1	0,54
902485	C	T	0/1	24,34
903537	G	T	1/1	0,58
903550	T	C	1/1	0,56
903913	T	C	1/1	0,69
906857	A	G	1/1	0,67
919351	A	C	1/1	0,65
931123	T	C	1/1	0,57
932280	T	C	1/1	0,69
934230	C	G	1/1	0,71
934611	G	T	1/1	0,50
938240	G	C	0/1	22,38
940602	C	G	1/1	0,67
940748	T	G	0/1	24,29
941845	C	A	1/1	0,71
945214	G	A	1/1	0,57
949535	T	C	1/1	0,65
951702	C	T	0/1	36,36
954101	C	T	0/1	33,21
954468	C	G	0/1	37,23
955127	A	C	0/1	31,30
955524	A	G	1/1	0,62
957117	T	C	1/1	0,55
957298	A	G	0/1	31,24
960367	A	G	1/1	0,58
972980	C	T	1/1	0,60
979704	G	C	1/1	0,68
986463	G	C	1/1	0,67
987585	A	AG	1/1	2,68
989312	T	C	0/1	27,38
990001	G	C	1/1	0,80
991896	T	C	0/1	61,51
993346	A	C	1/1	0,99
994382	C	T	0/1	29,45
996205	T	C	1/1	0,79
996346	G	A	0/1	43,46
1003563	C	T	0/1	28,25
1003639	G	A	0/1	22,30
1010204	C	CG	1/1	0,54
1011511	A	C	0/1	36,33
1021776	A	G	0/1	33,37
1022003	A	C	1/1	0,73
1024346	A	G	1/1	0,80
1025106	T	C	1/1	0,78
1029386	G	GCGC	0/1	31,30
1034208	CGCT	C	1/1	0,72
1034758	C	T	1/1	0,78
1037012	T	C	1/1	0,79
1037911	C	T	1/1	0,80
1040251	C	A	0/1	30,24
1042692	T	TCTTGTTCACCCAGTACCTGTCCAA	0/1	34,29
1047165	T	C	1/1	0,55
1047873	C	T	0/1	25,44
1053912	T	C	0/1	27,32
1054784	C	G	1/1	0,87
1065793	T	G	0/1	27,28
1068151	T	C	1/1	0,69
1068432	A	G	1/1	0,62
1070702	T	C	1/1	0,38
1071966	A	G	1/1	0,60
1074558	G	A	1/1	0,75
1075279	T	C	1/1	0,75
1076309	G	T	1/1	0,63
1076689	A	C	0/1	39,42
1076880	C	T	1/1	0,77
1077312	A	G	1/1	0,65
1079927	C	A	1/1	0,74
1080192	G	A	1/1	0,64
1081681	T	C	1/1	0,73
1087193	G	C	1/1	0,62
1090188	A	AG	1/1	1,69
1097220	C	T	1/1	0,70
1097442	C	T	1/1	0,68
1098417	G	A	0/1	32,31
1098523	T	A	1/1	0,50
1099058	G	A	1/1	0,51
1100234	T	C	1/1	0,67
1102117	G	A	1/1	0,58
1102468	C	A	1/1	0,36
1102646	G	A	1/1	0,57
1103656	C	T	0/1	34,52
1104690	T	G	1/1	0,89
1105346	C	A	0/1	30,26
1105686	C	G	0|1	48,25
1105687	T	C	0|1	48,26
1106422	T	C	1/1	1,69
1106614	G	T	0/1	42,29
1107940	A	C	1/1	0,62
1108322	G	T	0/1	30,20
1108521	G	A	0/1	21,20
1109975	A	G	1/1	0,72
1111678	G	A	0/1	40,31
1124640	G	A	0/1	39,32
1125685	G	A	0/1	29,37
1126889	G	C	1/1	0,77
1127493	T	C	0/1	36,38
1127648	C	A	1/1	0,70
1128883	G	A	0/1	31,21
1131095	C	T	0/1	28,30
1144585	A	G	1/1	0,63
1145848	A	C	1/1	0,71
1148259	A	G	1/1	0,72
1148930	C	T	0/1	43,33
1149551	C	T	1/1	0,77
1150585	G	A	1/1	0,60
1151054	C	G	1/1	0,86
1164336	G	A	1/1	0,83
1168009	GC	G	0/1	57,30
1168715	C	CT	1/1	0,79
1168776	T	G	1/1	0,81
1172085	C	A	1/1	0,87
1173750	G	T	1/1	0,61
1174655	C	T	0/1	38,32
1175343	C	T	1/1	0,60
1176207	C	T	0/1	30,43
1177157	G	A	0/1	47,38
1178116	T	C	1/1	0,68
1186004	C	T	0/1	25,20
1190472	C	T	0/1	20,27
1193339	C	T	0/1	32,32
1197157	T	G	1/1	0,76
1197567	G	C	0/1	39,45
1200418	A	G	1/1	0,68
1201581	A	C	1/1	0,66
1210828	A	C	0/1	19,29
1211369	A	C	1/1	0,76
1215742	G	A	0|1	32,26
1215743	C	A	0|1	32,26
1220680	T	C	1/1	0,66
1224367	T	C	1/1	0,30
1227830	G	T	1/1	0,53
1230778	G	A	1/1	0,88
1240760	C	T	0/1	25,25
1246500	C	T	0/1	26,33
1248382	A	G	1/1	0,55
1248936	G	C	1/1	0,52
1248978	T	C	1/1	0,57
1250340	A	G	1/1	0,67
1251199	C	T	1/1	0,61
1253073	G	C	0/1	27,24
1254562	A	G	1/1	0,74
1265070	G	T	0/1	30,28
1267597	G	A	0/1	26,43
1269567	A	G	0/1	34,29
1273133	G	A	0/1	38,50
1273250	G	GA	1/1	0,88
1275957	T	C	1/1	0,85
1276232	C	A	0/1	40,41
1280738	TG	T	0/1	61,36
1281118	T	C	1/1	0,74
1281771	T	C	1/1	1,63
1285001	A	C	1/1	0,58
1286766	G	C	0/1	30,27
1288698	G	A	1/1	0,73
1292102	A	G	1/1	0,70
1293333	C	G	0/1	34,36
1301002	G	A	0/1	25,41
1306259	A	G	1/1	0,67
1307598	C	G	1/1	0,62
1313337	A	AG	1|1	0,13
1313338	A	C	1|1	0,13
1315191	A	C	1/1	0,57
1315795	GTTGCC	G	0|1	58,13
1315803	T	G	0|1	49,13
1315806	G	GT	0|1	48,12
1315807	ACC	A	0|1	48,10
1315811	C	CATTAAAAAAAA	0|1	49,10
1315813	ACCGTC	A	0|1	51,4
1315884	G	A	1/1	0,57
1317655	C	T	1/1	0,57
1322741	A	G	1/1	0,63
1327890	G	A	1/1	0,82
1328687	G	C	1/1	0,46
1329234	G	A	1/1	0,82
1333669	T	G	0/1	25,29
1334497	C	G	0/1	30,34
1336164	C	T	0/1	39,34
1338794	TCGG	T	0/1	34,36
1349213	C	T	0/1	33,27
1349733	G	C	0/1	33,33
1351172	A	G	1/1	0,60
1351407	C	G	0/1	15,24
1356413	C	G	0/1	47,36
1360209	T	C	1/1	0,72
1361190	G	A	1/1	0,82
1361285	C	T	1/1	0,78
1362006	T	C	1/1	0,66
1365837	C	CGG	1/1	0,63
1367484	T	G	1/1	1,67
1368322	C	CG	1/1	0,55
1370852	T	G	1/1	0,72
1374065	T	C	1|1	0,64
1374073	G	A	0|1	41,28
1374201	A	G	0/1	39,23
1375044	C	G	0/1	40,22
1375724	A	C	1/1	0,56
1382628	T	C	1/1	0,79
1390763	C	T	1/1	0,73
1393626	A	G	1/1	0,67
1396922	T	C	1/1	0,80
1406760	T	TG	0/1	30,26
1411210	T	G	1/1	0,61
1413129	CG	C	1/1	0,47
1413148	C	T	1/1	0,45
1414021	C	T	1/1	0,73
1416222	A	G	0|1	86,19
1416232	A	G	0|1	90,19
1416234	A	C	0|1	90,19
1418863	C	CGGGAGCCA	0/1	21,44
1428406	G	C	0/1	41,41
1440469	C	G	1/1	0,53
1443428	G	GGGTTAGATTGCCCGGCTCCTCAACCCGCCGTTTCGGCGTGCATCGTCGCCGGGCTA	1/1	1,5
1445781	A	G	1/1	0,75
1447786	C	G	0/1	45,48
1457144	C	T	1/1	0,59
1469643	C	T	0|1	67,11
1469644	G	A	0|1	68,11
1471659	C	T	1/1	0,47
1473246	A	G	0/1	25,37
1477596	C	T	0/1	29,24
1479085	T	C	1/1	0,70
1482627	T	C	1/1	0,74
1484708	A	C	1/1	0,68
1490905	A	G	1/1	0,61
1498951	G	T	1/1	0,70
1499274	C	G	1/1	0,72
1501700	G	A	1/1	0,66
1511460	C	T	0/1	37,34
1526311	G	T	0/1	38,22
1526819	C	A	1/1	0,63
1535007	T	C	0/1	26,24
1536251	G	T	1/1	0,78
1540141	T	C	1/1	0,46
1541798	C	T	1/1	0,65
1544255	C	T	1/1	0,77
1546703	C	T	1/1	0,78
1547125	T	C	1/1	0,67
1552547	G	A	1/1	0,59
1556787	T	C	1/1	0,59
1558136	G	A	0/1	47,24
1563717	C	T	1/1	0,79
1565566	C	T	0/1	29,43
1570566	C	A	1/1	0,72
1576481	T	G	0/1	38,31
1576527	G	T	0/1	32,32
1577241	G	A	1/1	0,58
1588899	G	T	1/1	0,53
1593331	G	A	1/1	0,59
1594906	G	A	1/1	0,83
1595342	T	C	1/1	0,58
1601575	A	C	0/1	36,35
1604699	A	G	0/1	25,32
1606248	T	G	0/1	22,23
1608276	A	C	1/1	0,88
1609840	A	G	1/1	0,58
1612624	T	TATCGGTACCGGTGCGCCAGGG	1/1	0,69
1613035	T	C	1/1	0,56
1616061	C	T	0/1	40,46
1617302	G	T	1/1	0,77
1620181	C	G	1/1	0,79
1624791	C	G	1/1	0,56
1625332	C	CGGT	1/1	0,61
1627351	T	C	1/1	0,66
1630148	A	C	1/1	0,66
1639594	C	A	1/1	0,50
1645802	T	C	1/1	0,79
1647436	G	A	1/1	0,58
1650072	A	G	1/1	0,52
1651308	A	G	1/1	0,68
1652511	C	T	0/1	29,26
1657016	T	TGAACCGCCCCGGTGAGTCCGGAGACTCTCTGATCTGAGACCTCAGCCGGCGGCTGGTC	0/1	35,13
1657942	T	G	0/1	43,40
1668429	C	T	0/1	33,28
1669158	T	C	0/1	42,28
1674685	A	T	0/1	35,40
1676290	C	A	1/1	0,90
1678706	A	C	1/1	0,68
1688064	A	G	1/1	0,68
1688300	T	C	1/1	0,75
1689349	C	T	1/1	0,74
1692141	A	C	1/1	0,63
1693561	A	G	1/1	0,73
1695037	G	A	1/1	0,77
1695796	C	T	1/1	0,87
1696671	CA	C	1/1	0,48
1697387	T	C	0/1	38,41
1697896	C	T	0/1	30,34
1698911	G	A	1/1	0,66
1699849	G	A	1/1	0,63
1701215	C	T	1/1	0,65
1701684	G	A	0/1	38,24
1706119	T	C	1/1	0,55
1706685	C	A	0/1	36,28
1709432	C	T	1/1	0,55
1711670	C	T	1/1	0,80
1712388	T	TGAACCGCCCCGGTGAGTCCGGAGACTCTCTGATCTGAGACC	0/1	26,6
1713192	A	G	1/1	0,68
1715165	G	C	0/1	33,35
1715841	A	C	0/1	21,42
1716472	A	G	1/1	0,63
1718152	T	C	0/1	38,37
1720363	GT	G	0/1	23,27
1722200	C	G	0/1	24,18
1722228	A	C	1/1	0,45
1728837	A	G	1/1	0,79
1731293	C	G	0/1	35,44
1731548	C	T	0/1	38,36
1733134	C	T	0/1	29,28
1733325	C	G	1/1	0,59
1741352	C	T	0/1	20,30
1750386	C	T	0/1	37,52
1753519	G	GC	1/1	0,42
1754459	G	A	0/1	26,25
1755784	A	G	0/1	36,28
1756358	CG	C	1/1	0,61
1758588	A	G	0/1	40,31
1759252	G	T	1/1	0,80
1759521	C	T	0/1	33,28
1760292	A	G	1/1	0,59
1761148	G	C	0/1	30,34
1770945	C	T	0/1	38,23
1774659	C	T	0/1	38,42
1778430	T	C	1/1	0,58
1790479	C	G	0/1	33,33
1792777	T	C	1|1	0,61
1792778	T	C	1|1	0,60
1798355	G	A	1/1	0,49
1799771	T	C	0/1	37,36
1803265	G	A	1/1	0,60
1804409	C	A	1/1	0,74
1811375	G	T	1/1	0,71
1817976	A	T	1/1	0,80
1827727	GC	G	0/1	24,27
1829557	C	T	0/1	34,29
1831220	A	C	1|1	0,56
1831226	A	G	1|1	0,57
1831288	C	T	1/1	0,68
1834177	A	C	1/1	0,66
1836286	G	C	1/1	0,61
1839759	G	C	1/1	0,76
1841366	C	T	0/1	38,30
1844339	A	G	0/1	27,22
1847919	C	G	1/1	0,70
1849051	C	T	1/1	0,70
1849609	T	C	1/1	0,62
1849934	A	G	0/1	35,53
1850913	G	T	0/1	35,53
1852176	CT	C	0/1	21,34
1854300	T	C	1/1	0,67
1856777	G	C	1/1	0,64
1859559	C	A	1/1	0,53
1876976	C	A	0/1	25,25
1877744	A	C	1/1	0,75
1885385	T	G	1/1	0,64
1885772	G	A	1/1	0,54
1888373	T	C	0/1	46,36
1890038	TG	T	0/1	33,39
1891388	C	G	0/1	20,29
1892017	T	C	0/1	18,23
1894300	G	GGTCTTGCCGC	1/1	0,57
1894422	A	G	1/1	0,68
1895109	G	A	0/1	41,31
1897608	C	T	1/1	0,24
1901493	T	C	1/1	0,86
1902337	A	C	1/1	0,53
1906078	A	G	0/1	38,24
1906604	C	T	0/1	25,41
1907296	G	C	1/1	0,83
1916137	A	G	1/1	0,80
1917084	C	A	0/1	40,35
1917972	A	G	1/1	0,64
1924008	G	A	0/1	41,41
1931179	C	A	1/1	0,39
1933988	G	A	1/1	0,58
1935437	C	T	0/1	49,39
1944107	A	G	1/1	0,83
1944402	T	C	1/1	0,70
1945950	G	T	0/1	35,37
1947282	A	G	0/1	36,37
1950767	T	C	1/1	0,56
1955760	CGAA	C	1/1	0,58
1955913	CCCGGAAG	C	0|1	50,36
1955921	TCGATGACCGTTG	T	0|1	56,36
1955941	G	C	1/1	0,88
1960284	C	A	1/1	0,81
1961735	A	G	0/1	44,41
1967026	C	T	1/1	0,60
1967237	C	A	1/1	0,75
1967543	C	A	1/1	0,66
1971725	G	C	1/1	0,64
1978379	G	T	0/1	35,29
1980652	G	T	1/1	1,74
1986492	T	C	0/1	31,29
1986638	G	GTGAA	1|1	0,11
1986639	C	CCGCCCCGGTGAGTCCGGAGACTCTCTGATCTGAGACCTCAGCCGGCG	1|1	0,10
1986644	C	G	1|1	0,2
2003105	C	T	0/1	29,32
2003827	A	C	1/1	0,66
2006818	G	A	0/1	32,41
2009290	GC	G	0/1	37,40
2011314	C	T	0/1	38,32
2022868	T	C	1/1	0,59
2023628	C	G	1/1	0,56
2034070	A	C	0/1	22,28
2049772	A	ACC	0/1	31,35
2054163	G	C	0/1	21,46
2055271	A	G	1/1	0,65
2057774	A	T	1/1	0,66
2064271	C	G	0/1	31,35
2067684	G	A	0/1	32,41
2069771	C	A	0/1	26,30
2071522	G	A	0/1	31,43
2072313	C	A	1/1	0,81
2074754	C	T	1/1	0,52
2078246	C	G	0/1	28,38
2082053	A	G	0/1	38,32
2086672	C	T	0/1	21,36
2090363	ACCATCTCACCGAGCAGGACATGCAGCGCCACCACGATCGCCAACGACAAGGTGTGCAGCAGCGCCGGCGGTACACCGCTC	A	0/1	51,36
2094911	ACAGCGT	A	1/1	0,70
2096186	A	G	1/1	0,78
2097270	C	T	1/1	0,63
2108141	T	C	1/1	0,45
2108890	A	C	1/1	0,31
2109523	C	CG	1/1	0,60
2111616	AT	A	0/1	20,28
2112832	A	C	1/1	0,79
2116903	C	T	1/1	0,46
2122395	C	T	1/1	0,73
2122976	C	G	1/1	0,69
2123169	T	G	1/1	0,61
2126079	G	A	0/1	26,37
2128870	A	G	1/1	0,21
2133468	T	TTCGCATGCCGTCACC	1/1	0,67
2135154	G	T	0/1	27,33
2135385	A	G	0/1	38,15
2135870	T	C	1/1	0,60
2137521	A	ACTCCGATCAC	1/1	0,47
2138436	A	G	0/1	44,34
2138453	C	T	1/1	0,80
2140076	G	A	0/1	28,27
2141368	C	T	0/1	50,39
2142266	C	A	1/1	0,67
2143328	G	C	1/1	0,47
2145557	C	T	0/1	29,28
2146065	C	CGGCGGTCGCGGCGGGGCGGGCGGTAGAGGCGGCGACGGCGGGCAA	1/1	0,15
2147022	A	C	1/1	0,74
2151222	T	G	0/1	35,35
2153462	G	A	0/1	21,21
2153725	CTCATCCCCGTCTCG	C	1/1	0,37
2154724	C	A	1/1	0,68
2155168	C	G	0/1	26,30
2158109	T	C	1/1	0,56
2160998	G	A	1/1	0,62
2161343	G	GT	1/1	0,86
2161902	G	A	0/1	33,29
2172380	A	C	1/1	0,64
2172964	T	G	0/1	37,42
2173860	A	C	1/1	0,69
2174193	A	G	0/1	31,30
2177366	C	T	1/1	0,83
2178823	C	T	0/1	34,48
2179825	G	C	0/1	33,26
2185009	C	T	0/1	28,32
2185674	A	G	1/1	0,64
2187587	G	C	1/1	0,81
2191498	G	T	1/1	0,65
2198515	C	A	0/1	32,27
2199052	C	G	1/1	0,66
2202500	C	T	1/1	0,60
2207253	A	C	0/1	32,40
2207591	T	TC	1/1	0,86
2209465	G	A	1/1	0,49
2211826	A	G	1/1	0,79
2216443	C	A	1/1	0,60
2216963	C	G	0/1	44,31
2220512	T	G	1/1	0,49
2221584	G	C	1/1	0,93
2221939	C	T	0/1	26,34
2223014	A	T	0/1	47,41
2223293	T	C	1/1	0,78
2225365	T	C	0/1	38,20
2228967	A	G	1/1	0,57
2229801	C	G	1/1	0,56
2230045	G	A	0/1	53,39
2232577	C	G	0/1	33,50
2235087	G	A	0/1	44,41
2241031	AG	A	1/1	0,58
2244421	G	T	1/1	0,57
2245864	C	A	1/1	0,77
2247677	A	C	1/1	0,68
2251605	G	A	0/1	32,39
2251999	A	G	1/1	0,75
2260100	C	T	1/1	0,58
2260278	G	A	0/1	27,38
2260525	C	T	1/1	0,66
2263628	A	T	0|1	42,10
2263629	C	G	0|1	42,10
2263631	A	ACCGCCCCGGTGAGTCCGGAGACTCTCTGATCTGAGACCTCAGCCGGC	0|1	42,10
2264782	C	A	1/1	0,26
2265059	T	G	1/1	0,41
2266432	C	T	0/1	42,36
2266487	G	C	0|1	72,35
2266504	T	TA	0|1	63,35
2266508	A	T	0|1	66,33
2266511	GT	G	0|1	67,33
2266517	T	C	0|1	65,35
2266550	G	T	0|1	62,46
2266553	C	G	0|1	63,50
2266583	C	G	0|1	59,22
2266598	G	C	0|1	60,23
2266604	C	G	0|1	58,24
2266613	G	GC	0|1	55,23
2266624	G	T	0|1	57,25
2267015	T	C	1/1	0,74
2268433	C	A	0/1	29,26
2268627	G	C	1/1	0,58
2269545	G	A	0/1	29,28
2269780	T	C	1/1	0,76
2270102	A	G	1/1	0,94
2273733	TC	T	1/1	0,73
2282460	A	C	0/1	32,38
2282787	C	T	1/1	0,63
2283191	G	C	0/1	29,33
2285251	C	A	1/1	0,75
2287121	A	G	1/1	0,73
2288085	G	C	1/1	0,66
2294007	T	C	1/1	0,88
2311099	C	G	1/1	0,38
2314689	C	A	0/1	36,27
2315386	C	A	1/1	0,61
2316123	C	A	0/1	25,26
2318725	C	T	0/1	34,21
2320320	C	T	0/1	31,26
2321975	T	C	0/1	31,36
2328543	T	C	1/1	0,65
2329533	A	G	1/1	0,83
2331620	A	C	1/1	0,57
2331789	G	T	1/1	0,75
2334007	A	G	1/1	0,71
2335075	A	G	1/1	0,71
2335494	A	G	1/1	0,66
2336125	T	G	0|1	40,33
2336129	A	G	0|1	38,31
2336130	A	G	0|1	38,31
2337179	C	T	1/1	0,74
2341636	C	G	1/1	0,70
2342649	A	AGGCGTACACAC	1/1	0,52
2344246	G	C	1/1	0,75
2344499	T	G	0/1	40,37
2345037	C	A	1/1	0,60
2346318	G	A	0/1	26,31
2352065	C	CCTCGCCTGGGCTGGCGAGCAGACGCAAAATCCCCCGCACGCCCGGCGTGTCGGGGGATTTTGCGTCTG	0/1	6,18
2354791	A	G	1/1	0,65
2357268	TGCC	T	1/1	0,33
2358029	T	TG	1/1	0,47
2361604	C	G	1/1	0,56
2362041	C	A	1/1	0,69
2364475	T	C	0/1	39,39
2368564	TA	T	1/1	0,61
2369186	G	C	1/1	0,57
2369326	C	G	1/1	0,60
2384452	C	T	0/1	17,26
2386389	G	A	1/1	0,95
2388641	G	A	1/1	0,99
2399734	G	A	1/1	0,56
2406842	AC	A	0/1	37,44
2411496	G	A	0/1	26,31
2413246	C	A	1/1	0,53
2415656	G	C	1/1	0,67
2421816	A	G	1/1	0,70
2421975	G	GGGAA	1/1	0,79
2424925	A	G	1/1	0,56
2425471	T	C	1/1	0,88
2428517	A	G	0/1	30,33
2440926	G	T	1/1	0,65
2442468	C	T	0/1	28,27
2446489	A	G	0/1	39,24
2448458	C	T	1/1	0,61
2451700	A	C	0/1	27,27
2452816	T	G	0/1	30,34
2462871	G	A	1/1	0,60
2470591	A	C	1/1	0,55
2474686	C	T	0/1	25,18
2476183	C	T	0/1	28,37
2491520	C	T	0/1	26,41
2491597	G	T	0/1	34,32
2493394	G	A	0/1	33,41
2499726	G	A	1/1	0,63
2505085	G	A	1/1	0,62
2509140	G	C	1/1	0,73
2509722	A	G	1/1	0,56
2510350	C	G	1/1	0,61
2516567	G	C	1/1	0,56
2521342	T	C	1/1	0,79
2521428	A	G	1/1	0,84
2522955	T	G	0/1	35,25
2523205	G	GCGC	1/1	0,27
2525722	CG	C	1/1	0,61
2526974	T	C	1/1	0,74
2529680	A	G	1/1	0,85
2533377	T	C	1/1	0,79
2534562	GGA	G	1/1	0,49
2536599	C	T	0|1	25,20
2536625	C	CG	0|1	20,24
2536628	G	GA	0|1	24,20
2536892	T	C	0/1	17,19
2543395	T	C	1/1	0,76
2544971	A	G	0/1	35,39
2546684	C	A	1/1	0,64
2548700	C	T	1/1	0,58
2551576	C	G	1|1	0,71
2551577	T	C	1|1	0,72
2552826	G	A	0/1	53,34
2562644	G	T	1/1	0,67
2564368	G	GC	1/1	0,56
2566766	C	CG	1|1	0,78
2566768	A	C	1|1	0,82
2571298	C	A	0/1	42,43
2573756	C	A	1/1	0,66
2574128	T	C	0/1	34,44
2578626	A	G	1/1	0,53
2581052	G	A	1/1	0,75
2586076	C	G	1/1	0,62
2586127	A	G	1/1	0,59
2589036	G	C	0/1	47,33
2589216	G	C	1/1	0,75
2591484	G	A	0/1	60,30
2592310	G	A	0/1	68,47
2598400	A	G	1/1	0,60
2600260	A	G	1/1	0,68
2602454	T	G	0/1	31,31
2603515	A	G	0/1	35,26
2604156	T	TCAGTGCCAA	0/1	22,19
2606007	A	C	0/1	36,41
2608117	C	A	1/1	0,78
2609847	G	T	0/1	30,26
2611488	T	C	0/1	38,38
2612256	G	T	1/1	0,57
2612632	C	A	1/1	0,61
2614909	GC	G	1/1	0,51
2619271	T	C	1/1	0,65
2619799	A	C	0/1	31,36
2623778	G	A	0/1	51,41
2627618	C	A	0/1	47,32
2627946	A	G	1/1	0,68
2630740	T	C	1/1	0,65
2631371	C	T	1/1	0,67
2632341	C	CA	1/1	0,53
2634282	T	G	1/1	0,58
2637541	C	T	1/1	0,56
2639613	C	CGAG	0|1	52,5
2640807	G	A	0/1	36,32
2642383	C	T	1/1	0,72
2647905	G	A	0/1	21,23
2656225	A	G	1/1	0,73
2660319	C	G	1/1	0,80
2663795	G	A	0/1	46,28
2673818	C	G	1/1	0,71
2678835	T	C	0/1	36,28
2680658	T	G	1/1	0,68
2692100	C	T	1/1	0,58
2695378	C	G	1/1	1,60
2697489	C	T	1/1	0,50
2703902	C	CG	0/1	13,25
2704884	A	ACAGCGACCATATCGCCGAGCT	1/1	0,55
2711722	T	G	1/1	0,66
2713795	C	T	1/1	0,90
2714846	C	T	0/1	30,34
2718852	T	G	1/1	0,66
2723506	T	C	1/1	0,64
2724180	TCACGATCGGGTCTCCTCTAG	T	1/1	0,83
2729058	A	C	1/1	0,83
2733931	A	C	0/1	34,27
2734074	T	C	1/1	0,59
2734481	TA	T	1/1	0,61
2737572	C	A	1/1	0,66
2738274	A	C	1/1	0,52
2740693	T	C	1/1	0,43
2741209	G	A	1/1	0,64
2751804	C	T	1/1	0,37
2752122	G	C	1/1	0,50
2752698	C	A	1/1	0,50
2760152	A	G	1/1	0,80
2774555	T	C	0/1	41,12
2775361	C	T	1/1	0,49
2775736	TG	T	0/1	26,24
2779136	T	C	1/1	0,57
2780415	G	A	0/1	30,52
2786952	A	G	1/1	0,83
2789798	G	T	1/1	0,65
2791098	C	T	1/1	0,89
2793810	C	A	1/1	1,52
2794071	G	A	0/1	29,22
2800087	G	A	0/1	41,26
2807486	C	A	1/1	1,70
2808452	T	C	0/1	33,48
2809621	T	C	1/1	0,65
2809633	A	C	0/1	37,26
2817502	A	C	0/1	40,28
2818837	A	G	1/1	0,67
2820608	A	G	0/1	39,34
2821342	C	T	1/1	0,56
2825466	G	A	1/1	0,69
2825581	T	G	0/1	31,29
2827984	G	T	1/1	0,56
2828019	T	C	1/1	0,64
2830525	C	A	1/1	0,45
2833329	G	A	1/1	0,65
2841022	A	G	1/1	0,43
2847281	A	G	1/1	0,67
2850631	T	C	1/1	0,61
2851160	GAA	G	1|1	0,71
2851164	CATT	C	1|1	0,72
2852598	G	C	0/1	33,34
2855259	A	G	1/1	0,64
2865760	A	G	1/1	0,62
2865882	T	C	1/1	0,82
2867880	TA	T	1/1	0,81
2880702	G	C	1/1	0,68
2881542	C	G	0/1	50,34
2881597	AG	A	1/1	0,73
2881974	G	A	1/1	0,95
2883217	G	C	0/1	37,32
2884068	A	C	1/1	0,63
2886570	A	G	1/1	0,64
2888201	T	C	1/1	0,50
2889633	T	C	1/1	0,74
2891267	C	T	1/1	0,73
2891379	A	C	0/1	32,27
2891728	A	G	1/1	0,64
2894208	G	A	1/1	0,62
2895516	G	A	0/1	37,31
2898522	T	C	1/1	0,43
2898926	G	C	0/1	27,17
2903439	G	A	1/1	0,81
2903643	C	A	0/1	35,50
2910461	G	T	1/1	0,61
2911293	C	G	1/1	0,59
2912294	T	G	1/1	0,83
2915226	A	C	0/1	30,28
2923391	T	C	1/1	0,42
2924706	G	A	0/1	28,31
2925962	T	C	1/1	0,56
2927939	T	C	1/1	0,67
2931137	T	G	0/1	28,28
2932201	A	G	0/1	47,32
2938069	C	A	0/1	24,36
2939373	G	C	1/1	0,58
2939657	T	C	1/1	0,70
2948230	G	A	1/1	0,49
2954439	T	C	1/1	0,70
2955957	A	C	1/1	0,68
2969197	A	G	1/1	0,51
2980861	A	G	1/1	0,72
2984740	A	G	1/1	0,55
2988630	C	G	1/1	0,73
2994187	T	C	1/1	0,59
3003115	C	G	1/1	0,56
3005014	A	G	0/1	24,31
3005185	G	T	1/1	0,63
3009692	A	G	1/1	0,60
3009834	A	G	1/1	0,61
3010420	A	G	1/1	0,51
3010993	C	T	1/1	0,73
3015054	GC	G	0/1	32,32
3017465	T	C	1/1	0,69
3021892	GTTCGACGAC	G	0/1	24,26
3024021	C	A	1/1	0,78
3024343	G	A	0/1	31,37
3026577	G	A	0/1	27,28
3027798	T	C	1/1	0,70
3028884	C	T	0/1	40,25
3031168	A	G	1/1	0,80
3033189	G	A	1/1	0,60
3036323	G	T	0/1	25,22
3036826	C	T	1/1	0,50
3037377	T	C	1/1	0,37
3040220	C	T	0/1	45,39
3041871	G	T	1/1	0,60
3048912	C	G	0/1	20,28
3057256	G	A	0/1	42,25
3069167	A	G	1/1	0,69
3075639	T	C	0/1	31,25
3079190	C	A	0/1	28,37
3080795	A	G	1/1	0,60
3086788	T	C	1/1	0,67
3093679	A	T	0/1	31,33
3103682	T	C	1/1	0,69
3104189	A	G	1/1	0,55
3109543	G	A	0/1	24,28
3110140	G	T	0/1	28,32
3111476	C	T	1/1	0,78
3115384	G	C	1/1	0,72
3128345	C	G	0/1	32,41
3131469	T	TTGTCGGCGA	1/1	0,69
3134017	G	T	0/1	39,38
3135606	A	G	1/1	0,61
3137058	G	A	1/1	0,64
3137736	G	T	1/1	0,66
3141585	C	A	0/1	28,41
3144623	C	T	1/1	0,67
3147511	T	G	0/1	25,30
3150049	G	T	0/1	37,35
3155477	C	G	0/1	23,33
3156201	C	CG	1/1	0,60
3157009	ACACGCCTGTCG	A	0/1	58,15
3162021	G	C	0/1	34,32
3165636	G	A	0/1	41,38
3166086	G	A	0/1	39,24
3173283	T	G	0/1	38,29
3174496	A	G	1/1	0,76
3174692	AC	A	0/1	22,39
3177452	C	A	1/1	0,67
3177884	C	A	1/1	0,79
3180988	C	A	1/1	0,67
3186860	T	G	1/1	0,52
3187987	C	T	0/1	20,20
3189242	A	G	1/1	0,74
3190145	TC	T	1/1	0,73
3200282	C	T	1/1	0,67
3209156	G	A	0/1	40,31
3214869	A	G	0/1	40,30
3215622	CG	C	1/1	0,77
3226181	A	C	1/1	0,68
3228143	G	T	1/1	0,71
3229599	A	AG	0/1	19,25
3236744	C	A	0/1	29,27
3238119	CGTG	C	1/1	0,63
3238363	G	A	0/1	31,29
3241675	G	A	0/1	41,60
3245271	C	T	0/1	33,29
3256494	A	G	1/1	0,91
3257649	G	T	0/1	39,41
3266030	A	G	1/1	0,76
3269581	A	G	1/1	0,68
3270784	A	G	1/1	0,82
3276703	T	G	1/1	1,72
3284640	A	G	0/1	34,36
3284855	C	T	1/1	0,67
3285623	G	A	0/1	25,43
3291540	A	G	0/1	36,26
3296371	G	GCCGCGGC	1/1	0,47
3296843	A	G	1/1	0,59
3301282	G	A	0/1	34,31
3304966	G	A	1/1	0,71
3308606	G	A	1/1	0,70
3310427	T	C	0/1	32,33
3310626	T	C	1/1	0,46
3312401	A	C	0/1	33,31
3314412	A	G	1/1	0,57
3316955	A	C	1/1	0,65
3325352	C	T	0/1	29,36
3326554	A	C	1/1	0,54
3331361	ACG	A	1/1	0,57
3338603	G	C	1/1	0,52
3352932	C	G	1/1	0,69
3353130	G	A	0/1	42,31
3355057	C	T	0/1	31,16
3358235	A	T	1/1	0,81
3359073	C	T	0/1	44,45
3363338	A	G	1/1	0,89
3367075	C	T	0/1	38,34
3367765	G	A	1/1	0,60
3375165	A	C	1/1	0,60
3375807	T	C	0/1	37,43
3390938	G	A	0/1	27,29
3398929	G	A	0/1	31,31
3401871	A	G	1/1	0,55
3402816	C	T	1/1	0,56
3404376	C	G	1/1	0,71
3408150	T	C	1/1	0,84
3411154	A	G	0/1	36,33
3412611	T	C	0/1	35,39
3415180	ACACCTAGGGGGTGG	A	1/1	0,47
3418386	C	T	0/1	26,32
3420825	A	G	1/1	0,68
3423249	C	CGCGAGCAGACGCAGAATCGCCCAAAATCCAAGATTTTGAGGCGATTCTGCGTCTGCTCGCGCAACCGG	1/1	1,21
3425854	C	T	1/1	0,65
3428917	C	A	1/1	0,76
3438664	G	C	0/1	27,44
3440464	T	G	1|1	0,69
3440468	G	C	1|1	0,68
3446699	C	G	1/1	0,62
3447293	T	G	0/1	35,35
3450725	T	C	1/1	0,71
3453964	C	T	0/1	41,37
3454263	C	G	1/1	0,68
3455686	G	C	1/1	0,57
3456666	A	G	1/1	0,60
3457119	C	T	0/1	37,36
3462135	G	C	1/1	0,57
3467465	C	G	1/1	0,93
3473996	G	GA	1/1	0,91
3477942	A	G	1/1	0,94
3478242	G	C	0|1	69,22
3478244	C	A	0|1	69,22
3478245	T	C	0|1	70,22
3478248	T	C	0|1	68,22
3478251	C	T	0|1	66,20
3478254	G	C	0|1	65,20
3478257	A	G	0|1	64,19
3478260	C	G	0|1	61,19
3478263	G	A	0|1	61,20
3478272	G	A	0|1	55,20
3478290	C	T	0/1	50,19
3478446	G	T	0|1	43,5
3478452	A	C	0|1	41,5
3478455	G	C	0|1	41,5
3478467	C	T	0/1	36,5
3478480	C	A	0|1	39,6
3478482	T	G	0|1	39,6
3478485	A	G	0|1	38,5
3478488	G	A	0|1	38,5
3478489	T	C	0|1	37,5
3478504	T	A	0|1	34,5
3478506	A	C	0|1	34,5
3478512	G	A	0|1	37,5
3478519	T	C	0|1	36,5
3478521	G	T	0|1	36,5
3478527	A	C	0|1	35,5
3478528	A	C	0|1	35,5
3480474	G	A	1/1	0,51
3480789	T	C	1/1	0,69
3486977	A	G	1/1	0,64
3487108	C	T	1/1	0,69
3487716	G	T	0/1	38,36
3489919	T	TGAA	0|1	33,12
3489920	C	CCGCCCCGGTGAGTCCGGAGACTCTCTGATCTGAGACCT	0|1	34,11
3490438	C	G	0/1	36,27
3498198	C	T	0/1	44,35
3500149	G	A	1/1	0,89
3500243	G	C	1/1	0,89
3503895	C	T	1/1	0,48
3508970	A	G	0/1	46,26
3509626	C	A	1/1	0,67
3518167	A	G	1/1	0,42
3518555	A	G	1/1	0,52
3526873	G	T	0/1	42,42
3529180	CCTA	C	0|1	61,7
3529186	G	GCGCGC	0|1	58,7
3529190	GTC	G	0|1	62,7
3529195	GGCCA	G	0|1	57,7
3529205	T	A	0|1	52,7
3529210	CAACG	C	0|1	56,7
3529216	T	TTCGC	0|1	55,7
3530955	C	G	1/1	0,80
3535184	G	A	0/1	35,30
3535572	C	A	0/1	40,28
3542049	G	A	1/1	0,64
3542219	G	A	0/1	27,39
3547142	T	G	0/1	31,38
3550347	C	T	1/1	0,59
3550789	C	G	1/1	0,71
3556275	A	G	1/1	0,79
3562775	T	C	0/1	47,41
3569508	G	A	0/1	25,30
3569759	C	A	0/1	28,37
3571385	C	T	0/1	28,32
3571828	G	C	0/1	32,37
3576231	T	C	0/1	34,35
3577497	C	T	1/1	0,49
3580636	CT	C	1/1	0,62
3581414	A	G	1/1	0,63
3581476	C	T	0/1	30,32
3581967	G	C	0/1	29,32
3587446	G	A	1/1	0,57
3590686	G	GC	1/1	0,30
3591063	T	C	1/1	0,73
3597249	C	G	1/1	0,66
3600576	C	T	1/1	0,87
3604821	G	C	1/1	0,47
3606329	T	G	0/1	44,29
3610391	A	AC	1/1	0,49
3612813	T	C	1/1	0,57
3614982	T	C	1/1	0,75
3621423	A	G	1/1	0,72
3622441	A	C	1/1	0,53
3625065	T	G	1/1	0,44
3626562	G	A	0/1	32,41
3628520	G	A	1/1	0,53
3638093	G	A	1/1	0,74
3643985	A	C	1/1	0,88
3650189	A	G	0/1	30,36
3653988	G	A	1/1	0,73
3654649	A	C	0/1	36,49
3664457	C	A	0/1	49,39
3665753	G	A	0/1	41,33
3670040	C	T	1/1	0,65
3670070	G	A	0/1	38,37
3674157	T	A	1/1	0,51
3675504	G	T	0/1	31,36
3678249	A	C	1/1	0,71
3679062	G	T	0/1	22,24
3680932	G	A	1/1	0,61
3681548	A	C	1/1	0,53
3684047	G	T	0/1	39,30
3689523	G	T	1/1	0,72
3690016	A	G	1/1	0,80
3690950	T	TAGCTCGGCGACGATGCACGCCGCGCAGCGGCGTGAGGAGGAGCCGAGCAGTCCAACAC	1/1	1,10
3693681	A	C	1/1	0,73
3694289	C	A	0/1	30,23
3704596	G	C	1/1	0,70
3704770	A	G	1/1	0,61
3709472	C	G	0/1	41,38
3714211	G	T	1/1	0,61
3714757	A	C	1/1	0,61
3718357	C	T	1/1	0,59
3721806	G	C	1/1	0,41
3727145	G	A	0/1	43,33
3742991	A	AG	0/1	30,26
3743656	G	A	1/1	0,63
3773513	G	A	0/1	30,36
3775409	T	C	1/1	0,68
3775441	A	C	1/1	0,64
3778011	G	A	1|1	0,61
3778012	G	T	1|1	0,61
3778396	C	T	1/1	0,69
3792765	C	A	0/1	22,44
3794867	C	CCA	1/1	0,65
3796950	T	C	0/1	46,40
3797827	C	CTGAACCGCCCCGGCATGTCCGGAGACTCCA	0/1	45,7
3798095	A	C	1/1	0,89
3798596	A	G	1/1	0,55
3798732	G	C	0/1	23,35
3804299	G	A	0/1	19,26
3807416	T	C	0/1	41,29
3811672	G	T	1|1	0,55
3811675	A	G	1|1	0,54
3815477	G	T	1/1	0,72
3816078	A	T	0/1	33,33
3817117	C	A	1/1	0,63
3821845	G	T	1/1	0,59
3823159	A	T	1/1	0,79
3823194	T	C	0/1	44,45
3826501	C	T	0/1	36,35
3826684	C	T	1/1	0,80
3829770	T	C	1/1	0,68
3830349	C	T	1/1	0,72
3830695	A	G	1/1	0,54
3834486	T	C	0/1	32,37
3838871	A	G	1/1	0,80
3851887	A	C	1|1	0,26
3851888	T	C	1|1	0,26
3859893	C	T	1/1	0,65
3860678	C	T	0/1	25,31
3862472	GA	G	1/1	0,28
3863138	G	A	0/1	15,28
3863681	C	G	0/1	41,23
3864995	T	C	1/1	0,59
3868586	G	C	0/1	35,39
3870010	A	G	1/1	0,69
3871246	T	C	1/1	1,68
3873497	G	GCC	0/1	14,28
3874206	G	A	0/1	42,35
3874722	AT	A	1/1	0,66
3877421	A	G	1/1	0,64
3880239	C	CGTCCGGCTCCTCCTCGGACCACTACGCGGCCCGCATCGTCGCCGACCAAATCCAACT	1/1	0,35
3883178	A	C	0/1	35,28
3885886	T	C	1/1	0,71
3892671	A	G	1/1	0,77
3893480	G	A	1/1	0,69
3894015	C	T	0/1	45,47
3895727	C	A	1/1	0,72
3896340	T	G	1/1	0,64
3898408	A	G	1/1	0,74
3902318	A	AT	0/1	33,24
3902910	G	C	0/1	27,38
3906311	G	A	1/1	0,61
3908465	A	G	0/1	24,24
3909235	G	C	1/1	0,74
3916386	G	T	0/1	34,39
3926308	G	T	0/1	29,43
3952800	G	A	1/1	0,56
3954994	C	T	0/1	27,41
3958403	A	G	1/1	0,65
3959418	C	T	1/1	0,75
3959730	T	C	0/1	36,38
3962187	G	A	1/1	0,83
3964518	G	A	1/1	0,54
3967599	A	G	0/1	41,58
3968006	A	C	0/1	32,45
3970594	C	G	1/1	0,69
3976595	G	T	0/1	48,37
3979990	C	G	1/1	0,73
3981983	G	A	1/1	0,79
3984321	G	A	1/1	0,64
3985254	G	T	0/1	31,42
3987370	CG	C	1/1	0,64
3993058	G	A	1/1	0,78
3999710	C	T	0/1	30,33
4001622	T	C	1/1	0,48
4005114	G	C	1/1	0,62
4005607	T	C	1/1	0,55
4008747	A	G	1/1	0,39
4022388	G	A	1/1	0,62
4024273	T	C	1/1	0,55
4026899	G	A	1/1	0,70
4028578	A	G	0/1	35,33
4028752	A	G	1/1	0,62
4033577	A	G	0/1	29,30
4034827	C	T	1/1	0,80
4040976	A	C	0/1	25,22
4041581	C	T	1/1	0,70
4050811	G	A	1/1	0,71
4051189	C	A	0/1	21,30
4055332	AGAG	A	0|1	34,32
4055337	G	C	0|1	33,32
4055801	G	A	1/1	0,75
4056416	C	A	1/1	0,71
4056693	G	T	1/1	0,77
4059143	A	C	0/1	29,20
4059904	A	G	1/1	0,59
4062775	A	C	0/1	41,29
4069292	G	A	1/1	0,66
4075422	T	C	0/1	34,34
4080525	C	T	0/1	28,39
4089058	T	C	1/1	0,57
4095001	CG	C	1/1	0,44
4095295	T	C	1/1	0,75
4095478	G	A	0/1	24,34
4100975	T	C	1/1	0,47
4104877	G	A	0/1	26,21
4107074	T	C	1/1	0,61
4109342	G	A	0/1	32,34
4111117	C	T	0/1	18,23
4111303	G	C	1/1	0,49
4112429	T	C	1/1	0,66
4115890	G	C	1/1	0,75
4116610	G	A	0/1	40,29
4122287	G	T	1/1	0,66
4123770	G	A	0/1	26,33
4124321	G	A	0/1	28,24
4124349	GCC	G	1/1	0,56
4127994	G	A	0/1	39,32
4133316	A	T	1/1	0,66
4137829	C	T	0/1	36,27
4139947	G	T	0/1	25,31
4145737	A	G	1/1	0,65
4146047	G	A	0/1	24,27
4151855	A	G	1/1	0,64
4156099	C	A	1/1	0,52
4156503	C	T	1/1	0,62
4158493	C	T	0/1	32,32
4159195	T	C	1/1	0,69
4160371	C	A	0/1	34,39
4162339	A	G	1/1	0,62
4166441	G	A	1/1	0,58
4167656	A	G	1/1	0,54
4169763	A	G	0/1	26,24
4169852	G	T	1/1	0,60
4170739	G	C	1/1	0,45
4170964	G	GA	1/1	0,61
4174131	G	C	1/1	0,63
4179089	C	T	1/1	0,65
4179832	G	C	1/1	0,58
4182387	G	C	1/1	0,74
4182695	G	A	1/1	0,65
4186678	G	A	1/1	0,58
4187485	T	C	1/1	0,61
4187817	A	G	1/1	0,73
4189210	G	T	1/1	0,54
4190584	AC	A	0/1	24,19
4191582	G	A	0/1	28,34
4193344	G	T	0/1	40,40
4194501	G	A	0/1	38,36
4197107	A	G	0/1	24,24
4197138	C	CT	1/1	0,48
4198428	G	A	0/1	30,47
4198611	CG	C	1/1	0,56
4204168	T	C	0/1	33,47
4204441	A	G	1/1	0,67
4205120	A	G	1/1	0,66
4205325	A	G	1/1	0,69
4210274	A	G	1/1	0,83
4212832	GACC	G	1/1	2,71
4214988	G	A	0/1	44,33
4215216	G	C	0/1	24,30
4215484	G	C	1/1	0,51
4215793	A	C	0/1	33,30
4217557	A	G	1/1	0,84
4218416	C	A	0/1	39,23
4218941	G	A	0/1	38,28
4221070	AC	A	0/1	27,33
4221423	C	T	0/1	35,29
4221490	C	G	1/1	0,59
4222073	A	G	1/1	0,75
4222882	A	G	1/1	0,61
4223172	T	C	1/1	0,49
4229167	T	C	0/1	21,32
4231859	CGCGGTCTGTGCGCCGGGCGCACGCACCGAATTCGAGCTATTAGCGGCCGCGGCAAGGGACGCATTCGGCCTGGACGTCCACCCAGCGGT	C	1/1	0,89
4234960	A	C	0/1	45,27
4236237	C	T	0/1	36,31
4242643	C	T	1/1	0,56
4243460	C	T	1/1	0,61
4247429	A	G	0/1	39,34
4248115	C	T	0/1	31,27
4250517	A	G	0/1	31,30
4251297	G	C	1/1	0,47
4252066	T	C	1/1	0,71
4252878	T	A	0|1	38,21
4252879	C	CCCACG	0|1	38,21
4252881	T	TTTTTG	0|1	38,20
4254431	G	A	1/1	0,70
4254477	T	C	0/1	38,35
4255922	A	G	1/1	0,72
4256210	G	T	0/1	40,31
4257220	A	G	1/1	0,77
4258106	G	A	0/1	31,30
4262388	C	T	1/1	0,78
4264381	G	GC	1/1	0,57
4267647	T	C	1/1	0,55
4280708	G	A	1/1	0,57
4284429	G	A	1/1	0,75
4287017	G	A	0/1	23,30
4287164	A	G	1/1	0,72
4290135	C	T	1/1	0,43
4291611	T	C	0/1	34,27
4296015	G	A	1/1	0,80
4303498	T	TG	0/1	30,26
4305063	G	GA	1/1	0,86
4305402	A	C	0/1	47,37
4306155	C	T	1/1	0,49
4307179	G	A	1/1	0,78
4308395	G	A	1/1	0,58
4309927	T	G	0/1	26,25
4311664	C	T	0/1	32,35
4313128	C	T	1/1	0,58
4314645	A	G	1/1	0,52
4314800	G	A	1/1	0,47
4319985	G	C	1/1	0,65
4322039	AC	A	1/1	0,73
4326333	C	G	0/1	24,31
4329782	G	A	1/1	0,76
4338595	GC	G	1/1	0,73
4338732	G	A	1/1	0,68
4338794	T	C	0/1	35,47
4340028	G	C	1/1	0,52
4342509	C	G	0/1	24,26
4350305	G	A	0/1	34,36
4351039	G	T	1/1	0,79
4356110	G	C	1/1	0,78
4357597	C	G	1/1	0,45
4357804	T	G	1/1	0,42
4359164	G	GC	1/1	0,34
4359165	G	GTGATCGGGGTTCCCGGGGTGATCGGGGTTCCCGGC	1/1	0,34
4359653	C	T	1/1	0,68
4359828	G	A	1/1	0,68
4362568	T	G	1/1	0,62
4366195	T	C	1/1	0,73
4366272	G	C	1/1	0,69
4368084	G	C	1/1	0,79
4370038	G	T	0/1	32,24
4370265	A	C	0/1	29,49
4370678	T	C	0/1	36,38
4372353	G	C	1/1	0,77
4377999	C	A	0/1	40,36
4378504	T	C	1/1	0,74
4379044	CG	C	1/1	0,60
4379680	C	G	1/1	0,74
4381403	G	C	0/1	37,21
4382054	T	C	1/1	0,59
4382275	G	T	1/1	0,58
4383144	C	CCGGGG	1/1	0,73
4383655	A	G	1/1	0,62
4384007	C	G	1/1	0,44
4384127	A	G	0/1	33,22
4386228	T	C	1/1	0,68
4386896	G	A	0/1	32,30
4393178	A	G	1/1	0,52
4393590	C	G	0/1	37,29
4397736	C	T	1/1	0,71
4400660	AC	A	1/1	0,54
4400839	T	C	0/1	32,21
4404610	C	T	0/1	35,23
4407588	T	C	1/1	0,66
4407927	T	G	1/1	0,71
4407967	A	G	0/1	39,38
4408899	G	A	0/1	30,38
4408923	C	T	1/1	0,63
