1599	G	A	0/1	34,89
1849	C	A	0/1	94,94
1977	A	G	1/1	0,197
4013	T	C	1/1	0,197
4314	C	G	0/1	95,76
4399	G	T	0/1	111,95
4484	G	C	0/1	87,77
7362	G	C	1/1	0,196
7585	G	C	1/1	0,183
7892	G	A	0/1	76,104
9304	G	A	1/1	0,198
11820	C	G	0/1	99,78
11879	A	G	1/1	0,175
11987	T	G	0/1	99,92
12555	C	T	0/1	96,94
13569	G	A	0/1	99,88
14785	T	C	1/1	0,204
14861	G	T	0/1	103,93
15117	C	G	0/1	79,86
16119	C	A	0/1	102,106
21795	G	A	1/1	0,175
24669	T	C	0/1	99,108
24698	GCCGCGTTGCTCGGGGTAA	G	0/1	94,93
25610	G	C	0/1	107,109
26959	C	G	1/1	0,188
28366	AT	A	0/1	107,101
30863	GCA	G	0/1	77,84
31620	CG	C	0/1	108,99
32130	C	T	0/1	68,98
34044	T	C	1/1	0,213
34616	G	C	0/1	76,74
35608	C	T	0/1	107,99
36008	G	C	0/1	104,96
37031	C	G	1/1	1,188
37305	C	G	0/1	87,93
38199	C	T	0/1	122,106
39158	C	G	0/1	93,87
39848	C	T	0/1	93,97
42281	C	A	0/1	96,96
42967	G	C	1/1	0,196
44675	T	C	0/1	97,85
44768	A	G	0/1	105,79
49360	C	T	0/1	95,91
49690	GCC	G	0/1	86,97
50557	T	C	0/1	103,81
51949	A	G	0/1	92,89
54394	A	G	0/1	103,105
55546	G	GCCT	0/1	78,83
58248	A	C	0/1	79,78
62049	A	G	1/1	0,162
63146	G	T	0|1	107,100
63148	G	T	0|1	100,102
65150	C	T	0/1	100,82
67069	G	GGCCGGAGAC	0|1	97,86
67071	T	TGGCATCGCCACAATCGGTGGG	0|1	96,85
68337	T	TC	0/1	96,90
69989	G	A	1/1	0,183
70267	G	T	0/1	103,93
70816	A	G	1/1	0,186
71336	G	C	1/1	0,98
71453	TC	T	0/1	59,44
71584	C	CCGAGCGCTGTTCTGGCGCTAATCTGACGCTAGAATAG	1/1	0,108
72268	C	G	0/1	127,98
75233	C	A	0/1	99,69
75858	C	T	0/1	118,89
75940	G	C	1/1	0,212
79480	T	C	0/1	82,74
83500	C	G	0/1	96,83
86919	A	C	0/1	89,97
87468	C	T	0/1	103,96
92199	T	G	1/1	0,198
94388	G	A	0/1	88,76
96894	C	T	0/1	92,95
97304	T	G	0/1	83,67
97350	A	C	0/1	68,81
99162	TCGGTGTGCG	T	0/1	74,88
102487	C	T	0/1	104,108
110960	C	T	0/1	118,99
113142	G	A	0/1	76,96
116000	T	G	1/1	0,165
117976	T	C	0/1	68,103
122109	A	G	1/1	0,164
122310	T	G	0/1	104,97
123143	C	T	0/1	105,111
123454	C	T	0/1	92,89
123520	T	C	0/1	100,93
125560	A	G	0/1	91,85
125830	G	GA	1/1	0,169
128469	C	A	0/1	83,88
131174	T	TG	1/1	0,185
133839	C	T	1/1	0,203
135329	C	T	0/1	95,103
138244	C	T	0/1	103,96
139297	G	T	0/1	79,108
141623	G	A	0/1	97,74
143207	T	C	0/1	87,77
146087	T	C	1/1	0,175
146236	C	G	0/1	98,86
146518	C	T	0/1	95,102
147093	A	AT	0/1	89,94
147262	G	T	0/1	73,96
151000	C	T	0/1	91,77
154283	T	C	1/1	0,193
162151	GT	G	0/1	88,93
163705	C	T	0|1	83,81
163706	C	T	0|1	82,84
181802	C	T	0/1	90,90
183091	C	G	0/1	84,74
183452	C	T	0/1	98,101
185677	G	A	0/1	105,93
190816	A	C	0/1	93,90
194305	C	CGG	0/1	102,97
194681	G	C	1/1	0,190
195682	C	G	0/1	102,100
196642	C	T	1/1	0,197
197705	G	A	0/1	116,102
199470	T	G	0/1	96,100
203038	T	C	0/1	95,85
204426	T	C	0/1	90,85
205966	A	C	0/1	108,112
206339	T	C	1/1	0,156
206481	C	G	0|1	64,86
206484	G	T	0|1	66,89
213147	C	A	0/1	85,98
213281	C	T	0/1	111,111
213335	C	G	0/1	94,103
215977	C	T	0/1	82,92
217133	C	T	0/1	93,94
217201	T	C	0/1	98,98
222303	C	T	0/1	84,109
222925	G	A	0/1	86,89
223942	T	C	1/1	0,216
225323	T	C	1/1	0,172
227098	T	C	1/1	0,198
228687	C	T	0/1	89,92
230170	C	T	0/1	81,85
230576	G	GT	0/1	101,85
231114	C	G	1/1	0,194
233987	A	G	0/1	82,93
234477	T	G	1/1	0,82
234496	C	CGT	1/1	0,87
236015	G	A	0/1	92,85
244550	A	G	0/1	88,72
249522	T	C	0/1	107,95
251575	G	A	0/1	95,82
253004	A	G	0/1	89,83
255660	G	A	0/1	100,103
258430	C	T	0/1	121,103
261869	T	C	1/1	0,177
262268	A	T	0/1	95,100
264129	G	A	0/1	123,94
265554	A	C	1/1	0,204
266076	C	T	0/1	91,92
267751	G	C	0/1	100,74
267859	A	ATTAT	0/1	88,60
270430	G	C	0/1	87,99
278021	T	C	0/1	107,88
278681	C	G	1/1	0,193
280860	C	T	0/1	88,102
281316	C	T	0/1	89,105
281970	A	G	0/1	91,85
282892	C	T	0/1	88,84
283610	G	A	0|1	90,76
283614	T	C	0|1	90,84
285772	A	C	1/1	1,179
285871	A	G	1/1	0,181
288944	G	A	0/1	93,80
292864	T	C	0/1	100,72
293628	A	AC	0/1	63,64
298467	T	G	0/1	97,104
303153	C	T	0/1	84,100
304923	A	G	0/1	68,59
305188	G	T	0/1	81,82
310336	C	T	0/1	95,100
310973	G	A	1/1	0,175
311613	G	T	1/1	1,209
313788	C	T	0/1	98,112
319585	C	G	0/1	84,80
324804	G	A	0/1	115,91
325505	T	C	0/1	102,77
329095	T	G	0/1	86,94
331697	A	G	0/1	68,84
336322	CAA	C	0|1	28,39
336325	T	G	0|1	28,39
336327	C	CGG	0|1	27,39
336332	G	C	0|1	26,44
336344	A	G	0|1	18,47
336345	T	C	0|1	18,47
336353	C	T	0|1	17,48
336356	GGAA	G	0|1	16,49
336360	C	CCTCCCCG	0|1	13,49
336369	C	T	0|1	10,58
336370	A	G	0|1	10,59
336380	A	T	1|1	2,86
336400	C	G	1|1	0,86
336403	C	G	1|1	0,86
336405	A	G	1|1	0,85
336422	TTG	T	1|1	0,56
336428	A	G	1|1	0,59
336431	C	T	1|1	0,58
336439	A	G	1|1	0,56
336441	C	T	1|1	0,56
336442	G	A	1|1	0,55
336449	T	C	1|1	0,54
336451	T	G	1|1	0,55
336452	A	G	1|1	0,55
336459	G	A	1|1	0,54
336468	G	GCGTCC	1|1	0,45
336472	C	CAG	1|1	0,47
336473	T	G	1|1	0,45
336476	A	AGTCG	1|1	0,45
336480	A	G	1|1	0,45
336504	G	T	1/1	0,67
336535	T	G	1|1	0,73
336537	T	G	1|1	0,75
336540	G	T	1|1	0,79
336546	T	G	1|1	0,82
336557	C	CT	1|1	0,89
336560	T	C	1|1	0,87
339088	T	G	0|1	116,17
339090	C	CGG	0|1	117,17
339095	G	C	0|1	124,9
342146	A	C	0/1	94,76
346275	C	G	1/1	0,182
349200	G	A	0/1	105,91
352555	T	C	0/1	68,93
353309	G	A	0/1	89,71
353365	G	A	0/1	102,89
356528	A	G	1/1	0,206
363464	G	A	0/1	102,88
376774	T	C	1/1	0,171
379528	G	T	0/1	102,87
383716	C	T	0/1	87,73
384380	A	C	1/1	0,150
384635	T	C	0/1	58,82
384842	C	T	0/1	73,77
386432	C	G	1/1	0,190
390828	T	C	1/1	0,196
391853	A	G	0/1	106,90
392261	T	C	0/1	69,68
394044	A	ACGTCTTTGCCGAGAATCGCGGGGGCTCGGCAGCGCGCGGATCACCACATGATCGGACAACCCAATCGG	0|1	99,63
394047	G	GCTCACCCATTATCAGCGCGGCCGTCGGCGGTCACCTCTTCGTTGGCAAGCTGCCGTCGTTCCTGCGTCCCGTGCTGGCAC	0|1	86,19
396199	T	C	0/1	87,82
397347	C	T	0/1	91,91
402041	CTCG	C	0/1	89,88
403484	C	T	0/1	84,90
403980	G	A	1/1	0,193
404326	T	C	1/1	0,161
413225	C	T	0/1	96,96
413992	G	T	0/1	97,93
414486	C	T	1/1	0,172
420008	A	G	1/1	0,193
435706	C	T	0/1	105,94
438442	G	A	0/1	93,104
438832	C	T	0/1	97,88
439672	C	T	0/1	91,96
441823	C	T	0/1	92,108
445780	C	T	0/1	86,110
449943	C	T	0/1	105,78
451916	C	T	0/1	71,92
454295	T	C	1/1	0,146
454333	T	G	0/1	83,73
456594	T	C	0/1	89,97
457452	T	G	1/1	0,138
459399	A	C	1/1	0,130
465300	C	T	0/1	97,106
471991	CG	C	0/1	111,110
472711	TTTGTGGGCC	T	0/1	76,84
477234	T	G	0/1	70,62
483935	T	G	0/1	90,87
484596	C	T	0/1	111,99
485810	CA	C	0/1	116,87
489935	G	C	1/1	0,179
491742	T	C	0/1	89,112
492150	G	C	0/1	70,103
497491	G	A	0/1	85,70
498531	A	G	0/1	89,80
498557	C	A	0/1	91,80
502589	C	G	1/1	0,189
503354	G	C	1/1	0,200
505974	G	A	0/1	90,93
507028	GC	G	0/1	85,76
513257	T	C	1/1	0,137
514062	G	A	0/1	100,93
517358	T	C	0/1	114,90
518987	C	T	0/1	95,103
524891	C	A	0/1	90,91
532758	A	C	0/1	94,104
533547	C	G	0/1	85,88
541201	A	G	1/1	0,183
542014	C	G	0/1	76,93
546357	A	G	0/1	107,83
549363	C	G	0/1	80,82
551525	A	C	1/1	0,165
552713	C	G	0/1	95,89
555612	G	C	0/1	93,104
555991	A	G	0/1	95,109
557102	G	A	0/1	105,95
557688	G	A	0/1	93,105
561776	C	T	0|1	89,84
561777	C	T	0|1	89,84
565655	A	G	0/1	109,86
569950	C	T	0/1	56,52
570543	A	T	0/1	97,102
572591	C	T	0/1	77,71
572996	C	A	0/1	91,111
573262	A	G	1/1	0,145
574012	C	T	0/1	79,72
583171	A	C	0/1	89,79
584171	T	C	0/1	97,91
584654	C	A	0/1	113,100
590436	T	C	1/1	0,179
593144	C	G	0/1	109,93
595335	A	AGCCCTATTGCCCGGCTCCTCCTCGCCCCGCTGCGCGGGTCGCATCGTCGCCAGGCTGG	0/1	1,0
597816	A	G	1/1	0,155
598475	G	A	1/1	0,168
599868	A	G	0/1	94,80
610120	T	G	1/1	1,184
611048	T	G	0/1	88,94
620029	C	T	0/1	86,110
620625	A	G	0/1	89,98
625790	G	A	0/1	88,102
627485	G	A	0/1	91,88
628864	T	C	0/1	107,96
637319	G	A	1/1	0,179
640954	A	G	0/1	87,82
648002	T	G	1/1	0,186
648856	T	C	0/1	97,89
652642	G	A	0/1	93,97
654580	C	T	0/1	67,97
654719	G	A	0/1	94,96
655986	T	G	0/1	93,98
657081	C	T	0/1	109,88
657142	C	T	0/1	117,89
659341	T	C	0/1	90,97
661524	T	C	0/1	108,99
662911	T	C	0/1	118,116
663803	G	A	0/1	98,97
665293	A	G	1/1	0,149
669033	T	A	0/1	90,94
669398	T	C	1/1	0,172
670545	G	A	1/1	0,78
682717	T	TG	0/1	100,78
683829	C	T	0/1	91,88
684019	A	G	0/1	86,94
685461	C	G	1/1	0,183
685608	T	C	1/1	0,184
686972	T	C	1/1	0,154
688792	T	TG	0/1	99,112
690191	C	T	0/1	71,87
690450	A	C	0/1	92,111
690465	T	G	1/1	1,206
691788	G	A	0/1	87,93
694531	A	G	0/1	99,97
696917	G	T	0/1	100,85
698968	G	A	1/1	0,208
707334	T	C	0/1	84,85
712693	A	G	0/1	85,79
713310	T	C	0/1	74,82
714145	C	T	0/1	86,103
721373	T	G	0/1	87,90
721610	C	G	0/1	96,101
721682	C	T	0/1	114,88
725190	G	A	0/1	76,84
735010	C	T	0/1	92,84
738522	T	G	0/1	92,108
741367	G	A	0/1	78,91
754186	A	G	1/1	0,178
757139	C	A	0/1	80,96
757182	A	G	0/1	91,84
763031	T	C	0/1	84,90
767414	G	A	0/1	86,81
773497	C	A	0/1	91,85
775639	T	C	1/1	0,201
776100	G	A	0/1	95,110
776312	T	G	0/1	94,96
778243	T	G	0/1	95,97
779615	G	C	0/1	107,112
781395	T	C	1/1	0,196
783078	C	T	0/1	79,92
797736	C	T	0/1	95,87
798355	G	C	0/1	93,89
799274	C	T	0/1	98,95
799666	A	G	0/1	99,82
801426	C	T	0/1	98,118
801697	G	A	0/1	91,97
804731	G	A	0/1	108,95
809840	G	GC	0/1	91,80
811753	C	T	0/1	91,107
820483	G	T	1/1	0,176
820752	C	T	0/1	102,71
824364	G	GT	0/1	119,89
830868	G	GGC	0/1	106,70
835611	C	T	0/1	76,91
841178	G	A	0/1	71,77
841764	G	C	1/1	0,173
842030	C	T	0/1	87,71
847995	T	C	0/1	101,82
852910	C	T	1/1	0,145
854252	GC	G	1/1	1,193
856188	A	G	0/1	102,92
857696	A	G	1/1	0,224
861216	T	G	0/1	95,108
866051	G	A	0/1	78,96
869278	C	T	0/1	90,99
874835	C	CCG	1/1	0,182
876141	G	T	0/1	106,102
880562	G	T	1/1	0,178
882257	T	C	1/1	0,170
892416	C	T	0/1	111,104
893733	T	G	1/1	0,187
900221	T	C	1/1	0,158
903537	G	T	0/1	107,100
903550	T	C	1/1	0,208
903913	T	C	1/1	0,173
906857	A	G	1/1	0,196
907106	A	C	0/1	86,87
919351	A	C	0/1	73,92
931123	T	C	0/1	102,105
932280	T	C	0/1	92,94
934230	C	G	0/1	85,77
934611	G	T	0/1	91,79
937783	C	T	0/1	77,96
940602	C	G	0/1	105,87
941845	C	A	0/1	112,93
945214	G	A	1/1	0,180
949535	T	C	1/1	0,152
955524	A	G	1/1	0,175
957117	T	C	0/1	95,81
960367	A	G	0/1	88,91
970439	C	A	0/1	90,57
972980	C	T	0/1	94,100
973290	G	A	0/1	82,65
979704	G	C	1/1	0,189
983237	G	A	0/1	128,103
985071	G	A	0/1	65,75
986463	G	C	1/1	0,200
987585	A	AG	0/1	91,82
990001	G	C	1/1	0,184
991076	G	C	0/1	97,88
993346	A	C	1/1	0,191
993566	C	T	0/1	73,75
996205	T	C	0/1	104,96
999591	C	A	0/1	89,90
1010204	C	CG	1/1	0,179
1011511	A	C	0/1	94,83
1016101	C	G	0/1	83,90
1022003	A	C	0/1	88,96
1024346	A	G	0/1	95,76
1025106	T	C	1/1	0,208
1034208	CGCT	C	0/1	95,91
1034758	C	T	0/1	93,102
1037012	T	C	1/1	0,188
1037544	C	T	0/1	91,87
1037911	C	T	1/1	0,207
1039586	A	G	0/1	92,88
1039731	G	T	0/1	92,96
1044381	T	C	0/1	68,92
1047165	T	C	1/1	0,156
1050146	G	C	0/1	113,104
1054784	C	G	0/1	111,89
1060301	A	C	0/1	85,90
1068151	T	C	1/1	0,184
1068432	A	G	1/1	0,188
1070702	T	C	1/1	0,153
1071966	A	G	0/1	92,92
1074558	G	A	1/1	0,194
1075279	T	C	1/1	0,186
1076309	G	T	1/1	0,187
1076689	A	C	0/1	85,68
1076880	C	T	0/1	96,88
1077312	A	G	1/1	0,154
1079697	G	C	0/1	116,96
1079927	C	A	1/1	0,225
1080192	G	A	0/1	99,94
1081681	T	C	1/1	0,171
1087193	G	C	1/1	0,202
1090188	A	AG	0/1	94,85
1097163	G	A	0/1	114,94
1097220	C	T	0/1	98,102
1097442	C	T	0/1	89,102
1098523	T	A	0/1	90,93
1099058	G	A	0/1	97,89
1100234	T	C	1/1	0,180
1102117	G	A	0/1	90,96
1102468	C	A	0/1	92,91
1102646	G	A	0/1	105,98
1104690	T	G	0/1	97,115
1106422	T	C	1/1	0,215
1107940	A	C	0/1	89,94
1109975	A	G	1/1	0,189
1126889	G	C	1/1	0,186
1127493	T	C	0/1	105,82
1127648	C	A	1/1	0,182
1129079	T	G	0/1	94,94
1129926	G	C	0/1	90,109
1131215	G	A	0/1	89,99
1144585	A	G	0/1	103,119
1145282	T	TTTTAA	0|1	128,3
1145283	G	T	0|1	127,10
1145286	C	T	0|1	132,15
1145287	G	A	0|1	131,15
1145293	G	A	0|1	127,15
1145302	T	A	0|1	125,16
1145306	T	A	0|1	122,17
1145848	A	C	0/1	70,73
1147030	C	T	0/1	88,98
1148259	A	G	0/1	76,86
1149551	C	T	1/1	0,208
1150585	G	A	1/1	1,158
1151054	C	G	0/1	93,96
1164336	G	A	0/1	87,83
1164571	A	G	0/1	88,103
1165817	G	T	0/1	84,81
1166370	G	GT	0/1	76,90
1168009	GC	G	0/1	83,96
1168715	C	CT	1/1	0,190
1168776	T	G	0/1	94,96
1172085	C	A	0/1	87,99
1173750	G	T	0/1	89,88
1175343	C	T	0/1	89,76
1178116	T	C	1/1	0,194
1178823	C	T	0/1	72,101
1178892	T	C	0/1	120,94
1179661	C	T	0/1	76,104
1180082	G	C	0/1	91,94
1184458	G	A	0/1	87,90
1197157	T	G	0/1	102,99
1197643	C	A	0/1	119,87
1200418	A	G	1/1	0,176
1201581	A	C	0/1	96,77
1211369	A	C	0/1	106,101
1215742	G	A	0|1	83,79
1215743	C	A	0|1	82,83
1220680	T	C	1/1	0,180
1224367	T	C	1/1	0,98
1227830	G	T	0/1	74,103
1230778	G	A	0/1	97,101
1241596	G	A	0/1	100,103
1248382	A	G	0/1	90,90
1248936	G	C	0/1	87,83
1248978	T	C	1/1	0,193
1250340	A	G	0/1	76,72
1251199	C	T	0/1	84,80
1253122	C	T	0|1	115,4
1253123	T	TTTTTAATGATA	0|1	115,5
1253125	GTCGACCGCGAC	G	0|1	129,19
1254562	A	G	0/1	93,94
1262172	C	T	0/1	91,97
1273250	G	GA	0/1	89,99
1275957	T	C	0/1	109,94
1280658	G	T	0/1	89,108
1281118	T	C	1/1	0,214
1281771	T	C	0/1	82,94
1285001	A	C	0/1	86,78
1288698	G	A	0/1	99,104
1292102	A	G	1/1	0,161
1294761	C	T	0/1	58,80
1300242	T	C	0/1	111,87
1302927	C	T	0/1	97,93
1305971	C	T	0/1	77,89
1306259	A	G	0/1	85,104
1307598	C	G	1/1	0,189
1312065	A	C	0/1	79,74
1313337	A	AG	1|1	0,80
1313338	A	C	1|1	0,78
1315191	A	C	1/1	0,191
1315884	G	A	1/1	0,129
1317655	C	T	0/1	88,84
1320253	C	T	0/1	112,91
1322741	A	G	0/1	79,85
1327890	G	A	1/1	0,161
1328687	G	C	1/1	0,167
1329234	G	A	0/1	86,85
1335396	CCG	C	0/1	78,84
1349733	G	C	0/1	128,89
1351172	A	G	0/1	91,80
1351440	G	A	0/1	66,61
1351724	C	T	0/1	74,81
1360209	T	C	0/1	75,81
1361190	G	A	0/1	91,89
1361285	C	T	0/1	94,90
1362006	T	C	0/1	92,94
1363759	G	A	0/1	86,73
1366024	G	A	0/1	98,119
1367484	T	G	0/1	103,89
1368322	C	CG	0/1	86,92
1370852	T	G	0/1	117,78
1374065	T	C	1/1	0,169
1374201	A	G	0/1	95,111
1375044	C	G	0/1	111,102
1375724	A	C	1/1	0,200
1376886	G	T	0/1	72,93
1382628	T	C	1/1	0,182
1388246	T	C	0/1	97,107
1389522	G	A	0/1	89,99
1390763	C	T	0/1	87,100
1393626	A	G	1/1	0,130
1393926	T	G	0/1	102,102
1396922	T	C	1/1	0,197
1404949	A	C	0/1	103,83
1406760	T	TG	0/1	109,83
1411210	T	G	1/1	0,178
1413129	CG	C	0/1	57,64
1413148	C	T	1/1	0,128
1414021	C	T	1/1	0,198
1414767	C	A	0/1	88,90
1426754	C	T	0/1	85,100
1435763	C	T	0/1	89,82
1440469	C	G	1/1	0,159
1443191	GT	G	0/1	99,83
1443428	G	GGGTTAGATTGCCCGGCTCCTCAACCCGCCGTTTCGGCGTGCATCGTCGCCGGGCTA	0/1	36,31
1445180	CT	C	0/1	74,97
1445781	A	G	1/1	0,165
1446355	C	G	0/1	91,94
1448381	A	G	0/1	78,85
1457144	C	T	1/1	0,173
1459550	T	C	0/1	96,96
1471659	C	T	1/1	0,181
1472215	A	G	0|1	202,18
1472225	C	A	0/1	197,25
1472228	G	C	0|1	216,16
1472234	T	C	0|1	212,19
1472251	G	C	0/1	192,25
1472259	C	A	0/1	190,28
1472279	T	G	0/1	209,18
1472328	G	C	0/1	176,5
1472338	A	C	0/1	174,28
1472344	C	T	0/1	172,38
1477078	CGGGCGAATTATGGCTTCGATTTTCGCAATGACGATACCCTCGCGGGCG	C	0/1	83,68
1477522	C	A	0/1	89,87
1479085	T	C	0/1	100,85
1482627	T	C	1/1	0,189
1483306	T	TA	0/1	99,95
1484708	A	C	1/1	0,149
1490905	A	G	0/1	86,82
1498951	G	T	0/1	90,118
1499274	C	G	1/1	0,211
1501700	G	A	0/1	99,91
1507626	C	T	0/1	103,103
1522856	C	T	0/1	100,91
1526819	C	A	1/1	0,161
1536251	G	T	1/1	0,194
1540141	T	C	0/1	80,91
1541798	C	T	0/1	83,81
1544255	C	T	0/1	100,95
1545238	G	T	0/1	78,80
1546476	T	C	0/1	100,85
1546703	C	T	0/1	95,99
1547125	T	C	1/1	0,193
1550530	C	T	0/1	86,103
1552547	G	A	1/1	0,172
1555801	C	T	0/1	99,87
1556787	T	C	0/1	86,99
1563717	C	T	0/1	98,82
1570566	C	A	1/1	0,164
1576481	T	G	0/1	102,86
1576527	G	T	0/1	111,83
1577241	G	A	0/1	84,97
1581957	T	C	0/1	96,109
1588013	C	T	0/1	156,61
1588899	G	T	1/1	0,192
1593331	G	A	0/1	74,118
1593507	GGGTGAATTACGGTTGGTGGGC	G	0/1	89,101
1594906	G	A	0/1	89,86
1595342	T	C	0/1	92,112
1604835	C	A	0/1	78,86
1608276	A	C	0/1	94,96
1609840	A	G	1/1	0,196
1612624	T	TATCGGTACCGGTGCGCCAGGG	1/1	0,128
1613035	T	C	1/1	0,171
1616061	C	T	0/1	98,92
1617302	G	T	0/1	116,105
1620181	C	G	0/1	90,94
1624791	C	G	1/1	0,181
1625332	C	CGGT	0/1	97,82
1626656	C	T	0/1	83,86
1627351	T	C	0/1	101,101
1630148	A	C	1/1	0,187
1639594	C	A	1/1	0,183
1640474	C	T	0/1	117,94
1645599	C	T	0/1	76,91
1645802	T	C	0/1	93,83
1647436	G	A	0/1	81,86
1650072	A	G	1/1	0,178
1651308	A	G	0/1	103,80
1655248	C	T	0/1	98,99
1657292	G	C	0/1	110,76
1667763	C	T	0/1	68,76
1669158	T	C	0/1	74,86
1674043	G	T	0/1	92,96
1676290	C	A	1/1	0,194
1678706	A	C	0/1	118,111
1679273	C	A	0/1	83,92
1686299	T	G	0/1	80,92
1688064	A	G	0/1	84,86
1688300	T	C	0/1	76,103
1689349	C	T	1/1	0,184
1692141	A	C	1/1	0,189
1692159	C	G	0/1	97,97
1693561	A	G	1/1	0,196
1695037	G	A	0/1	87,93
1695640	C	T	0/1	94,112
1695796	C	T	0/1	75,115
1696671	CA	C	0/1	81,91
1698581	G	C	0/1	100,83
1698911	G	A	1/1	0,167
1699358	G	C	0/1	84,78
1699849	G	A	0/1	95,94
1700268	T	A	0/1	79,104
1701215	C	T	0/1	110,97
1701247	C	T	0/1	97,109
1706119	T	C	1/1	0,191
1706487	C	T	0/1	72,81
1708690	T	G	0/1	104,93
1709432	C	T	0/1	91,87
1711670	C	T	0/1	96,99
1713192	A	G	0/1	68,75
1716472	A	G	0/1	90,73
1719757	G	T	0/1	103,91
1722200	C	G	0/1	66,80
1722228	A	C	0/1	65,82
1726964	C	T	0/1	73,72
1728281	G	A	0/1	91,81
1728837	A	G	1/1	0,184
1733134	C	T	0/1	101,90
1733325	C	G	0/1	100,93
1741146	C	T	0/1	80,84
1753519	G	GC	1/1	0,124
1755699	G	C	0/1	98,93
1756358	CG	C	0/1	75,79
1759252	G	T	1/1	0,184
1760292	A	G	1/1	0,188
1761665	A	C	0/1	87,100
1778430	T	C	1/1	0,195
1792777	T	C	0|1	94,67
1792778	T	C	0|1	93,68
1793977	C	T	0/1	89,112
1798355	G	A	1/1	0,183
1803265	G	A	1/1	0,209
1804409	C	A	1/1	0,197
1806892	A	G	0/1	90,74
1811375	G	T	0/1	99,99
1811796	A	G	0/1	87,103
1817976	A	T	1/1	0,194
1826592	GC	G	0/1	72,90
1828737	C	T	0/1	72,64
1831220	A	C	0|1	98,86
1831226	A	G	0|1	95,81
1831288	C	T	0/1	94,75
1834177	A	C	0/1	101,89
1836286	G	C	1/1	0,180
1839759	G	C	0/1	109,88
1843570	T	TGTCATATGCGCCACTGCTCCTATGCCGGCTGCGCCGGCATCATCGTCGTTGGCGCGG	0/1	51,41
1843658	G	A	0/1	96,82
1847919	C	G	1/1	0,179
1849051	C	T	0/1	90,77
1849609	T	C	0/1	86,97
1854300	T	C	1/1	0,145
1856777	G	C	1/1	0,157
1859559	C	A	0/1	78,126
1869991	G	A	0/1	84,82
1877744	A	C	0/1	93,79
1881343	G	T	0/1	95,100
1885385	T	G	0/1	89,91
1885772	G	A	1/1	0,212
1888373	T	C	0/1	116,100
1892017	T	C	0/1	61,67
1894300	G	GGTCTTGCCGC	1/1	0,168
1894422	A	G	0/1	83,95
1897608	C	T	0/1	84,79
1901493	T	C	1/1	1,193
1901924	T	C	0/1	82,99
1902337	A	C	0/1	94,83
1906078	A	G	0/1	101,107
1907296	G	C	1/1	0,195
1916137	A	G	0/1	75,80
1917972	A	G	1/1	0,196
1924008	G	A	0/1	84,94
1930239	C	T	0/1	108,94
1931179	C	A	1/1	0,129
1933988	G	A	1/1	0,176
1938694	G	A	0/1	101,92
1944107	A	G	0/1	94,91
1944402	T	C	1/1	0,178
1950767	T	C	1/1	0,198
1955673	CAA	C	0/1	112,15
1955678	C	G	0/1	117,11
1955679	G	C	0/1	118,10
1955760	CGAA	C	0/1	92,75
1955930	G	A	0/1	90,86
1955941	G	C	0/1	87,98
1960284	C	A	1/1	0,137
1961735	A	G	0/1	83,100
1967026	C	T	0/1	91,94
1967237	C	A	1/1	0,180
1967543	C	A	0/1	91,106
1969835	G	A	0/1	92,80
1971725	G	C	0/1	91,85
1978266	G	A	0/1	69,81
1980652	G	T	0/1	88,83
1980871	G	C	0/1	82,78
1981605	C	G	0/1	76,97
1986638	G	GTGAAC	0|1	64,24
1986641	C	CCCCGG	0|1	66,22
1986643	G	GAGTCCGGAGACTCT	0|1	67,20
1986646	G	GATCTGAGACCT	0|1	69,12
1986648	A	AGCCGGCGGCTGGT	0|1	69,7
1993808	A	T	1/1	0,90
2003827	A	C	0/1	70,85
2005932	C	T	0/1	95,90
2006174	C	T	0/1	77,109
2009290	GC	G	0/1	99,84
2022868	T	C	1/1	1,191
2023628	C	G	0/1	108,87
2035893	G	T	0/1	80,69
2055271	A	G	1/1	0,177
2055576	C	T	0/1	93,105
2057774	A	T	1/1	0,192
2058203	C	T	0/1	99,94
2058856	A	G	0/1	81,87
2072313	C	A	0/1	103,73
2074754	C	T	0/1	74,71
2075703	C	T	0/1	76,93
2078246	C	G	0/1	72,84
2093998	C	T	0/1	103,112
2094911	ACAGCGT	A	1/1	0,172
2096156	C	T	0/1	99,85
2096186	A	G	1/1	0,175
2097270	C	T	0/1	83,104
2101009	G	C	0/1	99,67
2101397	A	C	0/1	108,97
2104886	G	A	0/1	80,79
2105292	T	G	0/1	85,115
2108141	T	C	1/1	0,186
2108890	A	C	0/1	71,75
2109523	C	CG	1/1	0,196
2109694	T	C	0/1	89,97
2112832	A	C	0/1	104,90
2116903	C	T	1/1	0,181
2119297	G	A	0/1	93,99
2122395	C	T	1/1	0,175
2122976	C	G	0/1	91,88
2123169	T	G	1/1	0,181
2128870	A	G	1/1	0,192
2133468	T	TTCGCATGCCGTCACC	1/1	0,181
2135154	G	T	0/1	92,77
2135870	T	C	1/1	0,161
2136972	C	T	0/1	53,78
2137521	A	ACTCCGATCAC	0/1	82,80
2138453	C	T	0/1	112,102
2141142	C	T	0/1	79,85
2141995	GACGA	G	0/1	86,82
2142266	C	A	0/1	91,91
2143328	G	C	1/1	0,154
2146065	C	CGGCGGTCGCGGCGGGGCGGGCGGTAGAGGCGGCGACGGCGGGCAA	1/1	0,104
2146185	C	A	0/1	81,73
2147022	A	C	1/1	0,171
2151222	T	G	0/1	88,63
2153725	CTCATCCCCGTCTCG	C	0/1	69,69
2154724	C	A	0/1	81,89
2158109	T	C	0/1	98,105
2160998	G	A	0/1	99,100
2161343	G	GT	0/1	79,64
2171855	C	T	0/1	85,88
2172380	A	C	0/1	89,73
2173860	A	C	0/1	94,78
2177366	C	T	0/1	86,75
2179825	G	C	0/1	83,97
2182261	GC	G	0/1	100,78
2185674	A	G	0/1	80,79
2185888	C	T	0/1	88,76
2186054	G	A	0/1	82,85
2187587	G	C	0/1	82,82
2191498	G	T	0/1	87,70
2195864	G	A	0/1	99,82
2199052	C	G	0/1	105,107
2199204	C	A	0/1	85,79
2199860	G	C	0/1	94,84
2202500	C	T	0/1	73,97
2205511	C	T	0/1	103,86
2207591	T	TC	1/1	0,194
2209465	G	A	0/1	77,75
2211826	A	G	1/1	0,191
2212397	C	T	0/1	101,91
2216402	G	C	0/1	57,74
2216443	C	A	1/1	0,136
2217299	G	T	0/1	91,105
2220512	T	G	1/1	0,164
2221584	G	C	0/1	86,90
2223293	T	C	1/1	0,199
2228123	C	T	0/1	98,93
2228790	A	C	0/1	88,76
2228967	A	G	1/1	0,211
2229801	C	G	0/1	81,78
2241031	AG	A	0/1	96,82
2244421	G	T	0/1	95,60
2245864	C	A	0/1	101,95
2246364	A	G	0/1	90,111
2247677	A	C	0/1	79,79
2251605	G	A	0/1	89,82
2251999	A	G	1/1	0,145
2253701	C	G	0/1	91,84
2255904	C	CGAGCCAATTGAGGTCGAATG	0/1	72,72
2260100	C	T	0/1	75,77
2260151	A	G	0|1	168,17
2260154	C	T	0|1	167,17
2260171	T	C	0|1	177,35
2260174	C	T	0|1	178,36
2260196	C	CA	0|1	180,39
2260199	C	T	0|1	183,39
2260212	G	T	0|1	183,37
2260214	G	C	0|1	182,37
2260220	C	T	0|1	188,37
2260222	C	G	0|1	187,37
2260231	T	C	0|1	183,37
2260525	C	T	1/1	1,182
2264782	C	A	1/1	0,185
2265059	T	G	1/1	0,181
2266487	G	C	0|1	166,45
2266504	T	TA	0|1	159,50
2266508	A	T	0|1	163,46
2266511	GT	G	0|1	161,47
2266517	T	C	0|1	161,51
2266550	G	T	0|1	144,76
2266553	C	G	0|1	144,76
2266583	C	G	0|1	135,25
2266598	G	C	0|1	136,27
2266604	C	G	0|1	138,30
2266613	G	GC	0|1	137,32
2266624	G	T	0|1	135,36
2267015	T	C	0/1	93,91
2268433	C	A	0/1	121,89
2268627	G	C	0/1	82,87
2268854	CG	C	0/1	78,62
2269780	T	C	1/1	0,161
2270100	C	T	0|1	86,99
2270102	A	G	1|1	0,186
2271792	C	T	0/1	90,103
2273733	TC	T	0/1	94,78
2280668	G	A	0/1	60,65
2282787	C	T	1/1	0,201
2283191	G	C	0/1	64,73
2283528	C	A	0/1	96,81
2283866	A	C	0/1	87,81
2285251	C	A	1/1	0,176
2286348	A	C	0/1	97,90
2287121	A	G	1/1	0,184
2288085	G	C	0/1	98,108
2290863	C	T	0/1	84,94
2294007	T	C	0/1	93,115
2311099	C	G	0/1	81,80
2314689	C	A	0/1	76,75
2315386	C	A	0/1	85,85
2316676	G	A	0/1	75,91
2319172	A	G	0/1	84,83
2319601	C	T	0/1	93,92
2321975	T	C	0/1	89,96
2325142	G	A	0/1	103,109
2328543	T	C	0/1	82,90
2329533	A	G	1/1	0,169
2329855	G	C	0/1	90,110
2330397	G	A	0/1	102,80
2331620	A	C	0/1	80,69
2331789	G	T	0/1	99,100
2332627	C	G	0/1	77,71
2333190	G	A	0/1	96,94
2334007	A	G	1/1	0,189
2335075	A	G	1/1	0,177
2335494	A	G	1/1	0,196
2337179	C	T	0/1	101,93
2338194	A	AC	0/1	48,32
2341636	C	G	1/1	0,159
2342270	G	A	0/1	96,95
2342649	A	AGGCGTACACAC	0/1	101,88
2344246	G	C	0/1	94,90
2344389	T	A	0/1	82,92
2344499	T	G	0/1	97,86
2345037	C	A	1/1	0,179
2346318	G	A	0/1	85,81
2352065	C	CCTCGCCTGGGCTGGCGAGCAGACGCAAAATCCCCCGCACGCCCGGCGTGTCGGGGGATTTTGCGTCTG	0/1	142,28
2353070	G	A	0/1	88,93
2354791	A	G	0/1	88,69
2356024	G	A	0/1	94,68
2357268	TGCC	T	1/1	0,126
2358029	T	TG	0/1	99,88
2361311	C	T	0/1	76,89
2361604	C	G	1/1	0,162
2362041	C	A	1/1	0,167
2368564	TA	T	1/1	0,169
2369186	G	C	0/1	75,95
2369326	C	G	0/1	84,113
2370814	G	A	0/1	87,81
2376827	C	T	0/1	62,78
2380208	G	GTTTTTTAAT	0|1	111,8
2380209	GC	G	0|1	112,12
2380212	T	TA	0|1	110,13
2380217	C	G	0|1	105,18
2380219	CCCCGAGCTG	C	0|1	123,18
2380240	C	A	0/1	120,28
2384811	G	C	0/1	91,80
2386389	G	A	1/1	0,173
2388641	G	A	0/1	76,82
2390415	G	A	0/1	93,98
2399734	G	A	0/1	86,96
2413246	C	A	0/1	76,64
2413395	G	A	0/1	109,32
2415656	G	C	1/1	0,168
2419540	T	C	0/1	84,75
2420210	G	C	0/1	77,68
2421816	A	G	0/1	86,83
2421975	G	GGGAA	0/1	104,81
2422355	G	T	0/1	82,88
2424925	A	G	1/1	0,205
2425471	T	C	0/1	106,90
2427088	C	T	0/1	80,73
2440926	G	T	0/1	99,78
2446408	G	A	0/1	99,96
2448458	C	T	0/1	84,107
2462871	G	A	0/1	79,75
2464419	G	T	0/1	88,94
2470591	A	C	0/1	79,90
2474250	GACAGATAA	G	0/1	98,95
2481565	T	C	0/1	91,91
2485833	C	T	0/1	91,97
2491597	G	T	0/1	101,104
2499348	C	T	0/1	87,90
2499726	G	A	1/1	0,189
2505085	G	A	0/1	85,84
2509140	G	C	1/1	0,189
2509722	A	G	1/1	0,195
2510350	C	G	0/1	89,84
2515146	A	C	0/1	95,101
2516567	G	C	0/1	87,87
2520761	G	A	0/1	95,99
2521342	T	C	1/1	0,189
2521428	A	G	0/1	94,91
2523205	G	GCGC	1/1	0,83
2525722	CG	C	1/1	0,190
2526974	T	C	0/1	91,64
2528992	G	A	0/1	96,80
2529680	A	G	1/1	0,179
2533377	T	C	0/1	93,98
2534562	GGA	G	1/1	0,205
2536599	C	T	0|1	64,90
2536628	G	GA	0|1	59,78
2543370	T	C	0/1	93,85
2543395	T	C	0/1	97,95
2544639	C	T	0/1	91,121
2546367	T	G	0/1	73,44
2546684	C	A	0/1	105,81
2548700	C	T	0/1	85,70
2551576	C	G	0|1	97,105
2551577	T	C	0|1	97,105
2552794	C	T	0/1	105,109
2561917	T	C	0/1	111,85
2562644	G	T	0/1	116,95
2564368	G	GC	0/1	100,83
2566766	C	CG	0|1	100,85
2566768	A	C	0|1	101,87
2573756	C	A	0/1	76,86
2578626	A	G	0/1	94,85
2581052	G	A	0/1	117,88
2581709	G	C	0/1	102,86
2586076	C	G	0/1	101,101
2586127	A	G	1/1	0,192
2589036	G	C	0/1	90,115
2589216	G	C	0/1	107,112
2591437	T	C	0/1	178,95
2592310	G	A	0/1	225,81
2597696	C	T	0/1	76,85
2598400	A	G	1/1	0,210
2600260	A	G	0/1	110,81
2608117	C	A	0/1	85,82
2612256	G	T	0/1	86,74
2612632	C	A	1/1	0,181
2614909	GC	G	0/1	102,90
2619271	T	C	0/1	93,96
2627618	C	A	0/1	81,98
2627899	T	A	0/1	99,97
2627946	A	G	0/1	102,90
2630740	T	C	0/1	84,77
2631371	C	T	0/1	87,71
2632341	C	CA	0/1	78,105
2634253	C	T	0/1	104,94
2634282	T	G	0/1	100,105
2637541	C	T	1/1	0,86
2642383	C	T	0/1	84,74
2650469	G	A	0/1	84,104
2656225	A	G	1/1	0,207
2659059	A	T	0/1	99,81
2660319	C	G	1/1	0,200
2663795	G	A	0/1	85,96
2663982	C	T	0/1	91,82
2666687	C	T	0/1	86,103
2667846	G	T	0/1	94,95
2673315	T	C	0/1	82,66
2673818	C	G	0/1	80,80
2675847	C	T	0/1	83,92
2680658	T	G	1/1	0,188
2685752	C	T	0/1	79,73
2692100	C	T	0/1	74,63
2695378	C	G	1/1	0,188
2697489	C	T	0/1	109,85
2704884	A	ACAGCGACCATATCGCCGAGCT	1/1	0,160
2705295	C	T	0/1	110,107
2711722	T	G	0/1	92,91
2713795	C	T	1/1	0,203
2718852	T	G	1/1	0,178
2723506	T	C	0/1	85,92
2724180	TCACGATCGGGTCTCCTCTAG	T	0/1	113,104
2729058	A	C	0/1	91,103
2734074	T	C	1/1	0,156
2734481	TA	T	0/1	76,63
2737572	C	A	0/1	69,81
2738274	A	C	0/1	82,83
2738760	G	A	0/1	65,88
2740693	T	C	0/1	61,71
2741209	G	A	0/1	81,83
2751804	C	T	1/1	0,144
2752122	G	C	0/1	85,93
2752698	C	A	1/1	0,192
2760152	A	G	1/1	0,196
2775361	C	T	0/1	86,84
2779136	T	C	1/1	0,167
2782403	G	A	0/1	103,89
2786952	A	G	1/1	0,215
2788302	T	A	0/1	90,95
2789341	A	C	0/1	85,93
2789798	G	T	0/1	100,86
2790578	G	A	0/1	102,95
2791098	C	T	0/1	97,98
2791363	C	T	0/1	109,94
2791896	C	T	0/1	97,87
2793810	C	A	0/1	98,103
2794071	G	A	0/1	71,88
2807486	C	A	0/1	92,92
2809621	T	C	1/1	0,175
2809633	A	C	0/1	91,91
2817502	A	C	0/1	93,97
2818550	G	A	0/1	86,98
2818837	A	G	1/1	0,187
2821342	C	T	1/1	0,213
2825466	G	A	0/1	93,85
2825581	T	G	0/1	80,78
2827984	G	T	1/1	0,187
2828019	T	C	1/1	0,173
2828360	C	G	0/1	71,110
2830525	C	A	1/1	0,173
2833329	G	A	0/1	85,82
2841022	A	G	0/1	84,83
2847281	A	G	0/1	87,86
2849287	C	T	0/1	96,92
2850631	T	C	0/1	94,85
2851160	GAA	G	0|1	68,72
2851164	CATT	C	0|1	66,72
2852526	C	G	0/1	109,79
2855259	A	G	1/1	0,179
2855447	G	A	0/1	96,86
2863196	G	A	0/1	86,92
2865760	A	G	1/1	0,156
2865882	T	C	1/1	0,207
2867880	TA	T	0/1	84,76
2868976	C	G	0/1	107,76
2878938	A	C	0/1	90,92
2879469	G	GTA	0|1	95,15
2879470	C	T	0|1	95,14
2879473	C	T	0|1	96,9
2879474	C	T	0|1	97,7
2880702	G	C	1/1	1,181
2881597	AG	A	1/1	0,181
2881974	G	A	0/1	87,86
2884068	A	C	0/1	93,83
2886570	A	G	0/1	96,87
2888201	T	C	1/1	0,177
2889633	T	C	1/1	0,169
2891267	C	T	1/1	0,182
2891728	A	G	1/1	0,158
2894208	G	A	1/1	0,180
2894375	A	G	0/1	100,89
2895278	G	A	0/1	88,91
2898522	T	C	0/1	83,80
2903439	G	A	0/1	109,95
2910461	G	T	1/1	1,169
2911293	C	G	1/1	0,171
2912294	T	G	1/1	0,164
2916271	G	A	0/1	92,104
2923391	T	C	1/1	0,138
2924033	C	T	0/1	89,84
2924461	G	A	0/1	91,100
2925576	G	A	0/1	103,93
2925962	T	C	0/1	84,89
2927939	T	C	1/1	0,197
2937723	G	A	0/1	86,102
2939373	G	C	1/1	0,178
2939657	T	C	1/1	0,171
2948230	G	A	0/1	78,93
2954439	T	C	1/1	0,187
2955957	A	C	0/1	97,101
2964894	C	G	0/1	98,95
2965173	C	T	0/1	86,70
2968836	G	A	0/1	113,90
2969197	A	G	0/1	73,68
2976575	G	A	0/1	81,86
2980861	A	G	0/1	73,85
2984542	G	A	0/1	97,70
2984740	A	G	1/1	0,145
2988630	C	G	0/1	89,100
2994187	T	C	0/1	84,92
2994798	C	T	0/1	105,105
3003115	C	G	0/1	112,92
3005185	G	T	1/1	0,164
3009692	A	G	1/1	0,134
3009834	A	G	0/1	90,94
3010223	T	C	0/1	166,18
3010420	A	G	0/1	107,82
3010993	C	T	0/1	111,82
3017465	T	C	1/1	0,181
3021286	C	A	0/1	95,104
3021892	GTTCGACGAC	G	0/1	76,84
3024021	C	A	0/1	78,92
3027798	T	C	0/1	112,95
3031168	A	G	0/1	74,56
3033189	G	A	0/1	72,88
3036826	C	T	0/1	91,89
3037377	T	C	0/1	71,51
3041871	G	T	1/1	0,206
3046833	T	G	0/1	76,99
3047972	T	G	0/1	93,91
3048342	G	A	0/1	88,103
3051182	C	T	0/1	83,84
3051850	G	A	0/1	88,91
3065129	G	A	0/1	108,99
3067975	G	A	0/1	83,99
3069167	A	G	0/1	93,97
3074494	CGGCGATCGCAAGCGCGGCGAAGCCGCCGCAGCGACTCGCCGCCAAACAAACCCAGCG	C	0/1	105,76
3080795	A	G	1/1	0,167
3086788	T	C	0/1	83,95
3103682	T	C	1/1	0,192
3104189	A	G	0/1	80,87
3108217	G	T	0/1	71,98
3110211	G	A	0/1	89,90
3111147	A	C	0/1	98,96
3111476	C	T	0/1	98,87
3115384	G	C	0/1	102,67
3116598	G	A	0/1	77,81
3125518	G	A	1/1	0,81
3131469	T	TTGTCGGCGA	1/1	0,175
3135606	A	G	0/1	101,102
3136335	G	A	0/1	95,65
3137058	G	A	1/1	0,158
3137736	G	T	0/1	97,79
3144623	C	T	0/1	94,93
3156201	C	CG	0/1	88,80
3164711	T	C	0/1	94,108
3174496	A	G	0/1	111,85
3174692	AC	A	0/1	91,91
3176825	C	T	0/1	71,90
3177452	C	A	0/1	96,78
3177884	C	A	1/1	0,175
3178722	T	G	0/1	99,64
3178783	C	T	0/1	99,69
3180988	C	A	0/1	117,75
3186860	T	G	1/1	0,176
3189242	A	G	0/1	94,96
3190145	TC	T	1/1	0,191
3198115	G	A	0/1	111,98
3200282	C	T	0/1	85,98
3209156	G	A	0/1	99,100
3211406	G	A	0/1	95,119
3215622	CG	C	0/1	98,82
3223877	G	A	0/1	108,99
3226181	A	C	1/1	0,166
3228143	G	T	1/1	0,187
3238119	CGTG	C	0/1	107,90
3243052	C	G	0/1	103,106
3243257	C	T	0/1	90,88
3256494	A	G	1/1	0,200
3266030	A	G	0/1	96,100
3267163	C	T	0/1	88,84
3269581	A	G	1/1	0,188
3270784	A	G	1/1	0,173
3276703	T	G	0/1	76,85
3284855	C	T	0/1	97,100
3285468	C	T	0/1	111,75
3295576	G	A	0/1	83,83
3296371	G	GCCGCGGC	0/1	99,90
3296843	A	G	1/1	0,170
3297474	A	T	0/1	99,103
3300208	G	A	0/1	101,101
3300808	C	G	0/1	92,84
3304966	G	A	0/1	100,96
3308606	G	A	1/1	0,195
3310626	T	C	0/1	72,73
3310852	T	G	0/1	70,78
3310929	C	T	0/1	100,62
3311945	G	A	0/1	85,98
3314412	A	G	0/1	90,90
3316955	A	C	0/1	93,89
3326554	A	C	0/1	94,88
3331361	ACG	A	0/1	90,90
3331626	C	T	0/1	97,101
3336825	T	C	1/1	0,150
3338603	G	C	1/1	0,157
3347560	C	T	0/1	120,102
3347978	C	A	0/1	85,81
3349521	C	G	0/1	83,71
3352932	C	G	0/1	103,83
3358235	A	T	1/1	1,196
3363338	A	G	1/1	0,209
3367765	G	A	1/1	0,179
3373397	G	A	0/1	80,88
3375165	A	C	0/1	83,87
3389440	G	T	0/1	74,97
3399486	C	A	0/1	85,84
3401871	A	G	0/1	92,82
3402816	C	T	1/1	0,199
3404376	C	G	0/1	81,83
3405197	G	T	0/1	90,92
3407904	C	G	0/1	93,102
3408150	T	C	0/1	89,92
3409280	T	A	0/1	86,85
3412611	T	C	0/1	85,86
3415180	ACACCTAGGGGGTGG	A	1/1	0,166
3420825	A	G	0/1	85,82
3423249	C	CGCGAGCAGACGCAGAATCGCCCAAAATCCAAGATTTTGAGGCGATTCTGCGTCTGCTCGCGCAACCGG	1/1	1,70
3425854	C	T	1/1	0,184
3426025	G	A	0/1	74,93
3427159	A	C	0/1	91,96
3428917	C	A	1/1	0,198
3440464	T	G	1|1	0,182
3440468	G	C	1|1	0,181
3446699	C	G	0/1	82,73
3450725	T	C	0/1	105,93
3454263	C	G	0/1	103,110
3455686	G	C	0/1	67,79
3456666	A	G	1/1	0,139
3458426	C	T	0/1	104,87
3458985	C	G	0/1	97,88
3459211	GC	G	0/1	76,78
3461793	G	A	0/1	76,90
3462135	G	C	1/1	0,151
3467465	C	G	0/1	112,108
3473214	G	C	0/1	85,84
3473996	G	GA	1/1	0,205
3477942	A	G	0/1	74,81
3478257	A	G	0|1	149,10
3478260	C	G	0|1	148,12
3478263	G	A	0|1	148,13
3478272	G	A	0|1	148,14
3478290	C	T	0/1	147,14
3478654	G	C	0/1	75,103
3480474	G	A	0/1	95,99
3480789	T	C	0/1	97,96
3486977	A	G	1/1	0,176
3487108	C	T	0/1	88,97
3498198	C	T	0/1	93,95
3498346	A	G	0/1	109,92
3500149	G	A	0/1	97,92
3500243	G	C	0/1	83,84
3503895	C	T	1/1	0,194
3504310	G	A	0/1	91,91
3508970	A	G	0/1	80,75
3509626	C	A	0/1	88,92
3518167	A	G	1/1	0,176
3518555	A	G	1/1	0,159
3529180	CCTA	C	0|1	157,18
3529186	G	GCGCGC	0|1	154,18
3529190	GTC	G	0|1	158,15
3529195	GGCCA	G	0|1	161,14
3530303	G	T	0/1	101,105
3530955	C	G	0/1	95,74
3541561	G	A	0/1	101,72
3542049	G	A	0/1	83,106
3547681	G	A	0/1	95,98
3550347	C	T	0/1	98,89
3550789	C	G	0/1	92,119
3556275	A	G	1/1	0,173
3556459	C	A	0/1	76,90
3564091	T	C	0/1	89,80
3571810	ATTAACGACCG	A	0|1	113,100
3571828	G	C	0|1	106,105
3574017	C	T	0/1	99,83
3576231	T	C	0/1	86,111
3577497	C	T	0/1	91,71
3580636	CT	C	1/1	0,183
3581358	T	C	0/1	100,84
3581414	A	G	1/1	0,178
3587446	G	A	0/1	91,107
3589838	T	G	0/1	91,101
3590686	G	GC	1/1	0,100
3591063	T	C	1/1	0,189
3593421	C	T	0/1	96,89
3597249	C	G	0/1	89,93
3600576	C	T	0/1	108,96
3604821	G	C	1/1	0,157
3609004	T	G	0/1	94,85
3610391	A	AC	0/1	104,98
3612813	T	C	0/1	92,67
3614982	T	C	1/1	1,163
3615463	G	A	0/1	69,88
3615888	C	T	0/1	70,98
3621423	A	G	0/1	94,94
3622441	A	C	1/1	1,176
3624398	G	A	0/1	96,110
3625065	T	G	1/1	0,190
3626562	G	A	0/1	103,81
3628520	G	A	0/1	108,92
3637450	G	A	0/1	93,116
3638093	G	A	0/1	85,68
3643985	A	C	0/1	101,103
3649622	G	C	0/1	95,96
3653988	G	A	0/1	93,102
3664457	C	A	0/1	104,85
3670040	C	T	0/1	108,96
3670434	TG	T	0/1	92,88
3674157	T	A	0/1	93,74
3677275	G	A	0/1	78,86
3678249	A	C	0/1	94,76
3680932	G	A	0/1	71,90
3681548	A	C	0/1	91,55
3689523	G	T	1/1	0,212
3690016	A	G	0/1	90,99
3690950	T	TAGCTCGGCGACGATGCACGCCGCGCAGCGGCGTGAGGAGGAGCCGAGCAGTCCAACAC	0/1	0,0
3693681	A	C	0/1	93,84
3704596	G	C	1/1	0,204
3704770	A	G	0|1	93,89
3704771	C	T	0|1	91,94
3708188	G	A	0/1	92,76
3708849	G	A	0/1	88,90
3714211	G	T	1/1	0,195
3714757	A	C	1/1	0,189
3718357	C	T	1/1	0,182
3721806	G	C	1/1	0,174
3729138	T	G	0/1	85,99
3743656	G	A	0/1	101,102
3773034	C	G	0|1	111,85
3773035	A	G	0|1	111,84
3775409	T	C	0/1	83,87
3775441	A	C	0/1	91,96
3776538	C	T	0/1	109,88
3778011	G	A	0|1	93,97
3778012	G	T	0|1	94,96
3778396	C	T	0/1	99,94
3790039	G	A	0/1	85,104
3792661	C	T	0/1	109,110
3794867	C	CCA	0/1	99,86
3797827	C	CT	0|1	115,34
3797828	G	GAACCGCCCCGGCATGTCCGGAGACTCCAGTTCTTGGAAAGGATGGGGTCATGTCAGGTGGTTCA	0|1	117,34
3798095	A	C	1/1	0,199
3798596	A	G	0/1	116,88
3804743	A	G	0/1	90,90
3811672	G	T	0|1	103,103
3811675	A	G	0|1	101,101
3815477	G	T	0/1	89,83
3816369	G	A	0/1	81,84
3817117	C	A	1/1	0,197
3817132	C	T	0/1	101,91
3821845	G	T	0/1	82,84
3823159	A	T	1/1	0,210
3826638	G	C	0/1	85,87
3826684	C	T	1/1	0,159
3828326	G	C	0/1	105,94
3829770	T	C	1/1	0,200
3830349	C	T	0/1	82,88
3830695	A	G	0/1	67,88
3838593	G	C	0/1	95,110
3838871	A	G	1/1	0,213
3851887	A	C	0|1	60,44
3851888	T	C	0|1	60,45
3858340	A	C	0/1	83,77
3859893	C	T	1/1	1,191
3862031	G	C	0/1	78,78
3862472	GA	G	1/1	0,121
3864995	T	C	1/1	0,148
3865361	G	T	0/1	85,102
3870010	A	G	0/1	102,101
3871246	T	C	0/1	115,81
3874322	C	T	0/1	122,92
3874722	AT	A	0/1	119,90
3877421	A	G	1/1	0,198
3878575	G	A	0/1	29,22
3879560	T	C	0/1	78,85
3880239	C	CGTCCGGCTCCTCCTCGGACCACTACGCGGCCCGCATCGTCGCCGACCAAATCCAACT	0/1	67,54
3883178	A	C	0/1	109,91
3885886	T	C	1/1	0,204
3892671	A	G	1/1	0,198
3893480	G	A	0/1	92,84
3895727	C	A	0/1	109,102
3895785	C	A	0/1	100,101
3896340	T	G	1/1	0,185
3898408	A	G	1/1	0,202
3900226	G	A	0/1	104,131
3902318	A	AT	0/1	109,73
3906311	G	A	0/1	86,80
3909235	G	C	0/1	87,99
3924275	T	C	0/1	95,102
3924991	C	T	0/1	84,93
3925675	G	A	0/1	99,96
3952800	G	A	1/1	0,199
3953484	G	C	0/1	92,94
3957102	G	T	0/1	112,95
3958403	A	G	1/1	0,212
3959418	C	T	1/1	0,188
3962187	G	A	0/1	110,97
3964518	G	A	0/1	85,98
3965470	G	A	0/1	78,106
3970594	C	G	0/1	99,106
3974196	G	A	0/1	97,101
3975234	G	C	0/1	76,96
3976595	G	T	0/1	119,127
3979990	C	G	0/1	92,83
3980911	T	G	0/1	96,97
3981983	G	A	0/1	87,102
3984321	G	A	0/1	107,98
3987370	CG	C	0/1	93,96
3990594	A	G	0/1	106,82
3993058	G	A	0/1	99,91
4001622	T	C	0/1	78,83
4005114	G	C	0/1	87,80
4005607	T	C	1/1	0,191
4006142	T	C	0/1	95,92
4008747	A	G	0/1	62,61
4016840	G	A	0/1	89,80
4018228	T	G	0/1	91,124
4022388	G	A	0/1	93,107
4024273	T	C	1/1	0,208
4026899	G	A	1/1	0,198
4028752	A	G	0/1	98,111
4034827	C	T	1/1	0,201
4038318	G	A	0/1	83,104
4041581	C	T	0/1	116,93
4041787	C	T	0/1	87,91
4046595	G	T	0/1	97,69
4048340	G	A	0/1	84,92
4050811	G	A	0/1	110,90
4055801	G	A	1/1	0,187
4056416	C	A	0/1	110,112
4056480	G	GT	0/1	100,111
4056693	G	T	0/1	90,109
4059143	A	C	0/1	96,87
4059904	A	G	1/1	0,195
4069292	G	A	1/1	0,206
4074519	A	T	0/1	101,110
4089058	T	C	0/1	95,109
4090976	T	G	0/1	120,82
4095001	CG	C	1/1	0,129
4095295	T	C	0/1	92,78
4100975	T	C	1/1	0,180
4103291	G	A	0/1	109,96
4107074	T	C	0/1	105,106
4111303	G	C	1/1	0,204
4112429	T	C	0/1	85,91
4115890	G	C	0/1	100,107
4116610	G	A	0/1	100,114
4117692	C	G	0/1	96,97
4121368	G	A	0/1	89,96
4122158	G	A	0/1	94,84
4122287	G	T	0/1	106,70
4123770	G	A	0/1	95,82
4124349	GCC	G	0/1	122,89
4133316	A	T	0/1	71,89
4137829	C	T	0/1	116,97
4144861	C	T	0/1	95,100
4145737	A	G	0/1	127,78
4149940	T	C	0/1	109,79
4151855	A	G	0/1	79,94
4152890	G	A	0/1	97,96
4153390	GCTT	G	0/1	69,111
4153435	C	T	0/1	104,84
4156099	C	A	1/1	0,202
4156503	C	T	0/1	120,91
4158493	C	T	0/1	106,89
4159195	T	C	0/1	96,78
4160371	C	A	0/1	91,78
4162339	A	G	1/1	0,219
4162790	A	G	0/1	92,95
4166441	G	A	0/1	112,67
4167656	A	G	0/1	95,88
4167834	A	C	0/1	99,95
4168644	G	A	0/1	97,102
4169678	G	A	0/1	102,97
4169852	G	T	0/1	107,96
4170739	G	C	0/1	102,97
4170964	G	GA	0/1	96,96
4174131	G	C	0/1	84,71
4179089	C	T	0/1	89,77
4179832	G	C	0/1	90,95
4182387	G	C	0/1	107,107
4182695	G	A	1/1	0,223
4186678	G	A	0/1	90,102
4187485	T	C	1/1	0,193
4187817	A	G	1/1	0,164
4189210	G	T	0/1	101,100
4194501	G	A	1/1	0,72
4197138	C	CT	0/1	86,76
4198611	CG	C	1/1	0,174
4198850	ACACG	A	0|1	97,117
4198856	G	T	0|1	97,117
4204441	A	G	1/1	0,227
4205120	A	G	0/1	98,77
4205325	A	G	0/1	94,96
4210274	A	G	1/1	0,197
4212832	GACC	G	0/1	108,127
4214507	C	A	0/1	89,119
4215484	G	C	0/1	73,69
4217557	A	G	0/1	88,78
4218416	C	A	0/1	98,92
4218941	G	A	0/1	86,78
4221070	AC	A	0/1	80,98
4221423	C	T	0/1	86,88
4221490	C	G	1/1	0,173
4222073	A	G	1/1	0,213
4222882	A	G	1/1	0,226
4223172	T	C	0/1	100,86
4227628	G	A	0/1	100,89
4229167	T	C	0/1	112,84
4231859	CGCGGTCTGTGCGCCGGGCGCACGCACCGAATTCGAGCTATTAGCGGCCGCGGCAAGGGACGCATTCGGCCTGGACGTCCACCCAGCGGT	C	0/1	127,112
4233760	G	A	0/1	84,105
4234960	A	C	0/1	109,105
4236237	C	T	0/1	87,76
4239046	T	G	0/1	94,82
4242643	C	T	1/1	0,222
4243460	C	T	0/1	93,86
4251297	G	C	0/1	84,81
4252066	T	C	0/1	106,98
4254431	G	A	0/1	117,82
4254632	G	A	0/1	92,92
4255922	A	G	1/1	0,212
4256210	G	T	0/1	89,84
4257220	A	G	1/1	0,171
4262388	C	T	0/1	82,86
4264381	G	GC	0/1	109,69
4267647	T	C	0/1	87,94
4268495	C	G	0/1	90,99
4280708	G	A	0/1	81,81
4284429	G	A	0/1	103,88
4287164	A	G	0/1	114,81
4290135	C	T	0/1	74,92
4296015	G	A	0/1	96,67
4296225	G	A	0/1	100,69
4303498	T	TG	0/1	96,97
4305063	G	GA	0/1	87,96
4305560	G	A	0/1	95,94
4306155	C	T	1/1	0,207
4307179	G	A	0/1	94,91
4308395	G	A	0/1	108,81
4311664	C	T	0/1	96,93
4313128	C	T	0/1	72,104
4313577	G	A	0/1	105,76
4313722	C	CG	0/1	91,81
4314645	A	G	0/1	83,83
4314800	G	A	0/1	72,87
4319985	G	C	0/1	97,74
4321806	A	T	0/1	87,77
4322039	AC	A	0/1	94,95
4326676	G	C	0/1	89,84
4326937	G	A	0/1	94,98
4329782	G	A	0/1	96,83
4333325	A	G	0/1	96,95
4334543	G	A	0/1	93,82
4335437	G	A	0/1	86,78
4337898	G	A	0/1	82,76
4338359	C	G	0/1	108,72
4338595	GC	G	1/1	0,169
4338732	G	A	1/1	0,157
4339743	G	A	0/1	84,95
4340028	G	C	0/1	70,99
4348724	A	ACCCGCGCCGGCGACGATGCAAAGCGCAGCGATGAGGAGGAGCGGCGCCAACGG	1/1	0,0
4350305	G	A	0/1	89,88
4351039	G	T	1/1	0,150
4356110	G	C	1/1	0,205
4357597	C	G	0/1	102,78
4357804	T	G	0/1	104,76
4359164	G	GC	0/1	108,60
4359165	G	GTGATCGGGGTTCCCGGGGTGATCGGGGTTCCCGGC	0/1	92,60
4359653	C	T	0/1	108,92
4359828	G	A	0/1	83,95
4362568	T	G	0/1	81,69
4362700	G	GGTCGTAGTCATCGAA	0/1	69,91
4366195	T	C	0/1	107,112
4366272	G	C	1/1	0,233
4368084	G	C	0/1	89,85
4372353	G	C	0/1	101,101
4372646	G	T	0/1	121,117
4378504	T	C	0/1	91,101
4379044	CG	C	0/1	90,88
4379680	C	G	1/1	0,226
4382054	T	C	1/1	0,164
4382275	G	T	1/1	0,201
4383144	C	CCGGGG	1/1	0,188
4383655	A	G	0/1	89,85
4384007	C	G	0/1	98,97
4385414	G	A	0/1	85,90
4386228	T	C	0/1	107,84
4391331	C	G	0/1	98,101
4392373	G	A	0/1	83,93
4393178	A	G	0/1	103,101
4393562	C	T	0/1	96,84
4393590	C	G	0/1	93,81
4397129	G	T	0/1	74,95
4397736	C	T	0/1	103,101
4398019	G	A	0/1	90,112
4400660	AC	A	1/1	0,171
4407588	T	C	0/1	80,82
4407927	T	G	0/1	110,89
4408923	C	T	0/1	100,95
