1977	A	G	1/1	0,197
4013	T	C	1/1	0,171
7362	G	C	1/1	2,144
7585	G	C	1/1	0,148
9304	G	A	1/1	0,182
11879	A	G	1/1	0,175
14251	G	A	1/1	0,140
14785	T	C	1/1	0,179
17608	G	C	1/1	0,168
21795	G	A	1/1	3,153
26959	C	G	1/1	0,174
33457	C	T	1/1	0,150
33551	T	G	1/1	1,177
34044	T	C	1/1	0,195
35097	T	C	1/1	0,153
37031	C	G	1/1	3,194
40162	C	T	1/1	0,156
42967	G	C	1/1	0,201
50854	T	C	1/1	0,186
60821	C	T	1/1	0,160
62049	A	G	1/1	0,155
63771	C	T	1/1	0,153
69989	G	A	1/1	0,163
70816	A	G	1/1	0,152
71336	G	C	1/1	1,148
71584	CCG	CCGAGCGCTGTTCTGGCGCTAATCTGACGCTAGAATAGCG	0/1	46,11
74059	C	T	1/1	0,188
75421	G	A	1/1	0,178
75940	G	C	1/1	0,189
79504	TCGGTGGACCCGGTGGACCCGGTGGACCCGGTGGACCCGGTGGACCC	TCGGTGGACCCGGTGGACCCGGTGGACCCGGTGGACCC	1/1	1,82
92199	T	G	1/1	0,169
101119	G	A	1/1	0,168
101727	G	A	1/1	0,161
109106	C	T	1/1	0,171
116000	T	G	1/1	0,178
122109	A	G	1/1	0,172
125830	GAAAAGT	GAAAAAGT	1/1	1,160
128597	TG	CA	0/1	175,19
131174	TGGTGC	TGGGTGC	1/1	0,178
133839	C	T	1/1	0,152
133862	G	A	1/1	0,167
135542	G	A	1/1	0,190
146087	T	C	1/1	0,161
154283	T	C	1/1	0,177
157292	C	T	1/1	0,187
157663	G	A	1/1	0,185
162581	G	A	1/1	0,176
176303	C	T	1/1	0,155
194681	G	C	1/1	0,173
196642	C	T	1/1	0,187
203269	C	T	1/1	2,194
206339	T	C	1/1	0,190
207226	T	C	1/1	0,153
212353	C	T	1/1	2,167
223942	T	C	1/1	1,192
225323	T	C	1/1	0,195
227098	T	C	1/1	0,166
231114	C	G	1/1	0,184
234051	G	A	1/1	0,159
234477	T	G	1/1	5,157
234496	CCT	CGTCT	1/1	0,142
251938	G	T	1/1	6,135
261869	T	C	1/1	0,173
265554	A	C	1/1	0,184
278681	C	G	1/1	4,172
282188	G	A	1/1	1,167
282822	C	G	1/1	0,160
283614	T	C	1/1	2,227
285772	A	C	1/1	0,180
285871	A	G	1/1	0,147
293704	CTTTTTGGGC	CTTTTGGGC	1/1	0,146
302615	T	C	1/1	3,180
310973	G	A	1/1	0,164
311613	G	T	1/1	1,168
316129	C	G	1/1	2,168
336380	A	T	0/1	150,108
336400	CAGCGA	GAGGGG	0/1	136,101
336504	G	T	0/1	168,145
336535	TGTTGG	GGGTGT	0/1	151,109
336546	T	G	0/1	161,111
336557	CGGTTACA	CTGGCTATGGCA	0/1	155,63
343453	G	T	1/1	0,188
346275	C	G	1/1	0,161
356528	A	G	1/1	0,177
376774	T	C	1/1	0,193
384380	A	C	1/1	0,176
386432	C	G	1/1	0,176
390828	T	C	1/1	0,152
403980	G	A	1/1	2,183
404326	T	C	1/1	0,178
408723	C	T	1/1	1,180
414486	C	T	1/1	0,150
420008	A	G	1/1	0,156
437128	G	A	1/1	0,129
444351	G	T	1/1	1,161
454295	T	C	1/1	0,151
457452	T	G	1/1	0,174
459399	A	C	1/1	0,147
472705	T	C	1/1	1,183
478358	C	T	1/1	0,186
489935	G	C	1/1	2,158
498557	C	A	1/1	0,191
500523	GT	AC	0/1	164,17
502589	C	G	1/1	0,201
503354	G	C	1/1	0,189
510831	TCCGGGGGGCGCAC	TC	1/1	0,113
513257	T	C	1/1	0,145
514191	GAC	GC	0/1	159,18
514198	GCA	GTCA	0/1	157,18
534691	C	T	1/1	0,186
541201	A	G	1/1	1,196
551525	A	C	1/1	0,174
557133	G	A	1/1	0,157
563420	T	C	1/1	0,173
571943	G	A	1/1	0,177
573262	A	G	1/1	0,167
584438	G	A	1/1	0,158
589536	G	A	1/1	3,160
590436	T	C	1/1	0,164
596833	CGGGGGGCT	CGGGGGCT	1/1	0,186
597816	A	G	1/1	0,182
598475	G	A	1/1	2,162
610120	T	G	1/1	0,207
632330	G	T	1/1	0,151
637319	G	A	1/1	0,198
637922	C	T	1/1	0,202
643101	A	G	1/1	0,201
648002	T	G	1/1	0,200
663410	A	C	0/1	175,39
663418	AGC	CAA	0/1	166,39
663429	T	G	0/1	177,41
663907	G	A	1/1	2,165
664249	C	T	1/1	2,181
665293	A	G	1/1	0,178
667659	C	T	1/1	2,188
669398	T	C	1/1	0,173
685461	C	G	1/1	0,205
685608	T	C	1/1	0,208
686972	T	C	1/1	0,167
690465	T	G	1/1	0,138
695888	T	G	0/1	162,21
695894	C	G	0/1	159,18
695900	C	A	0/1	155,17
698968	G	A	1/1	0,204
709226	G	A	1/1	2,161
724712	TGGGCGCG	TGGCGCG	1/1	0,140
726703	C	A	1/1	0,136
733798	G	C	1/1	4,207
736710	T	C	1/1	1,184
751017	T	C	1/1	1,169
752343	A	G	1/1	0,192
754186	A	G	1/1	4,164
761155	C	T	1/1	0,166
764817	T	C	1/1	0,180
764995	C	G	1/1	0,176
767480	C	G	1/1	0,159
769962	GCCCTA	GCCTA	1/1	0,123
773809	G	A	1/1	0,143
775639	T	C	1/1	0,179
781395	T	C	1/1	0,156
784440	G	T	1/1	0,223
790083	C	T	1/1	0,184
790180	A	G	1/1	1,174
796509	G	T	1/1	0,162
812927	C	G	1/1	0,3
812947	G	C	1/1	0,2
820483	G	T	1/1	0,148
838439	G	T	1/1	1,198
841764	G	C	1/1	0,152
843391	G	A	1/1	5,143
852910	C	T	1/1	0,155
854252	GCCCCCCCCCAGG	GCCCCCCCCAGG	1/1	2,147
857696	A	G	1/1	1,180
859131	CGGT	CAGGT	1/1	0,148
874835	CCA	CCGCA	1/1	0,163
880562	G	T	1/1	0,153
882257	T	C	1/1	0,154
885542	G	C	1/1	0,154
888774	G	A	0/1	164,114
893733	T	G	1/1	0,209
900221	T	C	1/1	0,140
903550	T	C	1/1	0,169
903913	T	C	1/1	0,147
906857	A	G	1/1	0,220
919466	C	A	1/1	1,181
942479	T	C	1/1	0,180
945214	G	A	1/1	0,189
949535	T	C	1/1	0,180
955524	A	G	1/1	0,155
979704	G	C	1/1	0,158
986463	G	C	1/1	0,161
990001	G	C	1/1	2,178
990533	T	C	1/1	0,166
991640	G	A	1/1	1,163
993346	A	C	1/1	0,197
1010204	CGGTT	CGGGTT	1/1	1,162
1011198	G	C	1/1	0,174
1025106	T	C	1/1	0,217
1032913	G	T	1/1	0,175
1037012	T	C	1/1	0,168
1037355	T	C	1/1	0,169
1037911	C	T	1/1	0,193
1040067	CGGTC	CGTC	1/1	0,180
1041129	C	T	1/1	0,169
1041445	C	T	1/1	2,172
1047165	T	C	1/1	0,199
1055049	C	T	1/1	0,202
1057788	T	G	1/1	0,179
1061676	GTGCT	GT	1/1	0,184
1063602	A	C	1/1	0,215
1068151	T	C	1/1	0,188
1068432	A	G	1/1	0,171
1070702	T	C	1/1	0,150
1071797	C	G	1/1	0,179
1074558	G	A	1/1	0,175
1075279	T	C	1/1	0,163
1076309	G	T	1/1	0,195
1077312	A	G	1/1	0,156
1079927	C	A	1/1	0,135
1081211	T	G	1/1	0,176
1081681	T	C	1/1	0,159
1087193	G	C	1/1	4,189
1093322	C	T	1/1	2,174
1100234	T	C	1/1	0,165
1103249	C	T	1/1	0,190
1106422	T	C	1/1	0,173
1107434	A	T	1/1	0,190
1107917	G	T	1/1	0,208
1109975	A	G	1/1	0,146
1111784	C	T	1/1	0,193
1126889	G	C	1/1	0,158
1127648	C	A	1/1	0,177
1132368	C	T	1/1	1,166
1142266	A	C	1/1	0,169
1149551	C	T	1/1	0,169
1150321	TGCCCGACAGCAAGG	TG	1/1	0,156
1150585	G	A	1/1	2,159
1164571	A	G	1/1	0,174
1168715	CTTCC	CTTTCC	1/1	0,162
1171364	C	T	1/1	0,157
1177641	ACCCCCAAAT	ACCCCAAAT	1/1	0,170
1178116	T	C	1/1	1,200
1186461	G	A	1/1	0,146
1196889	A	G	1/1	0,185
1199547	G	A	1/1	0,159
1200418	A	G	1/1	0,174
1205936	A	G	1/1	0,185
1207431	A	G	1/1	5,163
1220680	T	C	1/1	0,160
1224367	T	C	1/1	0,138
1248978	T	C	1/1	0,157
1280439	C	T	1/1	0,171
1281118	T	C	1/1	0,168
1281443	C	G	1/1	2,155
1287234	A	C	1/1	0,162
1292102	A	G	1/1	3,156
1297327	G	A	1/1	2,161
1297999	T	G	1/1	0,169
1307598	C	G	1/1	5,171
1313337	AA	AGC	1/1	0,73
1315191	A	C	1/1	0,166
1315884	G	A	1/1	2,149
1317059	C	A	1/1	0,134
1327890	G	A	1/1	0,169
1327942	C	G	1/1	3,166
1328687	G	C	1/1	0,196
1348554	G	A	0/1	44,116
1353658	G	C	1/1	1,173
1354437	A	C	1/1	0,169
1360209	T	C	1/1	0,200
1365837	CGGGGTTGC	CGGGGGTTGC	1/1	2,169
1373170	G	C	1/1	0,158
1374065	T	C	1/1	0,182
1375724	A	C	1/1	0,133
1382628	T	C	1/1	0,154
1389738	G	A	1/1	0,135
1393626	A	G	1/1	0,187
1396922	T	C	1/1	0,151
1404169	T	G	1/1	0,172
1411210	T	G	1/1	0,154
1413148	C	T	1/1	0,144
1414021	C	T	1/1	0,183
1416222	A	G	0/1	196,101
1416232	ACA	GCC	0/1	176,103
1428506	G	T	1/1	1,137
1440469	C	G	1/1	0,132
1444188	CGGCTGGCTG	CGGCTG	1/1	0,136
1445474	G	A	1/1	9,177
1445781	A	G	1/1	0,175
1446923	T	G	1/1	0,181
1447774	C	T	1/1	0,162
1448907	A	G	1/1	0,162
1452071	C	A	1/1	0,174
1457144	C	T	1/1	0,147
1471659	C	T	1/1	2,204
1474425	ATAC	GTAT	0/1	118,12
1482627	T	C	1/1	0,208
1484708	A	C	1/1	0,156
1488114	CA	TG	0/1	128,19
1499274	C	G	1/1	0,159
1510649	C	T	1/1	0,156
1512031	T	G	1/1	0,164
1516380	T	C	0/1	58,105
1521776	T	G	1/1	0,153
1526819	C	A	1/1	0,183
1527449	GTG	GTTG	1/1	2,137
1536251	G	T	1/1	1,184
1547125	T	C	1/1	0,197
1552547	G	A	1/1	0,131
1558450	G	A	1/1	0,179
1563717	C	T	1/1	0,157
1570513	G	T	1/1	0,147
1570566	C	A	1/1	1,162
1586249	C	T	1/1	0,187
1588456	A	G	1/1	0,128
1588899	G	T	1/1	1,149
1609840	A	G	1/1	0,151
1612595	C	G	0/1	144,20
1612600	GGGGATT	CGGTATC	0/1	124,18
1612621	CGGTATCGGTACCGGTGCGCCAGGGA	AGGGATCGGTACCGGTGCGCCAGGGA	0/1	39,28
1612648	T	C	0/1	124,57
1613035	T	C	1/1	0,175
1613960	G	T	1/1	2,180
1624791	C	G	1/1	0,169
1625347	CGGGCA	CGGGGCA	1/1	3,170
1629128	G	C	1/1	0,166
1630148	A	C	1/1	0,212
1639594	C	A	1/1	1,163
1645802	T	C	1/1	0,194
1650072	A	G	1/1	0,146
1652831	C	T	1/1	1,168
1676290	C	A	1/1	3,177
1689349	C	T	1/1	0,178
1691799	C	T	1/1	1,214
1692141	A	C	1/1	0,200
1692795	G	C	1/1	0,149
1693561	A	G	1/1	0,172
1698911	G	A	1/1	0,207
1706119	T	C	1/1	0,206
1709899	A	C	1/1	0,184
1718761	C	T	1/1	0,163
1719322	G	A	1/1	1,185
1721831	G	T	1/1	0,183
1724120	G	A	1/1	0,144
1727763	A	C	1/1	2,154
1728837	A	G	1/1	0,154
1734994	C	T	1/1	0,216
1736638	C	T	1/1	0,190
1740771	A	C	1/1	0,157
1753519	GCCCCGT	GCCCCCGT	1/1	0,155
1755599	C	T	1/1	1,196
1758180	T	C	1/1	0,164
1759252	G	T	1/1	0,155
1760292	A	G	1/1	2,164
1760460	C	T	1/1	0,190
1769099	C	A	1/1	0,185
1771320	G	A	1/1	3,191
1777213	C	G	1/1	3,175
1778430	T	C	1/1	0,182
1793769	C	T	1/1	0,182
1798355	G	A	1/1	0,163
1803265	G	A	1/1	0,176
1804409	C	A	1/1	0,184
1805948	C	T	1/1	0,168
1817976	A	T	1/1	0,144
1836286	G	C	1/1	0,180
1847811	A	C	1/1	2,177
1847919	C	G	1/1	0,199
1854300	T	C	1/1	2,156
1856777	G	C	1/1	0,175
1861274	G	A	1/1	3,172
1866104	GA	TT	1/1	0,127
1885772	G	A	1/1	2,158
1885858	C	T	0/1	33,98
1894300	GGC	GGTCTTGCCGCGC	1/1	1,134
1899351	T	C	1/1	0,179
1901493	T	C	1/1	0,112
1907296	G	C	1/1	1,177
1917972	A	G	1/1	0,169
1929302	G	A	1/1	0,160
1931179	C	A	1/1	0,168
1933988	G	A	1/1	2,179
1943039	C	T	1/1	0,173
1943592	C	T	1/1	1,172
1944107	A	G	1/1	0,190
1944402	T	C	1/1	0,163
1944642	CTG	CG	1/1	0,177
1947903	G	T	1/1	1,127
1950767	T	C	1/1	0,158
1960284	C	A	1/1	0,210
1967237	C	A	1/1	0,157
1981056	C	T	1/1	0,144
2007785	C	T	1/1	0,159
2019942	A	G	1/1	0,180
2022868	T	C	1/1	0,150
2053411	G	C	1/1	0,177
2053682	C	T	1/1	0,175
2055271	A	G	1/1	0,157
2057774	A	T	1/1	0,161
2075067	T	C	0/1	32,138
2084526	G	A	1/1	4,160
2094911	ACAGCGTCAGCGTC	ACAGCGTC	1/1	0,112
2096186	A	G	1/1	0,175
2097990	A	C	1/1	0,176
2108141	T	C	1/1	0,154
2109523	CGGTA	CGGGTA	1/1	1,142
2116903	C	T	1/1	0,169
2126366	G	C	1/1	0,182
2128870	A	G	1/1	0,167
2133468	TTC	TTCGCATGCCGTCACCTC	0/1	34,87
2133475	A	G	0/1	153,44
2134215	T	C	1/1	0,172
2135870	T	C	1/1	0,135
2137521	ACA	ACTCCGATCACCA	1/1	3,105
2143328	G	C	1/1	0,193
2147022	A	C	1/1	0,178
2155168	C	G	1/1	0,166
2174216	A	G	1/1	0,161
2207525	C	T	1/1	1,150
2207591	TTC	TCTC	1/1	0,168
2211455	C	A	1/1	0,148
2211826	A	G	1/1	0,174
2213265	G	A	1/1	4,151
2216248	C	G	1/1	0,181
2216443	C	A	1/1	0,145
2216538	T	C	1/1	2,160
2220512	T	G	1/1	0,206
2223293	T	C	1/1	0,164
2228967	A	G	1/1	0,184
2231132	G	A	1/1	0,198
2232237	G	C	1/1	0,151
2237053	G	A	1/1	0,120
2239160	G	C	1/1	0,2
2240700	A	G	1/1	0,3
2245532	T	C	1/1	0,183
2251999	A	G	1/1	0,176
2257780	T	G	1/1	0,170
2260525	C	T	1/1	0,158
2264782	C	A	1/1	0,171
2265059	T	G	1/1	1,204
2266487	G	C	0/1	178,141
2266504	TGGGATCGTC	TAGGGTTCGC	0/1	175,101
2266517	T	C	0/1	196,107
2266550	GCCC	TCCG	0/1	165,159
2266583	C	G	0/1	165,184
2266598	G	C	0/1	167,180
2266604	C	G	0/1	160,180
2266613	GCG	GCCG	0/1	161,169
2266624	G	T	0/1	162,184
2267372	A	G	1/1	0,180
2269780	T	C	1/1	0,167
2270102	A	G	1/1	0,181
2278442	C	G	1/1	1,194
2282787	C	T	1/1	0,164
2283030	A	G	1/1	0,153
2285251	C	A	1/1	0,202
2287121	A	G	1/1	1,169
2327492	C	T	1/1	0,159
2329533	A	G	1/1	0,120
2334007	A	G	1/1	0,184
2335075	A	G	1/1	0,162
2335494	A	G	1/1	0,182
2338194	ACCCCCCCCACCCAC	ACCCCCCCCCACCCAC	1/1	0,58
2341636	C	G	1/1	0,187
2345037	C	A	1/1	0,175
2357268	TGCCGCCGCCGCCGCCGCCGA	TGCCGCCGCCGCCGCCGA	1/1	0,92
2361604	C	G	1/1	0,144
2362041	C	A	1/1	1,157
2368564	TAATAT	TATAT	1/1	0,213
2381030	GCTACCCTAGTTAT	GCTACCCTAGTTACTACCCTAGTTAT	1/1	1,96
2385695	C	T	1/1	3,182
2386389	G	A	1/1	2,182
2400726	C	T	1/1	1,177
2401883	C	T	1/1	0,38
2415656	G	C	1/1	0,168
2420535	C	A	1/1	0,180
2424925	A	G	1/1	0,154
2434750	G	A	1/1	1,149
2440926	G	T	1/1	0,156
2443188	G	A	1/1	0,173
2462871	G	A	1/1	0,146
2463094	G	A	1/1	0,197
2484255	T	G	1/1	0,162
2499726	G	A	1/1	0,174
2502073	C	T	1/1	0,140
2503625	C	T	1/1	0,166
2505750	C	T	1/1	0,218
2509140	G	C	1/1	0,168
2509722	A	G	1/1	0,168
2521342	T	C	1/1	0,181
2522481	TGGGGGGGCAC	TGGGGGGGGCAC	1/1	2,132
2523205	GCGGCC	GCGCCGGCC	1/1	0,43
2525722	CGGGGGAGGAC	CGGGGAGGAC	1/1	0,136
2527676	G	A	1/1	1,163
2529680	A	G	1/1	0,170
2534562	GGAG	GG	1/1	0,166
2538760	G	A	1/1	0,181
2573756	C	A	1/1	0,140
2586127	A	G	1/1	0,150
2598400	A	G	1/1	0,156
2599821	C	A	1/1	0,173
2611675	T	C	1/1	0,245
2612632	C	A	1/1	0,171
2617632	AC	ATT	1/1	1,154
2621058	G	A	1/1	0,184
2642555	C	T	1/1	1,160
2649353	A	G	1/1	0,161
2654371	G	A	1/1	0,158
2655054	C	T	0/1	168,39
2656225	A	G	1/1	0,184
2660319	C	G	1/1	1,172
2664299	G	C	1/1	0,169
2680658	T	G	1/1	0,208
2695378	C	G	1/1	2,173
2698585	C	T	1/1	0,168
2704884	ACG	ACAGCGACCATATCGCCGAGCTCG	1/1	5,91
2713795	C	T	1/1	0,206
2717710	C	T	1/1	0,179
2718852	T	G	1/1	0,176
2718938	A	C	1/1	0,162
2734074	T	C	1/1	0,163
2736434	C	A	1/1	1,157
2745889	C	T	1/1	0,160
2751804	C	T	1/1	5,168
2752698	C	A	1/1	0,177
2753536	T	C	1/1	0,186
2760152	A	G	1/1	0,211
2779136	T	C	1/1	0,147
2784613	A	G	1/1	0,4
2786952	A	G	1/1	0,148
2809621	T	C	1/1	0,164
2818837	A	G	1/1	0,144
2821342	C	T	1/1	0,182
2827984	G	T	1/1	0,211
2828019	T	C	1/1	0,205
2830525	C	A	1/1	0,178
2841549	G	T	1/1	4,161
2855259	A	G	1/1	0,162
2857014	G	A	1/1	2,184
2865760	A	G	1/1	0,151
2865882	T	C	1/1	0,191
2868659	C	G	1/1	0,166
2871048	C	T	1/1	4,141
2880702	G	C	1/1	0,185
2881455	A	G	1/1	2,178
2881597	AGGGGGGCA	AGGGGGCA	1/1	0,137
2888201	T	C	1/1	0,200
2889633	T	C	1/1	0,154
2891267	C	T	1/1	0,171
2891728	A	G	1/1	0,187
2893238	C	A	1/1	1,163
2894208	G	A	1/1	0,148
2894854	C	T	1/1	0,162
2906918	A	T	1/1	0,162
2910461	G	T	1/1	0,154
2911293	C	G	1/1	0,159
2912294	T	G	1/1	4,185
2923391	T	C	1/1	1,149
2927939	T	C	1/1	0,179
2939373	G	C	1/1	0,174
2939657	T	C	1/1	0,150
2939807	G	A	1/1	0,169
2945167	G	T	0/1	112,98
2946157	T	C	1/1	0,140
2954439	T	C	1/1	0,181
2968913	T	C	1/1	2,167
2984740	A	G	1/1	0,158
3005185	G	T	1/1	0,177
3009692	A	G	1/1	0,162
3013469	T	C	1/1	0,164
3017465	T	C	1/1	0,171
3028101	ACCGA	ACCCGA	1/1	2,163
3029610	G	A	1/1	0,178
3040077	G	C	1/1	1,187
3041871	G	T	1/1	1,162
3065293	A	G	1/1	4,162
3073868	T	C	1/1	0,196
3078089	CCTCTATTGATCTCTATTGATC	CCTCTATTGATCTCTATTGATCTCTATTGATC	0/1	55,69
3080795	A	G	1/1	0,168
3086788	T	C	1/1	0,144
3089679	G	A	1/1	1,160
3099269	A	C	1/1	0,180
3103682	T	C	1/1	0,190
3108055	C	T	1/1	1,171
3108674	A	C	1/1	2,160
3131469	TTG	TTGTCGGCGATG	0/1	36,133
3131473	A	C	0/1	185,42
3137058	G	A	1/1	1,170
3158935	G	C	1/1	0,133
3165074	T	C	1/1	0,171
3175702	T	C	1/1	0,195
3177884	C	A	1/1	0,148
3178445	C	G	1/1	0,216
3186860	T	G	1/1	0,126
3190145	TCCCCCCAT	TCCCCCAT	1/1	0,157
3191027	G	A	1/1	0,203
3207297	G	T	1/1	0,157
3214790	C	T	1/1	0,154
3226181	A	C	1/1	0,167
3228143	G	T	1/1	1,190
3231464	T	C	1/1	1,190
3236230	C	A	1/1	1,170
3243630	G	A	1/1	0,215
3256494	A	G	1/1	0,168
3260301	A	G	1/1	0,207
3267743	A	G	1/1	0,146
3269581	A	G	1/1	0,161
3270784	A	G	1/1	0,178
3295263	G	A	1/1	0,147
3296843	A	G	1/1	0,140
3298563	C	T	1/1	0,222
3308606	G	A	1/1	3,198
3312632	C	T	1/1	2,186
3336825	T	C	1/1	0,192
3338603	G	C	1/1	0,175
3352127	G	A	1/1	0,204
3354896	C	T	1/1	0,174
3358235	A	T	1/1	0,171
3363338	A	G	1/1	1,175
3367765	G	A	1/1	0,202
3388593	T	C	1/1	0,203
3393374	G	C	1/1	0,190
3402816	C	T	1/1	0,156
3414556	C	T	1/1	0,154
3415180	ACACCTAGGGGGTGGC	AC	0/1	26,99
3418328	TCG	GCA	1/1	0,151
3422742	C	T	1/1	2,168
3425854	C	T	1/1	0,194
3426795	C	G	1/1	0,155
3428917	C	A	1/1	1,199
3429202	T	G	1/1	0,188
3440464	TGTGG	GGTGC	1/1	0,169
3456666	A	G	1/1	0,176
3460986	G	A	1/1	1,179
3462135	G	C	1/1	0,191
3473996	GAG	GAAG	1/1	0,143
3478698	G	A	0/1	198,84
3478719	G	A	0/1	207,80
3486977	A	G	1/1	0,181
3498967	T	C	0/1	57,120
3503231	G	C	1/1	0,179
3503895	C	T	1/1	0,147
3504930	C	T	1/1	0,165
3514512	G	C	1/1	0,171
3518167	A	G	1/1	0,174
3518555	A	G	1/1	0,161
3545438	G	A	1/1	0,147
3548641	T	C	1/1	0,186
3556275	A	G	1/1	0,187
3561155	G	A	1/1	0,197
3567606	G	A	1/1	0,182
3580636	CTTTGC	CTTGC	1/1	0,142
3581414	A	G	1/1	0,162
3586152	A	T	0/1	159,16
3586158	A	T	0/1	158,16
3590686	GTC	GCTC	1/1	0,91
3591063	T	C	1/1	0,207
3594124	C	T	1/1	0,157
3595483	ACTGGCAGCGTAGTG	ACTGGCAGCGTAGTCTGGCAGCGTAGTG	0/1	9,76
3604821	G	C	1/1	0,136
3610441	C	T	1/1	0,187
3612009	C	T	1/1	1,161
3614982	T	C	1/1	0,220
3619806	C	G	1/1	0,179
3622441	A	C	1/1	0,167
3625065	T	G	1/1	0,187
3676977	G	A	1/1	0,136
3688969	G	A	1/1	1,159
3689523	G	T	1/1	0,174
3704596	G	C	1/1	1,177
3705806	A	C	1/1	0,169
3714211	G	T	1/1	1,152
3714757	A	C	1/1	0,172
3718357	C	T	1/1	0,168
3721806	G	C	1/1	0,193
3742991	AGGGGGGGATT	AGGGGGGATT	1/1	0,170
3771132	C	T	1/1	1,206
3776706	C	T	1/1	2,169
3794884	G	A	1/1	2,182
3798095	A	C	1/1	0,208
3798126	G	A	1/1	2,195
3817117	C	A	1/1	2,175
3820407	A	G	0/1	141,40
3820444	CGGCTT	CCAGCCTG	0/1	84,80
3820545	A	G	0/1	164,100
3823159	A	T	1/1	0,173
3825560	C	G	1/1	0,185
3826684	C	T	1/1	0,187
3829152	G	A	1/1	2,137
3829770	T	C	1/1	0,139
3838871	A	G	1/1	0,163
3859376	C	T	1/1	1,164
3859893	C	T	1/1	0,169
3861125	G	T	1/1	0,164
3862472	GAACC	GACC	1/1	0,151
3864995	T	C	1/1	0,163
3873392	T	G	1/1	0,179
3874191	T	C	1/1	0,193
3877421	A	G	1/1	0,159
3881187	G	A	1/1	0,157
3885886	T	C	1/1	0,160
3892671	A	G	1/1	0,164
3896340	T	G	1/1	0,148
3898408	A	G	1/1	1,188
3952800	G	A	1/1	0,145
3958403	A	G	1/1	0,192
3959418	C	T	1/1	1,155
3964463	AGGGTTT	AGGTTT	1/1	0,169
3976276	T	G	1/1	0,163
3977226	G	A	1/1	3,172
3982925	C	T	0/1	61,109
3983271	T	G	1/1	0,181
4004878	A	C	1/1	0,168
4005607	T	C	1/1	0,212
4024273	T	C	1/1	0,155
4026899	G	A	1/1	0,146
4034827	C	T	1/1	2,194
4038287	G	A	1/1	1,168
4040951	G	T	0/1	117,20
4042761	G	A	1/1	0,141
4043365	G	T	1/1	2,188
4055801	G	A	1/1	0,197
4059904	A	G	1/1	0,168
4069292	G	A	1/1	0,181
4086468	G	A	1/1	0,162
4088346	G	A	1/1	0,158
4093879	TGGGGGCGCC	TGGGGCGCC	1/1	0,186
4095001	CGA	CA	1/1	0,147
4100835	G	C	1/1	0,197
4100975	T	C	1/1	0,187
4109354	A	C	1/1	0,207
4111303	G	C	1/1	0,175
4118601	A	G	1/1	0,178
4125549	G	C	1/1	0,163
4135112	G	A	1/1	0,151
4146330	A	G	1/1	0,200
4156099	C	A	1/1	0,146
4162339	A	G	1/1	0,215
4163944	A	G	1/1	0,164
4174564	T	C	1/1	0,167
4176931	C	T	1/1	0,209
4182695	G	A	1/1	0,203
4187485	T	C	1/1	0,160
4187817	A	G	1/1	0,166
4194000	CACGACGACGACGG	CACGACGACGG	0/1	138,21
4197138	CTTGC	CTTTGC	1/1	3,148
4198611	CGGGGGTGGA	CGGGGTGGA	1/1	0,144
4198899	T	C	1/1	1,153
4204441	A	G	1/1	0,185
4210274	A	G	1/1	0,143
4218350	T	C	1/1	0,151
4220174	G	A	1/1	0,154
4221490	C	G	1/1	0,188
4222073	A	G	1/1	0,189
4222882	A	G	1/1	0,155
4233299	G	A	1/1	0,199
4239763	C	T	1/1	0,178
4242643	C	T	1/1	2,162
4247429	A	G	1/1	0,149
4255922	A	G	1/1	0,201
4257220	A	G	1/1	0,189
4263367	G	C	1/1	0,141
4264218	CT	AG	1/1	0,152
4288405	G	T	1/1	0,189
4293072	G	A	1/1	0,179
4306155	C	T	1/1	0,124
4307179	G	A	1/1	0,194
4311871	G	A	1/1	1,149
4315384	T	C	1/1	0,193
4319652	G	A	1/1	0,180
4320050	A	G	1/1	1,187
4322450	CGATCGCAGCGTTCACGGTGCACGGGGTAGCGG	CGATCGCAGCGTTCACGGTGCACGGGGTAGCGGATCGCAGCGTTCACGGTGCACGGGGTAGCGG	0/1	60,11
4336090	AAC	ATAC	1/1	0,140
4338595	GCT	GT	1/1	0,152
4338732	G	A	1/1	0,154
4340330	T	G	1/1	0,190
4351039	G	T	1/1	1,178
4356110	G	C	1/1	0,160
4359195	G	A	1/1	3,179
4360119	C	G	1/1	2,162
4366272	G	C	1/1	0,206
4372661	T	C	1/1	0,222
4373475	C	G	1/1	0,167
4373496	C	G	1/1	2,172
4377447	G	A	1/1	0,180
4377609	G	C	1/1	1,175
4379680	C	G	1/1	0,162
4382054	T	C	1/1	0,168
4382275	G	T	1/1	0,152
4383094	A	G	1/1	0,145
4383144	CCCGT	CCGGGGCCGT	1/1	6,121
4383632	T	C	1/1	0,184
4390106	C	G	0/1	50,81
4390879	G	A	1/1	1,170
4391553	C	T	1/1	0,166
4395964	C	A	1/1	0,154
4400660	ACCCGCCCG	ACCGCCCG	1/1	0,107
4403900	A	G	1/1	0,209
4408156	A	C	1/1	0,174
