1093	A	G	0/1	77,224
1977	A	G	1/1	0,142
4013	T	C	1/1	0,236
6140	G	T	0/1	238,57
7362	G	C	1/1	0,187
7493	C	T	0/1	76,28
7585	G	C	1/1	1,205
9304	G	A	1/1	0,188
11879	A	G	1/1	0,200
12252	G	A	0/1	131,28
13483	C	T	0/1	55,230
14251	G	A	1/1	1,153
14785	T	C	1/1	0,226
14901	G	T	0/1	121,35
17608	G	C	1/1	0,137
19631	C	A	0/1	41,24
21795	G	A	1/1	0,106
26959	C	G	1/1	0,91
27075	C	T	0/1	16,129
28049	C	G	0/1	106,29
33457	C	T	1/1	0,201
33551	T	G	1/1	1,102
34044	T	C	1/1	0,237
34806	G	C	0/1	151,66
35097	T	C	1/1	0,314
36176	C	T	0/1	100,21
37031	C	G	1/1	0,153
38275	C	T	0/1	20,140
40162	C	T	0/1	134,27
42967	G	C	1/1	0,146
43369	C	T	0/1	37,154
44697	C	T	0/1	9,72
46833	C	G	0/1	147,24
47330	G	C	0/1	107,73
48647	G	T	0/1	44,18
55533	TGCCGCC	T	0/1	16,10
58006	C	A	0/1	40,169
61450	T	G	0|1	146,89
61453	A	G	0|1	151,60
61456	T	G	0|1	148,17
62049	A	G	1/1	0,90
63771	C	T	1/1	1,231
69989	G	A	1/1	1,118
70816	A	G	1/1	0,156
71336	G	C	1/1	0,39
71584	C	CCGAGCGCTGTTCTGGCGCTAATCTGACGCTAGAATAG	1/1	0,122
73240	C	G	0/1	125,48
74059	C	T	1/1	1,175
74066	G	C	0/1	157,48
75940	G	C	1/1	0,156
77659	G	C	0/1	36,15
79504	TCGGTGGACC	T	1/1	0,30
87133	G	A	0|1	96,28
87134	C	A	0|1	93,9
90349	C	G	0/1	40,15
92199	T	G	1/1	0,96
92285	C	A	0/1	25,134
92706	G	C	0/1	88,30
94068	C	T	0/1	150,27
98753	G	A	0/1	93,18
99889	G	C	0/1	95,29
100767	A	G	0/1	105,26
101727	G	A	1/1	2,145
109247	C	T	0/1	169,38
110297	C	A	0/1	110,23
111026	C	G	0/1	122,58
111162	C	G	0/1	128,33
113884	T	G	0|1	88,27
113885	C	G	0|1	91,16
116000	T	G	1/1	0,189
118429	C	A	0/1	73,16
122109	A	G	1/1	1,100
125533	A	G	0/1	92,39
125830	G	GA	1/1	0,188
129940	A	C	0/1	26,19
131174	T	TG	1/1	0,226
133209	C	G	0/1	90,36
133352	C	G	0/1	92,32
133445	G	A	0/1	142,28
133839	C	T	1/1	0,202
133862	G	A	1/1	1,171
138914	G	C	0|1	131,31
138915	T	C	0|1	132,13
138917	G	C	0|1	132,1
140933	GACC	G	0|1	120,50
140938	C	G	0|1	119,38
145137	G	C	0/1	56,61
146087	T	C	1/1	0,175
152259	G	C	0/1	76,35
152567	G	T	0/1	65,19
154283	T	C	0/1	27,99
157292	C	T	1/1	0,137
157314	T	C	0/1	95,24
161084	C	CGGGGGGGGGGG	0|1	56,8
161089	C	G	0|1	63,8
162581	G	A	1/1	1,166
165865	C	T	0/1	124,36
169164	G	C	0/1	36,19
170263	G	A	0/1	29,137
175900	T	G	0|1	144,49
175902	T	G	0|1	147,23
176303	C	T	1/1	1,251
182849	A	C	0/1	13,84
185217	A	C	0/1	65,46
191460	T	TCCCCCCCCCCC	0|1	62,36
191462	G	C	0|1	66,20
193331	G	C	0/1	109,50
193386	T	C	0/1	37,171
194021	C	G	0/1	96,45
194490	G	T	0/1	117,29
194681	G	C	1/1	0,115
196642	C	T	1/1	0,325
197047	A	G	0/1	41,216
198556	A	G	0/1	46,234
203269	C	T	1/1	1,272
206339	T	C	1/1	0,163
207226	T	C	1/1	1,218
212353	C	T	1/1	0,140
217984	G	T	0|1	124,46
217986	C	T	0|1	125,13
223942	T	C	1/1	0,56
225323	T	C	1/1	0,172
225495	T	C	0/1	176,34
227098	T	C	1/1	0,215
228168	G	C	0/1	145,31
231114	C	G	1/1	0,216
232388	A	G	0/1	67,27
232435	C	G	0/1	91,27
234051	G	A	1/1	0,164
234477	T	G	1/1	0,59
234496	C	CGT	1/1	0,82
237749	G	C	0/1	50,19
240922	T	C	0/1	82,40
247190	G	A	0/1	43,22
261869	T	C	1/1	0,49
262021	C	G	0|1	15,36
262023	T	G	0|1	15,30
262024	GCC	G	0|1	18,24
262029	C	G	0|1	20,10
263944	G	C	0/1	63,25
264089	A	G	0/1	131,34
265554	A	C	1/1	1,259
276908	T	G	0/1	30,84
278681	C	G	1/1	0,165
280617	T	G	0/1	34,21
282188	G	A	0/1	79,11
283614	T	C	1/1	0,89
285684	G	C	0/1	31,18
285772	A	C	1/1	0,111
285871	A	G	1/1	0,56
288517	C	A	0/1	82,24
291907	T	G	0|1	81,39
291908	T	G	0|1	84,30
291909	C	G	0|1	84,18
293704	CT	C	1/1	0,84
294067	T	G	0|1	88,57
294069	A	G	0|1	88,36
294070	C	G	0|1	88,24
296892	C	T	0|1	167,60
296894	A	T	0|1	166,10
306718	G	T	0/1	95,22
307080	C	G	0/1	69,35
310973	G	A	1/1	0,165
311613	G	T	1/1	0,151
311748	C	T	0/1	114,24
312398	G	A	0/1	54,21
316129	C	G	1/1	0,114
316208	G	C	0/1	85,21
318376	C	G	0/1	38,10
324968	G	T	0/1	150,31
327636	G	C	0/1	115,31
336322	CAA	C	0|1	158,68
336325	T	G	0|1	155,68
336327	C	CGG	0|1	157,68
336332	G	C	0|1	165,60
336344	A	G	0|1	176,56
336345	T	C	0|1	175,56
336353	C	T	0|1	184,52
336356	GGAA	G	0|1	187,47
336360	C	CCTCCCCG	0|1	182,48
336369	C	T	0|1	187,59
336370	A	G	0|1	187,60
336380	A	T	0|1	194,87
336400	C	G	0|1	203,95
336403	C	G	0|1	194,92
336405	A	G	0|1	189,91
336422	TTG	T	0|1	174,64
336428	A	G	0|1	168,61
336431	C	T	0|1	165,59
336439	A	G	0|1	169,51
336441	C	T	0|1	169,41
336442	G	A	0|1	169,39
336449	T	C	0|1	156,31
336451	T	G	0|1	154,31
336452	A	G	0|1	159,29
336459	G	A	0|1	141,20
336468	G	GCGTCC	0|1	131,18
336472	C	CAG	0|1	133,24
336473	T	G	0|1	132,29
336476	A	AGTCG	0|1	126,32
336480	A	G	0|1	126,43
336504	G	T	0/1	112,71
336535	T	G	0|1	113,61
336537	T	G	0|1	113,61
336540	G	T	0|1	112,63
336546	T	G	0|1	109,64
336557	C	CT	0|1	99,55
336560	T	C	0|1	101,49
346275	C	G	1/1	0,205
356528	A	G	1/1	0,148
356820	C	G	0/1	110,16
357654	G	A	0/1	100,29
357885	C	T	0/1	132,18
376774	T	C	1/1	0,112
380683	C	T	0/1	133,35
384380	A	C	1/1	0,229
384668	G	C	0/1	77,23
385845	C	T	0/1	153,31
386432	C	G	1/1	6,115
390828	T	C	1/1	0,120
392376	G	C	0/1	126,49
393780	T	G	0/1	44,175
401900	A	C	0/1	60,24
403087	G	C	0/1	90,41
403980	G	A	1/1	0,213
404326	T	C	1/1	0,232
408723	C	T	1/1	0,161
410806	C	G	0/1	120,19
411499	C	G	0|1	86,31
411502	A	C	0|1	91,5
414486	C	T	1/1	0,179
420008	A	G	1/1	0,223
423552	C	G	0|1	72,45
423554	C	G	0|1	76,15
434847	G	T	0/1	137,25
444351	G	T	1/1	0,105
445521	A	G	0/1	112,13
450133	G	C	0/1	71,25
451577	G	A	0/1	169,29
453451	G	T	0/1	52,16
454295	T	C	1/1	0,149
457452	T	G	1/1	0,147
459399	A	C	1/1	0,105
470256	C	G	0/1	49,24
472488	A	G	0/1	114,29
472705	T	C	1/1	0,182
477256	G	C	0/1	49,29
478358	C	T	1/1	0,156
479369	G	C	0/1	84,21
486978	C	G	0/1	71,306
489021	C	G	0/1	47,49
489935	G	C	1/1	0,346
498557	C	A	1/1	0,79
501192	C	G	0|1	34,23
501195	T	G	0|1	31,8
502589	C	G	1/1	0,153
503354	G	C	1/1	0,234
505830	G	A	0/1	118,26
506306	G	C	0/1	89,33
510831	TCCGGGGGGCGCA	T	1/1	1,135
512257	G	C	0/1	13,5
513257	T	C	1/1	0,203
516125	C	G	0/1	129,34
517603	C	G	0/1	14,88
519833	G	C	0/1	72,25
520937	C	G	0|1	142,54
520940	A	G	0|1	137,27
525038	G	C	0/1	91,47
534691	C	T	1/1	1,225
541201	A	G	1/1	0,311
544996	T	G	0|1	67,52
544998	A	G	0|1	70,11
549808	G	C	0/1	81,19
550573	A	C	0/1	194,45
551525	A	C	1/1	0,150
557133	G	A	1/1	0,266
558971	G	C	0/1	76,36
560112	T	G	0|1	217,35
560115	T	G	0|1	219,18
562768	C	G	0/1	74,25
563420	T	C	1/1	0,118
563840	G	A	0/1	69,25
566609	C	A	0/1	88,32
569668	C	G	0/1	20,13
571044	G	A	0/1	37,198
571943	G	A	1/1	1,156
573262	A	G	1/1	0,194
573326	A	T	0/1	102,13
575127	T	G	0|1	86,30
575128	C	G	0|1	86,28
575131	T	G	0|1	87,9
584438	G	A	1/1	2,115
589536	G	A	1/1	0,184
590255	C	G	0|1	72,39
590257	GCCGACGC	G	0|1	90,34
590436	T	C	1/1	0,195
590830	C	G	0/1	70,32
597464	A	C	0/1	139,40
597816	A	G	1/1	0,328
598475	G	A	1/1	0,154
609091	C	G	0|1	84,83
609093	GCTGGCCA	G	0|1	111,78
610120	T	G	1/1	0,188
611263	T	A	0/1	36,164
612368	C	G	0/1	126,42
626301	A	C	0/1	86,23
632330	G	T	0/1	61,14
632654	G	C	0|1	51,32
632657	A	C	0|1	50,23
632658	A	C	0|1	50,18
632660	G	C	0|1	51,7
633399	T	C	0/1	91,20
637319	G	A	1/1	0,238
637922	C	T	1/1	0,104
643996	G	C	0|1	53,17
643997	A	C	0|1	51,8
648002	T	G	1/1	0,248
650703	C	G	0/1	25,26
650723	A	C	0/1	55,35
653515	A	C	0/1	117,53
655215	A	C	0/1	53,21
656190	G	C	0|1	139,48
656191	T	C	0|1	140,40
656193	G	C	0|1	137,17
660107	C	G	0/1	65,12
664027	G	C	0/1	69,21
664249	C	T	1/1	0,193
665293	A	G	1/1	0,259
666025	G	A	0/1	92,28
666338	G	C	0/1	83,24
667659	C	T	1/1	0,189
667937	G	C	0/1	35,18
669398	T	C	1/1	0,153
683923	C	A	0/1	80,19
685461	C	G	1/1	0,100
685608	T	C	1/1	0,194
686972	T	C	1/1	0,235
690465	T	G	1/1	0,95
690996	C	G	0/1	71,30
695817	G	C	0/1	98,32
698968	G	A	1/1	0,61
705490	C	G	0|1	50,18
705491	C	G	0|1	50,16
707052	T	G	0/1	17,11
709226	G	A	1/1	1,133
712929	G	C	0/1	28,15
716992	G	C	0/1	105,29
719592	C	G	0/1	56,29
725042	G	C	0/1	30,12
726497	G	C	0/1	82,29
726703	C	A	1/1	1,167
727212	GTCGTCCTCGA	G	0|1	84,43
727225	A	G	0|1	75,34
731719	C	T	0/1	116,28
733798	G	C	1/1	0,126
734758	GCC	G	0/1	53,17
736710	T	C	1/1	1,217
741066	T	G	0|1	87,41
741069	T	G	0|1	95,15
741070	C	G	0|1	94,12
741072	A	G	0|1	101,5
741355	G	C	0/1	59,34
746204	G	C	0/1	55,29
749489	G	C	0/1	82,30
750352	A	C	0/1	164,34
752343	A	G	1/1	0,143
754186	A	G	1/1	0,127
756556	C	A	0/1	142,37
762836	C	G	0/1	82,40
764995	C	G	1/1	0,181
769962	GC	G	1/1	0,209
773431	G	C	0/1	70,18
773635	C	A	0|1	61,16
773809	G	A	1/1	0,89
775639	T	C	1/1	0,123
781395	T	C	1/1	0,163
782167	T	C	0/1	170,25
782959	G	T	0/1	150,32
784440	G	T	0/1	184,41
786823	C	G	0/1	28,27
787189	GCGCGCGA	G	0/1	83,28
790180	A	G	1/1	1,126
795634	C	G	0/1	59,15
796509	G	T	1/1	0,172
797147	C	CGGGG	0|1	86,58
797149	C	G	0|1	91,30
799663	A	C	0/1	35,117
805080	G	A	0/1	16,67
806736	C	A	0/1	117,33
816088	T	C	0/1	34,160
816351	A	AGGGGG	0|1	132,49
816354	C	G	0|1	137,26
820483	G	T	1/1	0,167
828589	G	C	0/1	58,25
830478	CGCCGCCGCGCGTGCCTTGGTGGGGCCGCAGTTCCGCGGGCCGGGAAAG	C	0/1	115,48
831206	C	T	0/1	18,142
838074	C	T	0/1	9,14
841764	G	C	1/1	0,179
842016	T	G	0/1	172,19
845123	G	C	0/1	76,26
845966	C	A	0/1	81,25
852910	C	T	1/1	0,117
854252	GC	G	1/1	0,221
857696	A	G	1/1	0,207
859131	C	CA	1/1	0,187
864044	G	A	0/1	123,25
864761	G	C	0/1	107,24
870441	G	C	0/1	60,43
874835	C	CCG	1/1	0,242
876548	C	G	0/1	97,29
877852	G	C	0/1	77,30
878517	C	G	0/1	102,23
880562	G	T	1/1	0,200
880941	C	G	0|1	103,29
880944	T	G	0|1	102,13
881447	C	G	0|1	43,32
881448	T	G	0|1	43,6
881480	G	C	0/1	42,12
882257	T	C	1/1	0,133
882409	G	C	0|1	42,43
882410	T	C	0|1	40,22
882411	G	C	0|1	40,8
884140	C	A	0/1	86,35
885542	G	C	1/1	0,173
886529	G	C	0/1	105,32
888274	T	TGAA	0/1	31,47
888276	C	CGCCCCGGTG	0/1	35,1
893733	T	G	1/1	0,41
900221	T	C	1/1	0,203
903550	T	C	1/1	0,62
903913	T	C	1/1	0,165
906253	G	T	0|1	60,20
906254	C	T	0|1	64,11
906857	A	G	1/1	0,100
924778	C	A	0/1	117,24
940917	T	A	0/1	33,127
942205	G	C	0/1	89,53
942479	T	C	1/1	0,176
944072	T	C	0/1	128,22
945214	G	A	1/1	0,200
947089	T	G	0|1	117,16
947092	C	G	0|1	114,9
947099	C	T	0/1	13,109
949535	T	C	1/1	0,135
954927	C	G	0/1	23,10
955524	A	G	1/1	0,189
967057	G	C	0/1	38,20
972040	C	G	0/1	22,169
976758	T	G	0|1	83,57
976761	C	G	0|1	78,9
978549	G	C	0/1	29,11
979704	G	C	1/1	0,81
979856	C	G	0/1	86,41
981749	A	C	0/1	83,39
985067	A	C	0/1	25,14
985137	C	G	0/1	39,33
985338	T	G	0/1	11,15
986114	C	A	0/1	100,36
986463	G	C	1/1	0,266
989907	T	G	0|1	86,69
989909	C	G	0|1	86,19
990001	G	C	1/1	0,175
990533	T	C	0/1	97,25
991247	G	A	0/1	125,25
991579	C	A	0/1	115,35
993346	A	C	1/1	0,313
995455	C	T	0|1	89,33
995456	G	T	0|1	88,16
997910	G	T	0/1	160,36
998453	G	A	0/1	18,125
1001532	A	G	0/1	17,92
1002044	A	G	0/1	25,74
1003982	C	G	0/1	117,32
1008972	C	G	0|1	19,23
1008973	C	G	0|1	22,11
1010204	C	CG	1/1	0,135
1010731	A	C	0/1	151,54
1011752	A	C	0/1	83,34
1013171	G	C	0/1	57,29
1013619	T	C	0/1	172,39
1015770	C	G	0|1	56,20
1017234	C	G	0/1	91,32
1025106	T	C	1/1	0,212
1030385	G	C	0/1	116,27
1037012	T	C	1/1	0,102
1037030	A	C	0/1	86,27
1037355	T	C	1/1	0,205
1037911	C	T	1/1	0,186
1038871	C	G	0|1	46,22
1038873	A	C	0|1	47,3
1041445	C	T	1/1	0,223
1047165	T	C	1/1	0,207
1050515	T	G	0|1	89,39
1050517	T	G	0|1	88,13
1050943	T	G	0|1	89,31
1050947	C	G	0|1	100,21
1055049	C	T	0/1	116,22
1057788	T	G	1/1	0,249
1061676	GTGC	G	1/1	0,254
1062372	G	C	0|1	140,27
1062375	A	C	0|1	146,9
1067014	G	C	0/1	26,18
1068132	T	G	0|1	95,26
1068134	GCCGCACT	G	0|1	115,19
1068151	T	C	1/1	0,133
1068432	A	G	1/1	0,137
1070524	G	C	0/1	45,18
1070702	T	C	1/1	0,173
1071797	C	G	1/1	0,157
1074558	G	A	1/1	1,98
1075279	T	C	1/1	0,235
1076058	A	C	0/1	135,51
1076309	G	T	1/1	0,169
1077312	A	G	1/1	0,204
1079927	C	A	1/1	0,118
1081681	T	C	1/1	0,96
1083499	C	G	0/1	78,15
1085598	C	G	0/1	47,24
1087193	G	C	1/1	1,184
1093322	C	T	1/1	1,146
1098229	C	G	0/1	90,25
1100234	T	C	1/1	0,202
1103249	C	T	1/1	4,521
1103252	T	G	0/1	350,132
1106422	T	C	1/1	0,377
1106649	T	C	0/1	23,134
1107434	A	T	1/1	1,223
1107490	C	A	0/1	88,20
1107917	G	T	1/1	0,185
1109975	A	G	1/1	0,205
1114900	C	G	0/1	42,31
1120320	T	G	0|1	63,39
1120321	C	G	0|1	67,37
1120323	C	G	0|1	67,16
1120326	C	G	0|1	74,6
1123645	G	C	0/1	105,37
1126889	G	C	1/1	0,149
1127648	C	A	1/1	0,163
1128703	C	G	0/1	46,25
1129659	G	C	0|1	51,23
1129662	G	C	0|1	72,6
1132368	C	T	0/1	147,34
1133903	G	C	0/1	59,21
1135408	C	A	0/1	75,26
1135684	G	T	0/1	22,90
1142202	A	G	0/1	56,37
1142266	A	C	1/1	1,98
1145524	G	C	0|1	83,24
1145525	A	C	0|1	85,14
1148730	C	G	0/1	88,20
1149551	C	T	1/1	0,157
1150143	G	T	0/1	28,100
1150321	TGCCCGACAGCAAG	T	0/1	131,17
1150585	G	A	1/1	1,157
1151984	C	T	0/1	171,35
1157103	C	G	0|1	52,55
1157104	GTC	G	0|1	55,49
1163845	C	T	0/1	134,28
1164571	A	G	0/1	33,149
1165603	C	G	0/1	70,40
1168715	C	CT	1/1	1,198
1178116	T	C	1/1	0,163
1186010	C	T	0/1	97,20
1186485	G	A	0/1	46,14
1192749	G	C	0/1	89,41
1192914	G	C	0/1	79,39
1196648	C	G	0/1	184,35
1199547	G	A	1/1	1,150
1200110	G	C	0/1	94,43
1200418	A	G	1/1	0,238
1201289	G	A	0/1	153,38
1202180	C	A	0/1	128,27
1203165	C	G	0|1	84,15
1203167	GCCA	G	0|1	93,14
1203172	T	G	0|1	90,7
1204660	C	G	0|1	63,53
1204662	C	G	0|1	63,7
1206400	G	A	0/1	116,26
1207136	C	G	0|1	83,40
1207137	GTACT	G	0|1	98,34
1210768	C	A	0/1	90,28
1215886	C	G	0/1	127,25
1220680	T	C	1/1	0,176
1220913	T	G	0/1	89,47
1224367	T	C	1/1	0,84
1225107	C	G	0/1	91,33
1226312	G	T	0/1	62,11
1227254	C	G	0/1	103,41
1228285	C	A	0/1	85,35
1232764	C	G	0|1	100,30
1232766	A	G	0|1	105,13
1234954	T	G	0/1	61,11
1239078	C	A	0/1	138,42
1244018	G	C	0|1	101,65
1244019	G	C	0|1	100,61
1244021	CTGTCGG	C	0|1	138,43
1247871	T	G	0/1	48,39
1248978	T	C	1/1	0,84
1251539	G	C	0/1	75,19
1257561	C	G	0/1	79,70
1271174	G	T	0/1	87,24
1273034	G	C	0/1	109,28
1274335	G	A	0/1	39,222
1275706	C	G	0|1	80,47
1275709	A	G	0|1	74,21
1281118	T	C	1/1	0,204
1281443	C	G	1/1	0,164
1287727	G	A	0/1	88,37
1292102	A	G	1/1	0,114
1297327	G	A	1/1	2,166
1297999	T	G	1/1	0,122
1300254	AGC	A	0/1	198,39
1307598	C	G	1/1	0,147
1308541	G	C	0/1	31,18
1313247	A	C	0/1	30,17
1313337	A	AG	1|1	0,67
1313338	A	C	1|1	0,71
1315191	A	C	1/1	0,136
1315884	G	A	1/1	1,162
1319328	G	C	0/1	85,33
1327890	G	A	1/1	1,137
1327925	C	G	0/1	87,23
1328687	G	C	1/1	1,137
1337373	G	C	0/1	123,39
1337616	G	T	0/1	106,31
1337792	G	C	0|1	64,41
1337795	G	C	0|1	78,14
1346371	C	G	0/1	29,15
1347159	G	C	0/1	28,19
1348902	C	G	0/1	65,28
1354437	A	C	1/1	0,124
1357880	G	A	0/1	61,9
1360209	T	C	1/1	0,74
1360223	G	C	0/1	62,20
1361578	GCCGCC	G	0|1	79,23
1361585	C	G	0|1	78,18
1364434	C	T	0/1	41,217
1365270	C	G	0|1	128,37
1365271	GAT	G	0|1	134,35
1365837	C	CG	1/1	0,161
1367964	G	C	0/1	65,18
1371166	A	G	0/1	34,151
1373170	G	C	0/1	103,22
1374065	T	C	1/1	0,95
1375127	G	C	0/1	49,25
1375724	A	C	1/1	0,111
1377388	G	C	0/1	133,37
1381394	G	C	0|1	94,58
1381397	G	C	0|1	98,27
1381398	G	C	0|1	97,13
1382628	T	C	1/1	0,199
1388063	C	G	0/1	16,90
1388255	A	G	0/1	107,32
1389738	G	A	1/1	0,260
1389942	C	G	0/1	31,181
1393626	A	G	1/1	0,122
1396922	T	C	1/1	0,135
1397540	G	T	0|1	59,47
1397542	C	T	0|1	61,27
1397543	C	T	0|1	59,7
1404169	T	G	1/1	0,151
1408421	C	G	0/1	97,48
1410640	G	C	0/1	50,31
1411210	T	G	1/1	0,108
1413148	C	T	1/1	1,189
1413774	T	G	0|1	146,82
1413776	C	G	0|1	139,27
1414021	C	T	1/1	0,157
1417233	G	A	0/1	117,32
1417690	T	G	0|1	124,45
1417693	C	G	0|1	126,20
1421807	G	C	0|1	62,57
1422031	C	G	0/1	94,32
1422746	G	C	0/1	108,25
1424438	G	C	0|1	77,31
1424453	C	G	0|1	72,31
1424457	C	G	0|1	81,18
1428059	G	T	0|1	31,11
1428506	G	T	1/1	0,127
1429688	G	C	0/1	85,32
1430386	C	G	0/1	118,28
1430659	G	A	0/1	28,162
1434332	G	A	0/1	97,19
1439711	G	A	0/1	45,179
1440469	C	G	1/1	0,164
1445474	G	A	1/1	2,221
1445781	A	G	1/1	0,132
1446923	T	G	1/1	0,169
1448834	A	C	0/1	63,30
1452071	C	A	1/1	1,123
1454789	T	G	0/1	86,45
1457144	C	T	1/1	0,159
1461946	A	G	0/1	88,28
1464399	G	A	0/1	107,29
1464523	G	C	0/1	84,32
1467835	C	G	0|1	93,33
1467836	GCCAC	G	0|1	109,29
1471659	C	T	1/1	0,187
1474380	G	T	0/1	228,58
1477764	C	G	0|1	71,28
1477767	A	C	0|1	44,12
1482627	T	C	1/1	0,151
1482897	C	T	0/1	59,26
1483542	G	C	0/1	135,35
1484579	C	T	0/1	34,162
1484708	A	C	1/1	0,171
1491112	G	T	0/1	138,31
1495357	T	G	0|1	99,60
1495359	C	G	0|1	97,37
1495363	C	G	0|1	101,11
1499274	C	G	1/1	0,77
1500630	G	C	0|1	64,37
1500632	G	C	0|1	73,24
1500633	G	C	0|1	73,16
1500636	A	C	0|1	78,5
1502120	C	A	0/1	105,19
1503741	C	G	0/1	15,82
1509515	G	C	0/1	82,29
1512031	T	G	1/1	1,211
1521359	C	G	0/1	97,31
1522941	G	C	0/1	109,34
1526819	C	A	1/1	0,309
1527449	G	GT	1/1	1,322
1528337	T	G	0|1	177,31
1528338	T	G	0|1	180,21
1531188	T	G	0/1	35,122
1536251	G	T	1/1	1,125
1536490	G	T	0/1	122,39
1544401	C	G	0/1	148,48
1547125	T	C	1/1	0,310
1551162	A	G	0|1	112,33
1551165	C	G	0|1	111,8
1552547	G	A	1/1	1,141
1554806	G	C	0/1	37,15
1557755	A	G	0/1	84,30
1558972	C	G	0/1	94,24
1559499	G	C	0/1	45,17
1563717	C	T	1/1	3,164
1567246	A	G	0/1	28,125
1568609	C	G	0/1	100,40
1570566	C	A	1/1	0,164
1574119	C	T	0/1	46,182
1576420	G	C	0/1	84,26
1577332	C	G	0/1	81,40
1577606	G	C	0/1	72,23
1578175	C	G	0/1	81,18
1580119	C	T	0/1	38,29
1580142	G	C	0/1	30,23
1582999	G	C	0/1	54,19
1585405	C	G	0/1	45,13
1586249	C	T	1/1	0,136
1588456	A	G	1/1	0,110
1588899	G	T	1/1	0,147
1593503	A	G	0/1	104,38
1596922	G	T	0|1	54,32
1596924	A	T	0|1	54,11
1602499	G	C	0/1	95,16
1609840	A	G	1/1	0,105
1611225	C	A	0/1	95,36
1612624	T	TATCGGTACCGGTGCGCCAGGG	1/1	0,77
1613035	T	C	1/1	0,204
1613960	G	T	1/1	1,187
1615139	C	G	0/1	109,36
1620873	C	A	0/1	43,20
1624791	C	G	1/1	0,29
1625347	C	CG	0/1	126,35
1628145	G	A	0/1	41,16
1630123	G	C	0/1	57,26
1630148	A	C	1/1	0,162
1639594	C	A	1/1	0,155
1645802	T	C	1/1	0,125
1646131	G	C	0/1	91,39
1650072	A	G	1/1	0,131
1653870	G	C	0/1	82,34
1655546	T	G	0/1	104,21
1660022	T	G	0|1	98,36
1660025	T	G	0|1	101,17
1670257	CGTG	C	0|1	89,52
1670262	T	C	0|1	90,38
1670264	A	C	0|1	100,20
1676290	C	A	1/1	0,194
1679216	T	G	0/1	67,33
1681843	G	A	0/1	180,27
1686577	C	T	0/1	152,27
1689349	C	T	1/1	1,249
1691799	C	T	1/1	0,568
1692141	A	C	1/1	0,539
1692795	G	C	1/1	1,591
1692824	A	G	0/1	142,453
1693561	A	G	1/1	0,568
1695610	C	T	0/1	87,350
1697110	C	G	0/1	355,96
1698911	G	A	1/1	0,193
1706119	T	C	1/1	0,203
1709899	A	C	1/1	1,281
1709968	C	G	0/1	94,30
1713213	C	G	0|1	47,56
1713214	GAAC	G	0|1	62,55
1718761	C	T	1/1	0,159
1719322	G	A	1/1	0,173
1720323	C	A	0/1	125,34
1721702	G	C	0/1	103,29
1722316	G	C	0/1	88,50
1722470	G	T	0/1	104,25
1724120	G	A	0/1	119,27
1724516	G	C	0|1	109,39
1724519	G	C	0|1	117,18
1724522	G	C	0|1	113,5
1728676	A	G	0/1	241,66
1728837	A	G	1/1	0,272
1729657	C	G	0/1	82,22
1730329	C	T	0/1	33,173
1734994	C	T	1/1	1,138
1736638	C	T	1/1	0,154
1738661	C	G	0/1	197,27
1740535	G	A	0/1	69,22
1740771	A	C	1/1	0,130
1741317	G	C	0/1	30,23
1741501	G	C	0/1	50,18
1745096	G	A	0/1	124,42
1753519	G	GC	1/1	0,121
1755438	C	T	0/1	110,40
1755599	C	T	0/1	108,21
1756936	G	C	0/1	101,37
1757716	C	G	0|1	85,40
1757719	T	G	0|1	85,22
1757722	T	G	0|1	87,12
1759252	G	T	1/1	0,193
1760292	A	G	1/1	0,228
1764328	C	G	0/1	27,130
1769099	C	A	0/1	148,26
1771320	G	A	0/1	150,30
1772665	G	T	0/1	51,14
1772888	C	G	0/1	47,13
1777213	C	G	1/1	1,114
1778430	T	C	1/1	0,98
1793769	C	T	1/1	0,232
1798355	G	A	1/1	13,96
1803265	G	A	1/1	0,183
1804409	C	A	1/1	0,129
1805711	C	A	0/1	112,28
1805948	C	T	1/1	1,123
1806032	G	C	0|1	85,49
1806034	G	C	0|1	88,26
1806035	G	C	0|1	90,13
1809640	G	C	0/1	72,21
1810337	C	G	0/1	40,19
1810353	G	C	0/1	32,18
1813524	C	G	0/1	90,46
1816525	G	A	0/1	82,34
1816932	G	C	0/1	111,26
1817976	A	T	1/1	0,132
1818592	C	G	0/1	39,23
1819494	C	G	0|1	65,39
1819497	A	G	0|1	69,24
1819498	GCT	G	0|1	74,21
1821900	G	C	0/1	65,19
1823093	C	T	0|1	69,1
1823096	G	T	0|1	75,25
1832179	G	C	0/1	101,33
1836286	G	C	1/1	0,103
1836690	A	G	0/1	72,52
1841464	G	C	0/1	88,30
1846757	G	A	0/1	5,37
1847068	G	C	0/1	40,38
1847233	G	C	0/1	52,32
1847742	T	TCCC	0|1	70,37
1847744	G	C	0|1	71,31
1847746	G	C	0|1	73,24
1847811	A	C	1/1	0,110
1847919	C	G	1/1	0,152
1848411	C	G	0/1	88,36
1854300	T	C	1/1	0,122
1856777	G	C	1/1	0,171
1857246	T	G	0|1	60,21
1857248	GCCC	G	0|1	69,19
1858874	C	T	0/1	15,7
1861274	G	A	1|1	1,144
1861293	GTCGCT	G	0|1	99,40
1861301	C	G	0|1	96,28
1861671	C	G	0/1	26,15
1877645	CGG	C	0/1	155,37
1878871	G	C	0/1	104,14
1883510	C	G	0/1	51,51
1883936	G	A	0/1	103,31
1885289	G	C	0/1	30,34
1885772	G	A	1/1	0,140
1894300	G	GGTCTTGCCGC	1/1	0,148
1896537	G	C	0/1	105,30
1897304	G	T	0/1	99,26
1899289	C	G	0/1	67,29
1899351	T	C	1/1	0,230
1901493	T	C	1/1	0,155
1903207	G	C	0/1	66,15
1906692	C	G	0/1	145,45
1907296	G	C	1/1	0,178
1909792	G	C	0/1	98,36
1910172	C	G	0|1	86,61
1910176	T	G	0|1	80,47
1910178	GAC	G	0|1	77,41
1910182	C	G	0|1	70,19
1910547	C	G	0/1	24,13
1917972	A	G	1/1	1,155
1931179	C	A	1/1	0,213
1933988	G	A	1/1	0,253
1934938	G	C	0/1	42,22
1940689	C	A	0/1	71,16
1942332	C	T	0/1	22,131
1943039	C	T	1/1	0,100
1943592	C	T	1/1	0,215
1944107	A	G	1/1	0,167
1944402	T	C	1/1	0,149
1944642	CT	C	1/1	0,128
1947903	G	T	1/1	0,135
1950767	T	C	1/1	1,269
1953648	T	C	0/1	23,118
1960284	C	A	1/1	0,130
1963489	T	G	0|1	70,18
1963490	C	G	0|1	70,15
1964119	A	C	0/1	24,92
1967237	C	A	1/1	0,201
1974893	C	G	0/1	87,22
1979930	C	A	0/1	101,23
1981056	C	T	1/1	1,118
1986122	C	G	0/1	121,57
1986124	GATT	G	0/1	118,46
1993808	A	T	1/1	1,121
2004460	G	A	0/1	93,24
2007785	C	T	1/1	0,259
2008538	T	C	0/1	48,183
2008913	C	T	0/1	34,166
2011886	G	C	0/1	38,29
2015691	G	C	0/1	117,31
2017073	T	G	0/1	54,10
2017074	C	G	0/1	52,10
2017077	C	G	0/1	53,10
2019942	A	G	0/1	196,38
2020973	G	C	0/1	97,27
2022868	T	C	1/1	0,143
2036880	C	G	0|1	95,24
2036881	T	G	0|1	99,15
2036884	C	G	0|1	103,6
2036885	C	G	0|1	102,2
2038561	C	A	0/1	150,39
2041586	G	C	0|1	81,40
2041587	CGTGCTT	C	0|1	99,34
2053411	G	C	1/1	0,198
2053682	C	T	1/1	0,152
2054644	T	G	0/1	17,92
2055271	A	G	1/1	0,141
2056780	C	G	0/1	152,31
2057774	A	T	1/1	0,153
2058002	T	G	0/1	141,29
2064230	C	G	0/1	151,34
2069770	G	C	0/1	74,49
2074829	T	G	0|1	70,33
2077200	G	C	0/1	45,16
2084526	G	A	0/1	134,18
2084560	T	G	0/1	23,136
2086712	G	T	0/1	124,26
2090889	G	A	0/1	84,18
2092848	T	C	0/1	82,20
2094911	ACAGCGT	A	1/1	0,169
2095229	A	C	0/1	79,24
2096186	A	G	1/1	0,123
2097990	A	C	1/1	1,159
2100004	T	G	0|1	62,29
2100006	T	G	0|1	62,9
2103693	C	G	0/1	45,17
2106005	G	C	0/1	53,17
2106310	A	C	0/1	42,19
2108141	T	C	1/1	0,99
2108470	G	C	0|1	110,28
2108474	G	C	0|1	113,13
2109523	C	CG	1/1	0,77
2112492	C	A	0/1	118,27
2116903	C	T	1/1	0,132
2118473	C	G	0/1	72,18
2119175	C	G	0/1	54,26
2119771	C	G	0/1	61,31
2119824	G	T	0/1	74,44
2122395	C	T	0/1	21,157
2123169	T	G	1/1	0,245
2126366	G	C	1/1	1,151
2128870	A	G	1/1	0,122
2129702	T	G	0|1	109,16
2129705	A	G	0|1	108,13
2129872	G	C	0/1	106,34
2132368	C	T	0/1	221,61
2133468	T	TTCGCATGCCGTCACC	1/1	0,140
2133668	C	A	0/1	33,179
2134215	T	C	1/1	0,150
2135733	C	G	0/1	63,31
2135870	T	C	1/1	2,200
2137521	A	ACTCCGATCAC	1/1	0,170
2138936	C	A	0/1	50,18
2138947	G	C	0/1	45,18
2139699	T	A	0/1	24,133
2143328	G	C	1/1	0,171
2146098	A	C	1|1	0,3
2146101	T	C	1|1	0,3
2146104	C	CG	1|1	0,3
2146108	AT	A	0|1	1,2
2147022	A	C	1/1	0,173
2147223	C	G	0/1	67,26
2153819	C	G	0/1	90,26
2159238	G	C	0/1	85,32
2174216	A	G	1/1	0,181
2179564	G	GCACGGCCCCGTGCACCTGGGCGATGGTGATC	0|1	28,81
2179566	T	TG	0|1	28,8
2179650	A	G	1/1	0,33
2195025	T	C	0/1	26,140
2195407	C	G	0/1	101,33
2199229	C	G	0/1	65,65
2199684	G	A	0/1	43,157
2201853	G	A	0/1	163,27
2203483	G	C	0/1	168,43
2203544	T	G	0|1	130,43
2203545	GTATGTC	G	0|1	152,37
2206809	G	C	0|1	122,44
2206810	A	C	0|1	127,22
2207525	C	T	1/1	0,309
2207591	T	TC	1/1	0,206
2210740	A	C	0/1	33,126
2211826	A	G	1/1	0,157
2213265	G	A	1/1	1,179
2216248	C	G	1/1	0,137
2216443	C	A	1/1	0,103
2218163	G	C	0/1	67,33
2218990	C	G	0/1	56,39
2219913	C	G	0/1	91,34
2220512	T	G	1/1	1,154
2222854	A	G	0/1	44,227
2223293	T	C	1/1	0,207
2224639	T	G	0|1	113,47
2224641	T	G	0|1	115,7
2228771	C	G	0/1	130,42
2228967	A	G	1/1	0,228
2229856	G	C	0/1	75,40
2230136	G	A	0/1	18,126
2231132	G	A	1/1	0,279
2234247	C	CGG	0/1	38,150
2234742	G	C	0/1	45,181
2235455	G	T	0/1	78,15
2241452	G	C	0/1	15,10
2243191	A	C	0/1	54,184
2243376	C	G	0/1	150,37
2244376	C	G	0/1	19,16
2245532	T	C	1/1	0,196
2251999	A	G	1/1	0,163
2254537	G	C	0|1	122,29
2254538	T	C	0|1	124,9
2257780	T	G	1/1	1,217
2258339	C	T	0/1	81,37
2259692	C	G	0/1	115,40
2260525	C	T	1/1	0,168
2263181	G	T	0/1	40,182
2264782	C	A	1/1	0,223
2265059	T	G	1/1	0,226
2266487	G	C	0|1	255,68
2266504	T	TA	0|1	253,76
2266508	A	T	0|1	250,72
2266511	GT	G	0|1	255,70
2266517	T	C	0|1	254,68
2266550	G	T	0|1	217,64
2266553	C	G	0|1	215,59
2266583	C	G	0|1	129,41
2266598	G	C	0|1	159,37
2266604	C	G	0|1	180,44
2266613	G	GC	0|1	234,51
2266624	G	T	0/1	263,47
2267372	A	G	1/1	1,200
2268725	A	AG	0|1	15,228
2268726	C	CGTCCGGGCGTGCAGCACAGTCGAATCGAGTGCGTAGACCTGCATGCTATA	0|1	17,221
2269780	T	C	1/1	0,133
2270102	A	G	1/1	0,152
2270783	C	G	0/1	79,23
2278442	C	G	0/1	78,15
2280826	G	C	0/1	53,27
2282787	C	T	1/1	0,223
2283030	A	G	1/1	0,169
2285251	C	A	1/1	0,259
2287121	A	G	1/1	0,219
2290573	C	G	0|1	85,35
2290574	A	G	0|1	85,14
2293373	G	C	0/1	52,18
2312271	G	C	0/1	89,26
2312432	C	G	0/1	16,123
2316912	G	A	0/1	16,109
2327427	A	C	0/1	50,27
2327492	C	T	0/1	98,26
2327501	G	A	0/1	66,16
2327933	C	G	0/1	21,53
2328114	C	G	0|1	65,31
2328115	A	G	0|1	67,17
2329533	A	G	1/1	0,144
2330051	C	G	0/1	74,22
2334007	A	G	1/1	0,225
2334386	G	T	0/1	38,31
2335075	A	G	1/1	0,229
2335494	A	G	1/1	0,96
2338194	AC	A	0/1	11,47
2338276	G	T	0/1	33,12
2341266	G	C	0/1	46,14
2341636	C	G	1/1	0,137
2345037	C	A	1/1	0,111
2345439	C	G	0|1	30,18
2345441	T	G	0|1	27,7
2351054	T	C	0/1	71,24
2352819	G	C	0/1	105,56
2357075	C	T	0/1	1,4
2357268	TGCC	T	1/1	0,3
2357569	T	C	0/1	30,11
2359002	G	C	0/1	56,23
2361604	C	G	1/1	0,108
2362041	C	A	1/1	1,144
2364301	G	A	0/1	65,19
2368564	TA	T	1/1	0,242
2375484	C	G	0/1	99,36
2376551	G	T	0/1	71,21
2377302	C	G	0/1	40,14
2385139	G	C	0/1	60,29
2385695	C	T	0/1	127,28
2386149	G	C	0/1	93,32
2386389	G	A	1/1	0,107
2389869	C	A	0/1	114,24
2393955	C	G	0/1	62,23
2401825	TGGCTCCTCCTCACCCCGTTACCCGGGGCGCATCGTCGCCGAGCTCGATTTGATTGCCC	T	1/1	0,44
2403036	G	C	0/1	93,30
2408844	C	G	0/1	100,27
2413623	G	C	0/1	5,4
2414476	C	G	0/1	79,22
2415656	G	C	1/1	0,58
2420535	C	A	0/1	38,16
2420904	G	C	0/1	39,26
2424925	A	G	1/1	0,224
2426684	C	G	0/1	74,26
2429292	C	A	0/1	125,20
2429581	T	G	0/1	87,19
2429584	T	G	0/1	97,3
2429585	C	G	0/1	106,3
2438919	A	C	0/1	149,29
2440926	G	T	1/1	0,187
2443167	C	G	0/1	50,36
2443188	G	A	0/1	43,20
2443317	GCGCCCGA	G	0|1	111,59
2443327	T	G	0|1	111,37
2443374	C	G	0/1	89,28
2446642	G	C	0/1	88,26
2452129	C	G	0|1	47,24
2452131	T	G	0|1	48,15
2452132	C	G	0|1	49,10
2452756	C	A	0/1	77,13
2454611	GT	G	0/1	22,87
2462048	A	C	0/1	56,30
2462871	G	A	1/1	0,148
2463094	G	A	1/1	2,210
2468467	T	C	0/1	108,23
2473837	C	G	0|1	67,50
2473839	A	G	0|1	78,18
2478579	T	G	1/1	4,88
2483997	G	A	0/1	33,121
2484255	T	G	1/1	0,141
2484751	A	G	0/1	98,27
2485516	A	C	0/1	34,10
2489978	C	T	0/1	21,127
2490453	C	G	0/1	22,8
2494623	A	G	0/1	100,38
2499175	A	C	0/1	63,20
2499414	G	A	0/1	45,34
2499726	G	A	1/1	0,169
2501768	G	C	0/1	89,47
2502073	C	T	1/1	1,81
2503625	C	T	1/1	1,213
2505103	G	C	0|1	113,59
2505106	G	C	0|1	117,16
2507847	C	T	0/1	131,25
2509140	G	C	1/1	0,56
2509722	A	G	1/1	0,143
2512591	A	G	0|1	130,47
2512593	T	G	0|1	128,11
2516321	C	T	0/1	114,31
2521342	T	C	1/1	0,180
2523205	G	GCGC	1/1	0,40
2523708	T	G	0|1	20,39
2523710	C	G	0|1	19,21
2524602	T	G	0|1	123,42
2524604	C	G	0|1	122,19
2525168	T	G	0|1	79,37
2525169	C	G	0|1	82,19
2525170	A	G	0|1	83,11
2525722	CG	C	1/1	0,136
2527676	G	A	1/1	1,182
2529680	A	G	1/1	0,180
2532695	G	C	0/1	67,29
2534562	GGA	G	1/1	0,130
2535261	G	C	0/1	59,15
2536218	G	C	0/1	48,44
2540344	G	C	0/1	154,52
2545999	A	C	0/1	71,45
2548135	A	C	0/1	106,22
2557802	C	A	0/1	54,17
2564464	C	G	0|1	101,43
2564466	C	G	0|1	104,19
2573756	C	A	1/1	0,211
2577987	A	C	0/1	23,21
2580400	C	A	0/1	92,23
2580948	C	A	0/1	114,36
2582239	G	C	0/1	113,25
2584264	C	G	0|1	116,50
2584266	A	G	0|1	126,26
2584267	A	G	0|1	127,11
2586127	A	G	1/1	0,143
2586853	G	T	0/1	73,14
2588711	C	G	0/1	36,17
2588725	G	C	0/1	11,18
2591198	G	C	0|1	99,67
2591199	G	C	0|1	96,59
2591202	G	C	0|1	100,22
2591203	G	C	0|1	98,7
2592253	G	T	0/1	46,12
2596988	G	GCGCGCCGCC	0/1	45,9
2598400	A	G	1/1	0,137
2599821	C	A	1/1	0,110
2601991	G	C	0/1	18,18
2609897	G	C	0/1	54,18
2612092	G	A	0/1	74,36
2612632	C	A	1/1	4,200
2613875	C	T	0/1	398,100
2617632	A	AT	1|1	0,219
2617633	C	T	1|1	0,214
2621058	G	A	1/1	0,131
2625321	C	G	0/1	52,24
2631157	C	G	0|1	126,47
2631162	T	G	0|1	113,28
2639968	G	C	0/1	110,27
2642553	G	C	0/1	73,18
2642693	G	C	0/1	83,46
2651984	C	G	0|1	42,18
2651985	C	G	0|1	41,16
2654286	G	C	0/1	62,27
2654371	G	A	1/1	0,200
2656225	A	G	1/1	0,201
2656292	C	G	0|1	69,39
2656294	GCAC	G	0|1	66,37
2660319	C	G	1/1	0,157
2664299	G	C	1/1	3,156
2666485	G	C	0/1	27,21
2680658	T	G	1/1	0,168
2682161	G	T	0/1	70,18
2684762	C	G	0/1	118,28
2685921	C	T	0/1	162,44
2690354	T	G	0|1	117,36
2690357	A	G	0|1	124,15
2695378	C	G	1/1	0,185
2698585	C	T	1/1	1,206
2699067	A	C	0/1	65,44
2701034	C	G	0/1	105,31
2704884	A	ACAGCGACCATATCGCCGAGCT	1/1	0,66
2705439	C	G	0|1	81,40
2705440	GCT	G	0|1	91,34
2711231	C	G	0/1	39,15
2712180	T	G	0/1	78,27
2713795	C	T	1/1	0,123
2715586	C	G	0/1	7,12
2716973	T	C	0/1	105,40
2717710	C	T	1/1	1,123
2718848	T	C	0/1	30,142
2718852	T	G	1/1	0,171
2726338	T	G	0|1	156,46
2726341	T	G	0|1	163,24
2726756	C	G	0|1	123,52
2726758	A	G	0|1	129,13
2729453	C	A	0/1	147,32
2734074	T	C	1/1	0,77
2736434	C	A	1/1	1,152
2737851	G	C	0/1	75,39
2739624	G	C	0/1	58,35
2745889	C	T	1/1	0,154
2746186	C	G	0/1	80,21
2751804	C	T	1/1	0,72
2751912	G	A	0/1	26,126
2752698	C	A	1/1	0,246
2760152	A	G	1/1	0,123
2762312	G	C	0/1	64,43
2765168	G	C	0/1	102,29
2767634	G	C	0/1	73,25
2770671	C	G	0/1	74,19
2770897	C	G	0/1	52,23
2779136	T	C	1/1	0,180
2784612	C	CGGTGGCGTTTCGAACATTTGCTCATTCCTTTCCT	1|1	1,154
2786952	A	G	1/1	1,208
2794586	C	G	0/1	93,33
2799397	A	C	0/1	69,34
2809621	T	C	1/1	0,107
2809971	A	C	0/1	62,36
2811286	T	G	0|1	104,35
2811289	T	G	0|1	110,11
2814952	C	T	0/1	225,44
2818837	A	G	1/1	0,187
2821342	C	T	1/1	0,141
2822585	T	C	0/1	34,14
2827984	G	T	1/1	0,177
2828019	T	C	1/1	0,179
2830525	C	A	1/1	0,220
2840443	C	G	0/1	81,20
2845759	G	C	0|1	39,13
2845761	G	C	0|1	39,6
2847112	G	C	0/1	76,32
2849069	G	C	0|1	70,23
2849070	A	C	0|1	75,11
2852303	C	T	0/1	130,31
2855259	A	G	1/1	0,95
2857014	G	A	1/1	0,148
2859680	G	C	0/1	65,18
2864559	A	C	0/1	4,5
2865760	A	G	1/1	0,196
2865882	T	C	1/1	0,156
2868080	G	C	0|1	86,42
2868083	G	C	0|1	92,11
2868659	C	G	1/1	0,175
2868745	T	TCCCCCCCCCCCCCCCCC	0|1	65,57
2868747	G	C	0|1	68,11
2871048	C	T	1/1	0,104
2873374	G	A	0/1	58,12
2876054	C	G	0/1	38,33
2876064	T	C	0/1	32,40
2880702	G	C	1/1	0,279
2881282	C	G	0/1	72,32
2881455	A	G	1/1	0,117
2881597	AG	A	1/1	0,207
2886509	T	G	0|1	119,61
2886511	C	G	0|1	118,36
2887277	A	C	0/1	40,25
2888112	G	C	0/1	19,14
2888201	T	C	1/1	0,116
2889633	T	C	1/1	0,91
2891126	G	C	0/1	76,21
2891267	C	T	1/1	1,145
2891728	A	G	1/1	0,131
2892983	G	C	0|1	70,56
2892984	T	C	0|1	71,53
2892986	CATCTCGA	C	0|1	112,44
2892997	G	C	0|1	120,5
2893238	C	A	1/1	0,154
2894208	G	A	1/1	0,157
2894794	A	C	0/1	26,145
2894854	C	T	1/1	0,175
2902705	G	C	0/1	47,12
2906918	A	T	1/1	0,144
2910461	G	T	1/1	0,87
2911293	C	G	1/1	0,91
2912294	T	G	1/1	0,160
2917564	C	G	0/1	50,29
2923391	T	C	1/1	0,72
2927640	C	T	0/1	35,144
2927939	T	C	1/1	0,177
2935009	G	C	0/1	44,18
2938807	C	G	0/1	69,32
2939373	G	C	1/1	0,108
2939657	T	C	1/1	0,108
2942566	G	C	0/1	60,29
2945167	G	T	0/1	72,98
2946157	T	C	1/1	0,249
2949887	G	C	0/1	90,43
2953481	G	C	0/1	129,47
2954439	T	C	1/1	0,241
2963444	G	C	0/1	148,31
2965061	C	A	0/1	79,21
2968267	C	T	0/1	28,137
2968913	T	C	1/1	0,182
2976558	AC	A	0/1	29,143
2984740	A	G	1/1	0,147
2985117	G	C	0|1	64,28
2985118	A	C	0|1	64,27
2985120	G	C	0|1	68,12
2995742	G	C	0|1	48,41
2995745	G	C	0|1	61,17
3004791	C	T	0/1	54,33
3005185	G	T	1/1	0,183
3009692	A	G	1/1	0,164
3009722	C	G	0/1	68,32
3012688	G	GC	0/1	129,21
3014368	G	C	0/1	101,23
3015503	C	CGGG	0|1	14,44
3015508	C	G	0|1	17,25
3017465	T	C	1/1	0,243
3023459	GA	G	0/1	57,9
3026382	C	T	0/1	77,40
3027809	G	C	0/1	88,25
3028101	A	AC	1/1	1,214
3029610	G	A	1/1	1,205
3030948	G	T	0/1	86,42
3031697	G	C	0/1	123,39
3034609	T	G	0/1	29,122
3040209	C	A	0/1	28,119
3041871	G	T	1/1	1,185
3043989	C	G	0/1	44,16
3056873	C	G	0/1	41,19
3061519	G	A	0/1	91,13
3069099	C	CGGGGG	0|1	127,66
3069103	C	G	0|1	146,17
3073868	T	C	1/1	0,88
3080510	G	C	0/1	94,32
3080795	A	G	1/1	0,215
3080859	T	G	0/1	47,45
3081216	G	C	0/1	62,40
3081375	G	C	0/1	82,25
3083743	C	T	0/1	78,28
3086788	T	C	1/1	0,305
3088813	C	G	0|1	31,16
3088815	C	G	0|1	31,6
3089679	G	A	0/1	123,22
3092757	G	C	0/1	60,36
3095714	G	A	0/1	27,125
3096833	A	C	0/1	40,189
3099269	A	C	1/1	0,205
3103682	T	C	1/1	0,114
3104064	A	C	0/1	103,31
3106722	G	C	0/1	48,27
3108055	C	T	1/1	0,48
3108674	A	C	1/1	0,179
3112819	G	C	0/1	103,28
3113577	A	C	0/1	43,40
3118976	C	G	0/1	41,143
3127639	G	C	0/1	156,39
3131469	T	TTGTCGGCGA	1/1	0,131
3134818	G	C	0/1	74,17
3137058	G	A	1/1	0,148
3143551	G	C	0/1	60,19
3146997	C	T	0/1	17,64
3147539	GTAGTT	G	0/1	32,21
3150597	G	A	0/1	126,33
3151452	C	G	0/1	47,27
3158935	G	C	0/1	105,23
3161270	G	A	0/1	92,56
3161579	G	A	0/1	17,59
3165074	T	C	1/1	0,98
3165949	C	T	0/1	54,24
3166191	C	T	0/1	29,172
3170225	C	G	0/1	94,30
3175702	T	C	1/1	0,211
3177884	C	A	1/1	0,169
3178445	C	G	1/1	0,155
3179435	G	C	0/1	95,22
3183473	C	G	0/1	40,22
3186074	C	G	0/1	60,25
3186091	C	A	0/1	84,37
3186860	T	G	1/1	0,102
3188488	A	C	0/1	69,34
3188711	G	C	0/1	53,12
3188749	G	C	0/1	52,18
3190145	TC	T	1/1	1,103
3191027	G	A	1/1	1,136
3197223	G	C	0/1	87,28
3204121	G	C	0/1	74,25
3206884	C	G	0|1	69,20
3206886	C	G	0|1	71,12
3206887	GCAC	G	0|1	75,12
3207107	G	C	0/1	22,97
3207200	G	C	0/1	47,15
3207297	G	T	1/1	0,135
3210198	G	C	0/1	134,34
3211364	A	C	0/1	67,27
3213263	G	C	0/1	51,18
3214790	C	T	1/1	1,197
3217421	T	C	0/1	19,129
3217565	T	G	0|1	67,36
3217567	C	G	0|1	67,13
3217938	C	G	0/1	104,34
3222177	C	G	0/1	120,39
3226181	A	C	1/1	0,158
3227211	C	G	0/1	50,35
3227281	C	G	0/1	71,17
3227485	A	C	0/1	88,37
3228143	G	T	1/1	0,69
3231777	A	C	0/1	67,17
3232163	C	A	0/1	99,20
3232303	G	T	0/1	119,26
3234684	G	T	0/1	37,187
3236230	C	A	1/1	0,178
3239256	A	C	0/1	89,24
3241882	A	C	0/1	161,36
3243630	G	A	1/1	0,285
3244042	G	T	0/1	182,37
3244674	G	A	0/1	25,145
3256494	A	G	1/1	0,129
3260301	A	G	1/1	1,175
3261299	T	G	0|1	81,32
3261301	C	G	0|1	82,14
3262352	C	G	0/1	105,46
3263556	G	C	0/1	27,31
3266116	A	C	0/1	50,22
3267743	A	G	0/1	178,34
3269581	A	G	1/1	0,214
3270784	A	G	1/1	0,156
3271050	C	G	0/1	95,25
3275243	G	C	0/1	129,29
3277633	G	A	0/1	36,178
3285945	C	G	0/1	26,74
3295978	G	C	0/1	99,29
3296843	A	G	1/1	0,91
3297340	G	A	0/1	45,212
3301238	G	C	0/1	136,38
3302304	G	C	0/1	200,66
3308606	G	A	1/1	1,290
3310177	G	C	0/1	70,32
3312632	C	T	1/1	0,359
3317121	G	C	0/1	87,155
3320926	T	C	0/1	54,12
3321425	G	T	0/1	80,41
3324070	G	C	0/1	88,34
3326244	C	G	0/1	84,25
3327709	A	C	0/1	77,26
3328409	G	C	0/1	48,26
3329901	C	G	0/1	18,16
3336825	T	C	1/1	0,68
3338603	G	C	1/1	0,158
3354165	G	C	0/1	63,29
3354896	C	T	1/1	0,113
3358235	A	T	1/1	1,227
3360235	C	CGGG	0|1	92,36
3360239	C	G	0|1	110,26
3363338	A	G	1/1	0,203
3364693	C	G	0/1	34,139
3366236	G	C	0|1	102,43
3366239	A	C	0|1	102,38
3367765	G	A	1/1	0,222
3373038	A	C	0/1	44,12
3373258	C	G	0|1	75,51
3373260	A	G	0|1	73,6
3378620	C	A	0/1	114,32
3383754	C	G	0/1	82,42
3389768	C	T	0/1	8,74
3390430	T	C	0/1	72,17
3398766	G	C	0/1	88,46
3399916	G	C	0/1	60,21
3402816	C	T	1/1	0,187
3405166	G	C	0/1	20,22
3409678	C	G	0/1	37,23
3409697	A	C	0/1	58,17
3411061	G	C	0/1	48,55
3412342	C	A	0/1	194,34
3415180	ACACCTAGGGGGTGG	A	1/1	0,190
3415847	T	G	0|1	86,32
3415848	C	G	0|1	93,20
3416797	T	G	0/1	130,42
3418031	C	G	0/1	76,35
3418328	T	G	1|1	0,219
3418330	G	A	1|1	0,220
3423249	C	CGCGAGCAGACGCAGAATCGCCCAAAATCCAAGATTTTGAGGCGATTCTGCGTCTGCTCGCGCAACCGG	1/1	0,60
3425854	C	T	1/1	0,134
3426077	C	G	0|1	34,23
3426079	GCC	G	0|1	37,22
3426459	G	C	0/1	31,29
3426795	C	G	1/1	0,152
3428917	C	A	1/1	0,206
3429202	T	G	1/1	0,114
3431142	C	G	0/1	86,19
3433049	G	C	0/1	107,33
3435246	G	C	0/1	148,41
3437253	GACCCGCA	G	0/1	57,24
3440464	T	G	1|1	0,148
3440468	G	C	1|1	0,142
3442718	C	A	0/1	141,25
3449673	C	A	0/1	142,46
3451105	CGACGT	C	0|1	107,41
3451112	G	C	0|1	106,34
3453261	C	G	0/1	19,127
3456666	A	G	1/1	0,185
3457300	C	G	0/1	50,26
3460986	G	A	1/1	1,126
3461679	G	C	0/1	47,17
3461930	C	T	0/1	86,18
3462135	G	C	1/1	0,111
3469594	G	C	0/1	85,35
3471985	G	C	0/1	88,27
3473996	G	GA	1/1	0,186
3477680	C	G	0/1	327,83
3478480	C	A	0|1	223,19
3478482	T	G	0|1	210,17
3478485	A	G	0|1	203,17
3478488	G	A	0|1	184,16
3478489	T	C	0|1	182,16
3478667	T	C	0/1	179,60
3481059	G	C	0/1	153,69
3481298	G	T	0/1	184,42
3486977	A	G	1/1	0,255
3495277	G	C	0/1	79,44
3503231	G	C	1/1	0,247
3503384	G	A	0/1	38,179
3503895	C	T	1/1	0,116
3504930	C	T	0/1	182,34
3504979	A	C	0/1	30,155
3506064	G	C	0/1	121,45
3513364	C	G	0|1	91,41
3513367	C	G	0|1	86,12
3514512	G	C	0/1	84,20
3517529	C	T	0/1	31,25
3518167	A	G	1/1	0,88
3518555	A	G	1/1	1,130
3518960	T	G	0/1	33,24
3524107	C	G	0|1	125,25
3524110	C	G	0|1	125,24
3524111	GCTGCT	G	0|1	142,23
3524119	T	G	0|1	142,11
3524305	C	G	0/1	81,21
3524841	C	CGGGGGGGGGGGGGGGG	0|1	54,65
3524844	C	G	0|1	73,11
3525315	G	C	0/1	66,19
3525477	C	G	0|1	77,61
3525480	C	G	0|1	83,34
3525483	C	G	0|1	86,12
3529516	G	C	0/1	93,45
3531882	T	C	0/1	185,26
3537496	C	A	0/1	113,26
3538546	C	G	0/1	68,23
3548641	T	C	1/1	0,240
3556275	A	G	1/1	0,242
3558749	G	T	0/1	15,65
3560497	C	A	0/1	94,36
3561155	G	A	0/1	221,54
3567652	A	G	0|1	129,64
3567655	C	G	0|1	126,16
3568920	G	C	0/1	54,43
3569632	G	A	0/1	115,23
3570818	C	G	0|1	44,30
3570821	C	G	0|1	45,12
3573102	C	G	0/1	134,41
3580636	CT	C	1/1	0,160
3581414	A	G	1/1	0,170
3583839	T	G	0|1	131,47
3583840	C	G	0|1	133,16
3585596	A	G	0/1	34,16
3585603	C	A	0/1	42,35
3590686	G	GC	1/1	0,66
3591063	T	C	1/1	0,185
3594124	C	T	1/1	0,167
3595483	A	ACTGGCAGCGTAGT	1/1	1,191
3601898	C	A	0/1	42,188
3604821	G	C	1/1	1,81
3607424	A	C	0/1	102,34
3610441	C	T	1/1	1,216
3611039	G	C	0/1	86,36
3611043	C	G	0/1	99,34
3612009	C	T	1/1	0,81
3614770	G	C	0/1	38,198
3614982	T	C	1/1	0,211
3622441	A	C	1/1	0,85
3625065	T	G	1/1	0,110
3626599	C	G	0/1	125,23
3629267	G	C	0/1	67,12
3632890	C	G	0/1	51,42
3635994	CGTCGG	C	0|1	83,45
3636002	G	C	0|1	93,23
3638354	G	C	0/1	46,27
3638399	G	C	0/1	126,29
3642925	G	C	0/1	31,26
3644364	C	A	0/1	57,24
3645897	G	T	0|1	80,27
3645900	C	G	0|1	82,8
3648100	C	T	0/1	116,16
3648360	C	G	0/1	40,28
3653723	CGCGGA	C	0|1	86,46
3653730	A	C	0|1	90,46
3666460	G	C	0/1	76,22
3670372	C	T	0/1	112,34
3675649	G	A	0/1	45,233
3680644	C	T	0/1	125,26
3680773	C	G	0|1	89,34
3680776	GTTC	G	0|1	101,31
3680781	C	G	0|1	101,10
3683403	A	C	0/1	45,39
3684787	G	C	0/1	86,30
3686258	G	T	0/1	7,49
3689523	G	T	1/1	0,109
3692757	G	T	0/1	72,15
3693057	C	G	0/1	41,14
3696774	T	G	0|1	81,46
3696778	T	G	0|1	76,15
3697554	C	T	0|1	125,30
3697925	G	C	0/1	127,40
3697994	T	C	0/1	149,45
3700783	G	A	0/1	26,127
3701212	T	C	0/1	112,48
3701316	C	G	0/1	113,35
3704596	G	C	1/1	1,265
3704711	C	G	0|1	90,73
3704712	GCAGCTGCAC	G	0|1	97,72
3704724	C	G	0|1	84,38
3704756	A	C	0/1	88,31
3706809	C	T	0|1	15,123
3706810	C	T	0|1	15,117
3714211	G	T	1/1	0,160
3714757	A	C	1/1	0,186
3718357	C	T	1/1	0,162
3721806	G	C	1/1	0,158
3727149	C	T	0/1	32,132
3775312	C	G	0|1	60,25
3775315	C	G	0|1	64,7
3775422	C	G	0/1	69,25
3776706	C	T	1/1	0,162
3778418	C	G	0/1	109,37
3781085	G	C	0/1	88,41
3787452	C	G	0|1	90,37
3787454	C	G	0|1	91,15
3794884	G	A	1/1	1,261
3798095	A	C	1/1	0,216
3799332	C	G	0/1	72,24
3804180	G	T	0/1	43,14
3804522	C	G	0/1	84,44
3804525	C	G	0/1	90,13
3805292	C	G	0/1	132,29
3806066	T	G	0|1	102,40
3806068	C	G	0|1	101,21
3808390	G	A	0/1	36,201
3814035	C	G	0/1	120,31
3816846	C	T	0/1	21,113
3817117	C	A	1/1	0,136
3820545	A	G	0/1	87,16
3823159	A	T	1/1	0,214
3823907	G	A	0/1	189,42
3825361	G	C	0/1	102,31
3825560	C	G	1/1	2,124
3825743	C	G	0/1	66,29
3826684	C	T	1/1	1,246
3828926	G	C	0/1	36,16
3829152	G	A	0/1	51,12
3829380	G	C	0|1	64,41
3829383	G	C	0|1	64,10
3829384	T	C	0|1	64,3
3829770	T	C	1/1	0,124
3832185	C	G	0/1	111,29
3835789	G	C	0/1	107,34
3837812	C	G	0|1	76,31
3837813	C	G	0|1	80,20
3837814	C	G	0/1	84,11
3838871	A	G	1/1	0,144
3840719	T	C	0/1	163,27
3843760	T	C	0|1	242,20
3843779	A	AGTGACTTTTGGTGCGACGCCGAGTGGGCGGGCCTGCGCGGT	0|1	234,18
3853625	C	G	0/1	147,39
3859376	C	T	1/1	1,139
3859893	C	T	1/1	0,88
3861823	A	C	0/1	98,30
3862472	GA	G	1/1	0,91
3863470	A	G	0/1	28,128
3863921	G	C	0/1	44,21
3864995	T	C	1/1	0,184
3865601	G	A	0/1	105,22
3865612	G	C	0/1	106,29
3867389	G	A	0/1	119,25
3867473	G	C	0/1	115,29
3869353	CA	C	0/1	13,61
3870386	C	G	0|1	115,31
3870388	C	G	0|1	115,8
3873392	T	G	1/1	1,160
3874191	T	C	1/1	0,101
3874302	G	A	0/1	37,189
3877421	A	G	1/1	0,267
3881187	G	A	1/1	0,164
3885886	T	C	1/1	0,153
3888289	G	C	0/1	60,35
3892671	A	G	1/1	0,202
3896340	T	G	1/1	0,189
3898408	A	G	1/1	0,113
3902908	G	C	0/1	19,110
3907954	CG	C	0/1	113,21
3914781	T	G	0/1	67,31
3914809	G	C	0/1	83,22
3919361	G	T	0/1	148,38
3922857	C	A	0/1	102,42
3938880	GC	G	0|1	59,20
3938883	GTC	G	0|1	62,14
3938887	GTC	G	0|1	58,11
3938892	C	G	0|1	50,7
3939526	G	A	0/1	24,199
3952800	G	A	1/1	2,133
3958403	A	G	1/1	0,224
3959418	C	T	1/1	0,204
3960050	C	G	0|1	98,34
3961678	G	C	0/1	60,17
3962913	T	G	0|1	97,43
3962916	A	G	0|1	104,7
3964463	AG	A	0/1	296,70
3966693	C	G	0|1	34,7
3966694	C	G	0|1	36,6
3966708	G	C	0/1	50,19
3973407	G	A	0/1	80,28
3973783	G	C	0/1	44,22
3973950	G	C	0/1	52,14
3974314	G	C	0/1	99,24
3977226	G	A	1/1	0,232
3981347	C	A	0/1	43,13
3982766	G	T	0/1	32,21
3983271	T	G	1/1	1,126
3987013	G	C	0/1	109,34
3990244	C	G	0/1	44,37
3992028	G	A	0/1	12,91
3992367	G	C	0/1	69,19
3993372	C	G	0|1	94,42
3993376	A	C	0|1	92,16
3993450	T	G	0|1	111,37
3993451	TCACCCC	T	0|1	136,7
3994232	C	G	0/1	83,20
4005607	T	C	1/1	0,106
4007349	T	C	0/1	50,21
4010384	G	C	0/1	48,48
4015274	G	C	0/1	107,33
4024273	T	C	1/1	0,147
4026899	G	A	1/1	0,121
4033995	G	C	0|1	99,62
4034000	G	C	0|1	124,28
4034001	T	C	0|1	127,26
4034004	G	C	0|1	136,7
4034827	C	T	1/1	0,112
4038287	G	A	1/1	0,186
4039991	C	T	0/1	21,121
4042761	G	A	1/1	0,195
4043365	G	T	0/1	130,27
4046938	C	G	0/1	23,22
4049580	G	C	0/1	69,33
4050906	G	T	0/1	60,14
4051840	G	T	0|1	50,12
4051841	C	T	0|1	51,5
4055801	G	A	1/1	0,185
4058348	C	T	0/1	98,26
4059904	A	G	1/1	0,210
4065032	A	C	0/1	68,41
4068928	G	A	0/1	18,124
4069292	G	A	1/1	0,179
4071606	G	T	0/1	186,46
4074981	G	C	0/1	114,36
4081485	C	G	0|1	101,24
4081489	C	G	0|1	105,14
4081490	C	G	0|1	106,5
4088346	G	A	1/1	0,186
4090242	TA	T	0/1	15,101
4093879	TG	T	1/1	0,46
4095001	CG	C	1/1	0,62
4095894	C	T	0/1	17,4
4096073	G	C	0/1	8,16
4096453	C	G	0/1	72,17
4100975	T	C	1/1	0,119
4102097	T	G	0/1	20,31
4107250	C	G	0/1	106,31
4108201	A	C	0/1	83,43
4109354	A	C	1/1	0,165
4110190	G	A	0/1	33,134
4111303	G	C	1/1	0,252
4127921	G	A	0/1	33,119
4134312	A	G	0/1	115,21
4135112	G	A	1/1	0,152
4136575	C	G	0/1	115,44
4144693	G	A	0/1	50,42
4146330	A	G	1/1	0,129
4146726	G	C	0/1	81,25
4156099	C	A	1/1	0,142
4159202	C	G	0/1	32,19
4160632	A	C	0/1	83,50
4162339	A	G	1/1	1,255
4163428	C	A	0/1	97,24
4163944	A	G	1/1	0,207
4170784	G	A	0/1	29,188
4173019	C	G	0/1	82,27
4173108	G	C	0/1	130,40
4174564	T	C	1/1	1,88
4177789	G	A	0/1	130,37
4180302	G	C	0/1	46,13
4182695	G	A	1/1	1,137
4187485	T	C	1/1	0,246
4187817	A	G	1/1	0,179
4197138	C	CT	1/1	0,224
4198611	CG	C	1/1	0,211
4204441	A	G	1/1	1,262
4207811	G	C	0/1	132,41
4208439	G	A	0/1	32,116
4210274	A	G	1/1	0,169
4211977	C	G	0|1	85,75
4211978	T	G	0|1	86,68
4211981	C	G	0|1	96,48
4211982	GACC	G	0|1	113,37
4218273	T	C	0/1	65,27
4218350	T	C	0/1	192,46
4220174	G	A	1/1	0,175
4221490	C	G	1/1	0,154
4222073	A	G	1/1	0,127
4222882	A	G	1/1	0,175
4223856	G	C	0/1	84,33
4230015	T	G	0|1	127,48
4230018	T	G	0|1	134,20
4230133	C	T	0/1	54,14
4230577	C	T	0/1	239,39
4233299	G	A	1/1	1,207
4234241	G	C	0/1	66,22
4238471	C	A	0/1	57,16
4238670	C	T	0/1	23,108
4241056	C	G	0/1	72,24
4241128	G	C	0/1	66,32
4241429	T	G	0/1	29,47
4242643	C	T	1/1	0,113
4249504	G	C	0/1	72,26
4249987	G	A	0/1	127,20
4250859	G	T	0/1	165,36
4255922	A	G	1/1	0,103
4257220	A	G	1/1	0,159
4264218	C	A	1|1	0,211
4264219	T	G	1|1	0,209
4266375	T	C	0/1	83,35
4271660	T	G	0/1	21,117
4273842	A	C	0/1	191,47
4275640	C	A	0/1	94,24
4278360	C	G	0/1	109,36
4284473	G	A	0/1	53,241
4288212	C	T	0/1	42,155
4288405	G	T	0/1	132,24
4293072	G	A	1/1	0,324
4295154	C	T	0/1	48,199
4297059	C	G	0/1	46,20
4306155	C	T	1/1	0,165
4306254	G	T	0/1	63,21
4307179	G	A	1/1	0,175
4309118	A	C	0/1	81,24
4309956	A	C	0/1	18,85
4311871	G	A	1/1	0,171
4315384	T	C	1/1	0,156
4318147	C	A	0|1	97,39
4318148	G	A	0|1	101,11
4319652	G	A	1/1	1,261
4320050	A	G	1/1	1,221
4324964	C	T	0/1	52,20
4325765	A	G	0/1	93,26
4327912	C	G	0/1	112,39
4328652	C	G	0|1	52,35
4328655	T	G	0|1	57,6
4332293	G	T	0/1	72,24
4335769	C	G	0/1	92,31
4336090	A	AT	1/1	1,227
4337005	A	C	0/1	16,80
4338595	GC	G	1/1	0,181
4338732	G	A	1/1	1,285
4340330	T	G	1/1	0,288
4343248	C	G	0/1	44,33
4344172	C	A	0/1	49,22
4344611	T	G	0|1	112,28
4344614	T	G	0|1	121,14
4345081	C	G	0|1	111,49
4345083	T	G	0|1	110,18
4345087	C	T	0|1	108,8
4345420	G	T	0/1	27,150
4351039	G	T	1/1	0,163
4352454	G	C	0/1	93,41
4356110	G	C	1/1	0,196
4358817	G	C	0/1	22,23
4359195	G	A	0/1	159,32
4360893	C	T	0/1	44,19
4362747	C	T	0/1	63,21
4364686	T	G	0|1	65,36
4364689	C	G	0|1	66,16
4366272	G	C	1/1	0,149
4366613	G	C	0/1	100,28
4369176	G	C	0/1	31,21
4372661	T	C	1/1	1,241
4373475	C	G	0/1	137,32
4373496	C	G	1/1	0,148
4374065	G	A	0/1	111,39
4377447	G	A	0/1	162,50
4379680	C	G	1/1	0,168
4380236	T	G	0/1	187,33
4381599	C	G	0/1	19,10
4381944	C	T	0/1	177,42
4382054	T	C	1/1	0,131
4382275	G	T	1/1	0,141
4382924	T	C	0/1	31,122
4383094	A	G	1/1	0,153
4383144	C	CCGGGG	1/1	0,132
4385745	T	C	0/1	173,39
4386962	CG	C	0/1	44,181
4390106	C	G	1/1	0,17
4391553	C	T	1/1	0,145
4393652	A	G	0|1	96,51
4393656	T	G	0|1	100,16
4395964	C	A	1/1	0,145
4397552	G	A	0/1	91,19
4398141	G	A	0/1	8,76
4400660	AC	A	1/1	0,89
4403900	A	G	0/1	133,19
4404694	G	A	0/1	23,136
4407307	G	C	0|1	127,22
4407308	T	C	0|1	127,4
4408156	A	C	1/1	1,213
4410715	T	C	0/1	239,61
