1302	C	A	0/1	68,117
1977	A	G	1/1	0,247
2532	T	C	0/1	55,157
4013	T	C	1/1	0,190
6112	G	C	0/1	56,143
7362	G	C	1/1	0,192
7585	G	C	1/1	0,171
8452	C	T	0/1	47,132
9143	T	C	0/1	60,117
9260	G	C	0/1	64,111
9304	G	A	1/1	0,167
11879	A	G	1/1	0,186
13175	A	G	0/1	50,91
13298	G	C	0/1	47,114
13460	A	G	0/1	48,100
14251	G	A	0/1	111,39
14401	A	G	0/1	48,129
14785	T	C	1/1	0,197
15088	C	T	0/1	47,102
15117	C	G	0/1	51,109
16526	C	T	0/1	36,89
17608	G	C	0/1	107,56
21795	G	A	1/1	1,147
21819	A	C	0/1	63,96
22961	T	G	0/1	56,121
23174	C	A	0/1	60,89
24698	GCCGCGTTGCTCGGGGTAAC	GC	0/1	55,26
26347	C	G	0/1	69,116
26959	C	G	1/1	2,176
27199	G	A	0/1	47,111
27469	ATAGG	GTAGT	0/1	64,91
27996	T	C	0/1	56,94
29789	G	A	0/1	52,130
30980	CCG	CCGATCG	0/1	74,95
31142	C	T	0/1	70,106
33457	C	T	0/1	121,58
33551	T	G	0/1	117,67
34044	T	C	1/1	1,213
34926	AGGCAAAGGA	AGGCAAAGGGGCAAAGGA	0/1	38,91
35097	T	C	0/1	161,58
36538	T	C	0/1	53,93
37031	C	G	1/1	0,149
39623	C	G	0/1	75,109
39758	A	G	0/1	74,109
40162	C	T	0/1	92,54
41151	C	A	0/1	47,90
42281	C	A	0/1	52,123
42967	G	C	1/1	0,165
43945	A	G	0/1	58,122
46735	G	A	0/1	75,147
49976	C	T	0/1	69,131
50854	T	C	0/1	148,75
51949	A	G	0/1	60,121
54394	A	G	0/1	51,98
59816	G	C	0/1	55,107
59896	ATG	AG	0/1	51,83
60821	C	T	0/1	94,42
62049	A	G	1/1	0,141
63771	C	T	0/1	132,54
64028	C	T	0/1	59,163
65159	G	A	0/1	51,117
65663	C	G	0/1	59,116
66892	C	G	0/1	53,86
68174	T	C	0/1	50,131
69989	G	A	1/1	0,136
70267	G	T	0/1	46,126
70816	A	G	1/1	0,155
71336	G	C	1/1	1,117
71584	CCG	CCGAGCGCTGTTCTGGCGCTAATCTGACGCTAGAATAGCG	0/1	53,10
74059	C	T	0/1	93,50
74737	T	G	0/1	57,112
75233	C	A	0/1	49,112
75421	G	A	0/1	116,69
75940	G	C	1/1	0,170
79281	CCCACATC	CCCACATCCACATC	0/1	57,79
79479	T	C	0/1	73,133
79504	TCGGTGGACCCGGTGGACCCGGTGGACCCGGTGGACCCGGTGGACCC	TCGGTGGACCCGGTGGACCCGGTGGACCCGGTGGACCC	0/1	52,27
82843	TCCCGT	TCCGT	0/1	59,127
83343	C	T	0/1	64,103
89200	G	T	0/1	71,113
89871	C	T	0/1	70,102
92199	T	G	1/1	0,156
97696	T	C	0/1	49,132
98966	G	C	0/1	51,99
101119	G	A	0/1	99,55
101727	G	A	0/1	100,56
103352	C	T	0/1	50,89
103600	A	G	0/1	56,84
109106	C	T	0/1	118,55
115499	T	G	0/1	52,104
116000	T	G	1/1	0,149
122109	A	G	1/1	0,180
123520	T	C	0/1	65,132
123740	TGC	TC	0/1	75,114
125830	GAAAAGT	GAAAAAGT	1/1	2,174
126803	A	G	0/1	47,125
126853	G	A	0/1	45,115
131174	TGGTGC	TGGGTGC	1/1	1,175
133839	C	T	1/1	0,161
133862	G	A	0/1	113,48
135542	G	A	0/1	149,60
137233	C	T	0/1	48,180
137673	G	A	0/1	62,134
139556	ACCCGT	ACCCCGT	0/1	64,109
139756	T	C	0/1	47,136
139954	A	C	0/1	66,151
143207	T	C	0/1	65,139
144433	CC	GT	0/1	59,86
144564	C	T	0/1	61,134
146087	T	C	1/1	0,155
146788	G	A	0/1	65,104
146872	C	T	0/1	61,120
147970	C	T	0/1	68,143
154283	T	C	1/1	0,192
157292	C	T	0/1	148,67
157663	G	A	0/1	117,60
160976	C	G	0/1	53,111
162226	G	A	0/1	61,122
162581	G	A	0/1	125,52
167986	C	T	0/1	45,78
168787	C	T	0/1	80,98
170523	TCCCCCGGCGGC	TCCCCGGCGGC	0/1	51,105
176303	C	T	0/1	118,46
177175	G	C	0/1	58,132
194040	C	A	0/1	57,140
194305	CCA	CGGCA	0/1	50,92
194681	G	C	1/1	0,161
195360	T	C	0/1	59,160
196642	C	T	1/1	0,202
196874	C	T	0/1	66,129
199470	T	G	0/1	55,105
200379	C	T	0/1	73,165
202886	G	C	0/1	52,121
203269	C	T	0/1	141,65
206339	T	C	1/1	0,167
206481	CGGG	GGGT	0/1	38,116
207226	T	C	0/1	141,63
208316	ATTCA	ATCA	0/1	63,100
208321	GT	GCG	0/1	64,99
211993	C	A	0/1	59,99
212353	C	T	0/1	103,60
215238	C	T	0/1	50,111
217201	T	C	0/1	60,84
223747	CGGGGCCCC	CGGGGGCCCC	0/1	64,100
223942	T	C	1/1	0,172
225315	G	A	0/1	85,94
225323	T	C	1/1	0,176
225668	C	T	0/1	60,114
226676	G	A	0/1	63,100
227098	T	C	1/1	1,166
230576	GTC	GTTC	0/1	54,108
231114	C	G	1/1	0,162
233358	A	C	0/1	46,96
233364	G	C	0/1	51,102
234051	G	A	0/1	110,53
234477	T	G	1/1	3,96
234496	CCT	CGTCT	1/1	0,83
235681	G	A	0/1	54,110
236512	C	T	0/1	81,142
241465	G	A	0/1	60,103
243598	A	G	0/1	45,116
244550	A	G	0/1	55,102
251575	G	A	0/1	59,117
251669	T	C	0/1	74,118
251938	G	T	0/1	109,52
254903	C	A	0/1	60,137
257301	CCGTCGGCGAC	CC	0/1	58,65
257788	GCCGT	GAGGATCATCAAGGGTGCGTCGCGGAAGTACCGT	0/1	60,21
260282	G	T	0/1	39,83
261869	T	C	1/1	0,134
263057	T	G	0/1	55,88
263149	A	C	0/1	53,55
264298	C	A	0/1	62,118
264984	C	G	0/1	52,107
265170	CGGGCA	CGGCA	0/1	54,101
265554	A	C	1/1	0,189
267552	CT	AG	0/1	121,14
272678	C	T	0/1	65,128
273568	G	T	0/1	45,88
278681	C	G	1/1	1,164
281454	C	A	0/1	65,118
282188	G	A	0/1	169,60
282604	A	T	0/1	37,129
282822	C	G	0/1	123,44
283614	T	C	1/1	0,189
285772	A	C	1/1	0,143
285871	A	G	1/1	0,148
290374	T	C	0/1	51,75
291977	G	A	0/1	53,133
293628	ACCCCCGA	ACCCCCCGA	0/1	48,83
293704	CTTTTTGGGC	CTTTTGGGC	0/1	107,50
294170	G	A	0/1	68,136
297396	G	A	0/1	48,113
302615	T	C	0/1	133,63
303414	C	T	0/1	53,130
304923	A	G	0/1	62,113
310973	G	A	1/1	0,163
311613	G	T	1/1	0,163
316129	C	G	0/1	99,62
320180	A	G	0/1	40,110
325505	T	C	0/1	52,107
326002	A	G	0/1	55,113
331588	G	A	0/1	54,98
333212	G	C	0/1	53,87
333292	A	G	0/1	51,123
336380	A	T	0/1	171,75
336400	CAGCGA	GAGGGG	0/1	156,70
336504	G	T	0/1	187,158
336535	TGTTGG	GGGTGT	0/1	153,115
336546	T	G	0/1	149,118
336557	CGGTTACA	CTGGCTATGGCA	0/1	128,68
342146	A	C	0/1	45,159
343281	G	C	0/1	58,117
343453	G	T	0/1	128,63
344288	C	G	0/1	47,97
346275	C	G	1/1	0,182
351875	G	A	0/1	51,121
356528	A	G	1/1	0,156
357582	G	A	0/1	59,117
361081	G	A	0/1	70,147
376774	T	C	1/1	0,181
378357	T	G	0/1	73,133
378939	G	C	0/1	63,121
381030	A	G	0/1	63,121
382822	G	A	0/1	63,135
384380	A	C	1/1	0,141
386432	C	G	1/1	0,149
390828	T	C	1/1	0,161
391853	A	G	0/1	48,95
392261	T	C	0/1	52,85
393941	C	T	0/1	75,142
396750	G	A	0/1	50,121
397071	A	G	0/1	66,114
403980	G	A	1/1	5,176
404326	T	C	1/1	4,192
406023	G	C	0/1	63,112
406274	T	C	0/1	60,87
406599	G	A	0/1	58,128
408723	C	T	0/1	117,56
412280	T	G	0/1	69,133
414486	C	T	1/1	3,184
416475	CAG	CAAG	0/1	60,116
420008	A	G	1/1	0,167
420405	C	T	0/1	55,140
424250	A	G	0/1	60,103
437128	G	A	0/1	72,53
438271	G	A	0/1	55,108
439711	T	C	0/1	50,159
440510	G	T	0/1	65,114
442988	G	A	0/1	55,107
444351	G	T	0/1	107,60
445400	C	T	0/1	66,103
445780	C	T	0/1	57,85
446747	C	T	0/1	49,117
447442	C	T	0/1	59,102
447525	G	C	0/1	72,125
451029	C	A	0/1	71,138
452288	C	T	0/1	50,106
453659	C	A	0/1	46,100
454295	T	C	1/1	0,139
455325	CGGGT	GGGGC	0/1	82,131
456487	C	A	0/1	79,118
456511	G	A	0/1	75,107
457452	T	G	1/1	0,157
459399	A	C	1/1	0,144
468357	A	G	0/1	59,130
469042	C	T	0/1	50,155
471666	A	G	0/1	58,101
472705	T	C	0/1	114,56
478358	C	T	0/1	164,54
483935	T	G	0/1	60,136
485230	C	T	0/1	65,195
485584	G	T	0/1	54,185
485785	T	G	0/1	44,177
489935	G	C	1/1	1,223
491742	T	C	0/1	55,151
492150	G	C	0/1	57,96
492655	G	A	0/1	66,145
495198	A	G	0/1	57,109
495473	C	T	0/1	45,105
498531	A	G	0/1	82,114
498557	C	A	1/1	1,175
502589	C	G	1/1	2,174
503354	G	C	1/1	1,225
505974	G	A	0/1	57,115
508435	C	T	0/1	52,119
510831	TCCGGGGGGCGCAC	TC	0/1	95,46
513257	T	C	1/1	1,144
514657	T	G	0/1	67,101
517358	T	C	0/1	49,106
517411	A	G	0/1	60,100
519185	T	G	0/1	54,111
522081	A	G	0/1	50,137
524891	C	A	0/1	49,115
526385	G	T	0/1	51,107
527050	G	A	0/1	43,112
527316	C	G	0/1	63,81
528354	C	A	0/1	66,120
528781	G	A	0/1	45,133
532367	T	C	0/1	69,95
534427	T	A	0/1	64,132
534691	C	T	0/1	147,67
534864	G	T	0/1	58,112
541201	A	G	1/1	0,192
542959	C	T	0/1	50,124
546357	A	G	0/1	69,134
549251	C	T	0/1	58,136
551525	A	C	1/1	0,135
554523	C	T	0/1	75,91
555945	T	C	0/1	61,106
555991	A	G	0/1	59,120
556035	G	T	0/1	49,105
557133	G	A	0/1	113,66
560664	CAA	TAG	0/1	41,133
562497	C	T	0/1	63,154
563420	T	C	0/1	144,62
564723	C	T	0/1	42,105
565404	G	T	0/1	53,115
565655	A	G	0/1	80,119
566980	C	T	0/1	78,117
567065	C	G	0/1	57,111
568693	G	T	0/1	42,107
571943	G	A	0/1	125,47
573262	A	G	1/1	0,155
573384	T	G	0/1	56,87
574757	G	T	0/1	51,96
575368	T	C	0/1	65,97
584171	T	C	0/1	58,125
584438	G	A	0/1	114,56
584511	G	T	0/1	51,119
589536	G	A	0/1	97,50
590436	T	C	1/1	0,174
590763	G	C	0/1	65,135
591965	G	A	0/1	73,121
592584	A	G	0/1	54,163
595374	T	C	0/1	137,217
595432	C	T	0/1	257,46
595501	G	A	0/1	59,104
596833	CGGGGGGCT	CGGGGGCT	0/1	168,54
597816	A	G	1/1	0,190
598020	TTAC	CTAT	0/1	206,24
598029	AT	GG	0/1	213,25
598043	GCG	CAC	0/1	204,26
598076	TTCA	ATCG	0/1	171,86
598095	GA	CG	0/1	153,59
598104	T	C	0/1	166,49
598111	T	C	0/1	161,47
598117	A	G	0/1	162,38
598128	CA	GG	0/1	170,35
598140	C	G	0/1	171,24
598147	G	A	0/1	172,22
598475	G	A	1/1	0,202
599868	A	G	0/1	46,149
610120	T	G	1/1	0,200
615938	G	A	0/1	58,113
621390	G	A	0/1	51,136
627350	C	G	0/1	52,100
632330	G	T	0/1	85,51
637319	G	A	1/1	0,180
637922	C	T	0/1	118,60
638558	A	C	0/1	57,120
639835	C	T	0/1	64,154
640233	C	T	0/1	72,103
641791	G	T	0/1	53,130
643101	A	G	0/1	115,69
643449	C	T	0/1	57,101
643483	G	A	0/1	60,103
645445	C	T	0/1	38,122
646163	C	A	0/1	56,118
646531	A	T	0/1	46,128
648002	T	G	1/1	0,209
648856	T	C	0/1	67,105
649345	C	T	0/1	66,102
654996	C	T	0/1	59,125
655707	G	A	0/1	39,104
655986	T	G	0/1	58,133
657578	A	G	0/1	48,103
659341	T	C	0/1	57,104
662911	T	C	0/1	48,95
663410	A	C	0/1	117,19
663418	AGC	CAA	0/1	111,19
663429	T	G	0/1	120,27
663907	G	A	0/1	112,70
664249	C	T	0/1	142,58
665293	A	G	1/1	0,180
667659	C	T	0/1	130,64
669398	T	C	1/1	0,178
670545	G	A	0/1	79,133
678440	C	T	0/1	64,133
682713	C	A	0/1	59,123
684290	A	G	0/1	84,142
685461	C	G	1/1	0,191
685608	T	C	1/1	0,191
685955	G	A	0/1	67,157
686066	A	G	0/1	57,83
686972	T	C	1/1	0,191
687602	C	A	0/1	51,105
688792	TGGGGCGG	TGGGGGCGG	0/1	48,97
690248	C	A	0/1	44,87
690450	A	C	0/1	54,86
690465	T	G	1/1	0,135
698968	G	A	1/1	0,170
700776	T	C	0/1	57,101
703945	A	T	0/1	54,115
704997	G	A	0/1	41,94
705602	T	C	0/1	47,99
705609	G	A	0/1	49,96
709226	G	A	0/1	119,54
712192	GCCC	GACCC	0/1	46,101
712693	A	G	0/1	47,104
713310	T	C	0/1	44,105
715266	A	G	0/1	50,130
716324	G	A	0/1	50,96
717537	C	T	0/1	59,126
717588	A	G	0/1	47,124
718984	G	A	0/1	57,88
720049	C	A	0/1	58,124
720863	G	T	0/1	75,104
722852	G	A	0/1	49,91
724712	TGGGCGCG	TGGCGCG	0/1	72,50
726498	C	A	0/1	38,71
726703	C	A	0/1	131,58
727020	G	T	0/1	59,61
730087	G	A	0/1	94,121
733798	G	C	0/1	121,74
734116	T	C	0/1	70,153
736710	T	C	0/1	134,73
740281	C	A	0/1	59,137
749968	T	C	0/1	52,128
751017	T	C	0/1	111,55
751264	C	T	0/1	75,122
752046	C	T	0/1	58,147
752343	A	G	0/1	112,63
753392	T	C	0/1	44,137
753668	C	T	0/1	43,149
754186	A	G	1/1	2,164
754387	G	A	0/1	48,82
757182	A	G	0/1	53,120
761140	A	T	0/1	54,86
761155	C	T	0/1	88,60
761345	G	A	0/1	43,114
763031	T	C	0/1	47,129
763531	G	C	0/1	49,130
763884	CCC	TCA	0/1	51,103
764809	C	T	0/1	69,102
764817	T	C	0/1	103,68
764995	C	G	0/1	148,61
767414	G	A	0/1	53,91
767480	C	G	0/1	109,58
767609	A	G	0/1	90,126
769962	GCCCTA	GCCTA	0/1	88,42
770657	G	A	0/1	40,109
772089	C	T	0/1	46,118
773449	G	A	0/1	65,116
773809	G	A	0/1	110,63
775639	T	C	1/1	0,200
776100	G	A	0/1	52,101
776702	G	A	0/1	212,27
776726	G	A	0/1	200,26
781395	T	C	1/1	2,185
784440	G	T	0/1	140,59
786137	A	C	0/1	37,97
790083	C	T	0/1	139,66
790180	A	G	0/1	139,65
793702	C	T	0/1	58,134
796509	G	T	0/1	97,63
797597	C	T	0/1	55,114
799136	ACCCCCCCTAC	ACCCCCCTAC	0/1	51,108
800357	C	A	0/1	51,94
810287	C	G	0/1	38,157
811492	C	G	0/1	61,129
812502	C	T	0/1	57,128
815236	T	C	0/1	75,124
815851	A	G	0/1	38,78
817696	G	A	0/1	54,122
819213	T	C	0/1	61,117
820483	G	T	1/1	0,148
820752	C	T	0/1	67,108
821907	T	C	0/1	49,76
824429	C	T	0/1	77,140
829719	G	A	0/1	42,91
830868	GGCGCGCGCGT	GGCGCGCGCGCGT	0/1	55,102
835526	G	A	0/1	58,108
838439	G	T	0/1	112,67
841494	CA	GG	0/1	71,110
841764	G	C	1/1	0,166
843391	G	A	0/1	121,44
847995	T	C	0/1	58,122
850985	A	G	0/1	54,125
852289	G	A	0/1	63,123
852910	C	T	1/1	0,136
854252	GCCCCCCCCCAGG	GCCCCCCCCAGG	1/1	1,163
857696	A	G	1/1	0,191
859131	CGGTA	CAGGTA	0/1	111,40
864166	C	T	0/1	54,129
865761	C	T	0/1	63,90
871271	A	C	0/1	55,96
874835	CCA	CCGCA	1/1	0,190
880562	G	T	1/1	0,173
882257	T	C	1/1	0,170
884134	C	G	0/1	59,131
885542	G	C	0/1	143,44
885689	G	T	0/1	49,119
888774	G	A	0/1	172,40
893733	T	G	1/1	0,201
894888	T	C	0/1	48,108
895082	A	G	0/1	57,112
895120	C	T	0/1	47,95
898477	A	G	0/1	63,91
900221	T	C	1/1	1,162
903550	T	C	1/1	0,193
903913	T	C	1/1	0,159
906857	A	G	1/1	0,203
910015	C	A	0/1	60,138
911261	T	C	0/1	60,84
913274	C	G	0/1	71,122
916046	T	G	0/1	46,89
919466	C	A	0/1	132,55
923267	G	A	0/1	64,145
930496	C	G	0/1	53,94
931123	T	C	0/1	57,127
932280	T	C	0/1	48,112
933699	G	T	0/1	63,133
934230	C	G	0/1	57,125
934611	G	T	0/1	39,88
938246	A	G	0/1	59,109
940486	G	A	0/1	78,80
941503	G	T	0/1	74,146
941845	C	A	0/1	49,144
942479	T	C	0/1	131,46
945214	G	A	1/1	0,188
945972	C	T	0/1	63,109
947176	C	G	0/1	65,106
948294	T	C	0/1	50,124
949535	T	C	1/1	1,154
951142	C	A	0/1	77,153
952597	C	T	0/1	60,131
952810	CTTCC	CTCC	0/1	46,72
955524	A	G	1/1	0,156
957117	T	C	0/1	67,134
959346	C	T	0/1	53,129
960367	A	G	0/1	53,87
967599	CGCGA	CGCGGCGA	0/1	37,84
970476	C	G	0/1	61,113
976043	G	T	0/1	57,92
979704	G	C	1/1	1,169
980501	G	C	0/1	74,95
986463	G	C	1/1	0,165
987601	C	T	0/1	78,132
990001	G	C	1/1	2,178
990383	G	A	0/1	45,74
990521	G	A	0/1	52,111
990533	T	C	0/1	110,48
991640	G	A	0/1	167,49
993346	A	C	1/1	0,244
996219	G	A	0/1	72,188
997143	CGGAT	CGGGAT	0/1	61,132
1002342	T	C	0/1	64,138
1009490	C	T	0/1	68,147
1010204	CGGTT	CGGGTT	1/1	0,162
1011198	G	C	0/1	135,60
1011286	T	C	0/1	50,144
1014815	T	G	0/1	77,113
1022613	G	A	0/1	64,111
1024346	A	G	0/1	59,105
1025106	T	C	1/1	0,208
1029997	A	G	0/1	52,108
1032241	G	T	0/1	60,142
1032524	T	C	0/1	51,145
1032913	G	T	0/1	127,57
1036484	G	A	0/1	63,140
1037012	T	C	1/1	0,171
1037355	T	C	0/1	118,52
1037911	C	T	1/1	0,168
1038500	T	G	0/1	48,155
1040067	CGGTC	CGTC	0/1	117,53
1040706	A	C	0/1	50,87
1041129	C	T	0/1	113,56
1041445	C	T	0/1	147,63
1043136	C	T	0/1	51,124
1047051	G	A	0/1	49,135
1047165	T	C	1/1	0,207
1048102	G	A	0/1	59,132
1054784	C	G	0/1	57,120
1055049	C	T	0/1	96,62
1055126	C	T	0/1	57,128
1057788	T	G	0/1	119,55
1061386	T	C	0/1	46,68
1061676	GTGCT	GT	0/1	164,56
1061858	C	T	0/1	83,120
1063602	A	C	0/1	115,74
1063765	G	A	0/1	71,151
1063922	C	T	0/1	74,105
1065742	G	A	0/1	58,118
1066038	A	G	0/1	59,90
1068151	T	C	1/1	0,209
1068432	A	G	1/1	0,135
1070381	A	G	0/1	45,75
1070702	T	C	1/1	0,120
1071797	C	G	0/1	117,53
1072342	A	G	0/1	45,94
1074558	G	A	1/1	0,173
1075167	GCATC	GC	0/1	40,130
1075279	T	C	1/1	0,190
1076309	G	T	1/1	2,177
1077312	A	G	1/1	0,159
1077624	GCCCCCGGCA	GCCCCGGCA	0/1	40,116
1077754	C	T	0/1	53,126
1078398	G	A	0/1	51,138
1079741	C	A	0/1	62,9
1079927	C	A	1/1	0,189
1080192	G	A	0/1	59,102
1081211	T	G	0/1	115,63
1081681	T	C	1/1	0,173
1083755	A	G	0/1	54,121
1085623	A	G	0/1	49,97
1086648	C	A	0/1	63,122
1087193	G	C	1/1	0,170
1088502	G	A	0/1	50,98
1090188	AGGGCCA	AGGGGCCA	0/1	46,90
1093322	C	T	0/1	93,48
1094472	G	A	0/1	40,38
1094538	T	G	0/1	46,109
1097023	G	A	0/1	56,114
1098523	T	A	0/1	68,142
1099212	C	T	0/1	60,108
1100234	T	C	1/1	0,177
1103249	C	T	0/1	185,70
1104634	C	T	0/1	49,178
1104690	T	G	0/1	53,185
1105284	G	A	0/1	64,189
1106422	T	C	1/1	0,200
1107434	A	T	0/1	129,67
1107917	G	T	0/1	124,71
1107940	A	C	0/1	68,118
1109163	C	G	0/1	43,112
1109975	A	G	1/1	0,167
1110514	C	T	0/1	60,129
1110956	T	G	0/1	43,137
1111518	T	C	0/1	41,115
1111784	C	T	0/1	77,71
1113290	G	C	0/1	65,122
1117405	C	T	0/1	56,138
1119739	C	T	0/1	56,80
1121074	CCGCA	TCGCC	0/1	59,49
1121623	C	T	0/1	49,89
1123597	A	G	0/1	44,111
1126889	G	C	1/1	0,177
1127648	C	A	1/1	0,158
1128814	G	A	0/1	57,108
1131229	CGA	CGGA	0/1	57,81
1131300	G	A	0/1	55,96
1132368	C	T	0/1	152,65
1136017	A	G	0/1	59,126
1139222	G	A	0/1	51,120
1142266	A	C	0/1	88,49
1143832	A	C	0/1	74,109
1144585	A	G	0/1	63,101
1148259	A	G	0/1	55,117
1149551	C	T	1/1	0,161
1150321	TGCCCGACAGCAAGG	TG	0/1	122,44
1150585	G	A	1/1	2,138
1151485	CGTGTGTC	CGTGTC	0/1	47,87
1154174	G	A	0/1	60,118
1155700	C	T	0/1	51,157
1157771	G	C	0/1	47,141
1164336	G	A	0/1	57,114
1164521	C	T	0/1	58,106
1164571	A	G	0/1	99,66
1168323	A	G	0/1	65,110
1168715	CTTCC	CTTTCC	1/1	0,138
1171364	C	T	0/1	131,56
1177641	ACCCCCAAAT	ACCCCAAAT	0/1	108,62
1178116	T	C	1/1	0,182
1184826	G	T	0/1	61,118
1186461	G	A	0/1	107,52
1192830	G	A	0/1	66,116
1196889	A	G	0/1	136,74
1197877	TGGGAT	TGGAT	0/1	51,104
1199019	T	C	0/1	62,108
1199547	G	A	0/1	106,60
1200418	A	G	1/1	0,214
1201291	A	G	0/1	73,169
1203824	T	C	0/1	69,139
1205936	A	G	0/1	137,65
1207431	A	G	0/1	105,80
1211369	A	C	0/1	58,148
1220570	G	T	0/1	58,128
1220680	T	C	1/1	0,148
1224331	CTG	CG	0/1	77,9
1224340	C	G	0/1	74,9
1224347	CGT	CAGT	0/1	72,8
1224367	T	C	1/1	0,100
1225126	G	A	0/1	52,117
1228116	A	G	0/1	68,99
1230778	G	A	0/1	56,139
1235446	T	C	0/1	64,88
1237403	G	A	0/1	63,96
1244768	G	A	0/1	67,146
1246231	TTCGACG	TTCGACTCGACG	0/1	58,66
1248382	A	G	0/1	46,99
1248936	G	C	0/1	36,141
1248978	T	C	1/1	0,150
1250340	A	G	0/1	48,83
1250357	T	G	0/1	39,89
1251199	C	T	0/1	36,106
1254562	A	G	0/1	49,117
1257032	G	A	0/1	54,126
1257343	C	G	0/1	74,108
1258324	A	G	0/1	58,122
1262230	C	T	0/1	60,96
1266565	C	T	0/1	49,131
1268649	C	T	0/1	49,119
1271143	AGGAA	AGGGAA	0/1	54,90
1273250	GCT	GACT	0/1	65,116
1275957	T	C	0/1	56,111
1280439	C	T	0/1	138,58
1281118	T	C	1/1	0,213
1281443	C	G	0/1	119,58
1281515	G	A	0/1	70,129
1281771	T	C	0/1	61,126
1287112	T	C	0/1	46,121
1287160	A	C	0/1	63,106
1287234	A	C	0/1	120,49
1292102	A	G	1/1	0,159
1297327	G	A	0/1	118,48
1297397	G	A	0/1	47,111
1297999	T	G	0/1	106,44
1302821	G	A	0/1	64,155
1306259	A	G	0/1	71,130
1307373	G	A	0/1	53,119
1307598	C	G	1/1	0,178
1310316	C	T	0/1	55,95
1313337	AA	AGC	1/1	0,61
1314617	C	T	0/1	68,114
1315191	A	C	1/1	0,166
1315746	G	A	0/1	68,104
1315884	G	A	1/1	0,178
1316480	G	C	0/1	56,121
1317059	C	A	0/1	98,40
1320508	G	A	0/1	68,143
1320614	C	G	0/1	66,154
1327890	G	A	1/1	1,190
1327942	C	G	0/1	119,65
1328687	G	C	1/1	0,172
1338794	TCGGCGGCGGCGGT	TCGGCGGCGGT	0/1	46,112
1344857	C	T	0/1	67,87
1348518	GCCAG	GG	0/1	53,102
1348554	G	A	0/1	142,42
1351172	A	G	0/1	71,104
1353658	G	C	0/1	130,60
1354437	A	C	0/1	153,54
1356648	C	T	0/1	47,117
1358940	C	A	0/1	56,124
1360209	T	C	1/1	0,169
1362006	T	C	0/1	63,121
1363194	G	A	0/1	82,151
1367484	T	G	0/1	58,135
1368947	A	G	0/1	44,92
1369389	C	T	0/1	66,109
1369735	G	A	0/1	37,89
1373170	G	C	0/1	101,52
1374065	T	C	1/1	0,162
1374578	C	T	0/1	65,133
1374639	T	A	0/1	59,124
1375724	A	C	1/1	0,161
1378958	C	T	0/1	78,140
1382628	T	C	1/1	0,131
1387211	G	A	0/1	69,95
1389738	G	A	0/1	104,50
1389866	C	T	0/1	71,133
1390763	C	T	0/1	56,144
1393208	G	A	0/1	69,113
1393626	A	G	1/1	0,141
1395010	A	G	0/1	38,109
1396922	T	C	1/1	0,150
1397201	A	G	0/1	65,126
1397215	C	G	0/1	70,119
1400396	A	G	0/1	67,138
1401206	G	A	0/1	53,103
1404169	T	G	0/1	94,50
1406312	A	G	0/1	64,137
1409030	CGGATTTCTATTT	CT	0/1	61,74
1410062	G	C	0/1	51,112
1411210	T	G	1/1	0,156
1413148	C	T	1/1	0,128
1414021	C	T	1/1	0,194
1414621	C	A	0/1	155,80
1414629	T	A	0/1	147,67
1414653	C	T	0/1	149,81
1415097	C	G	0/1	152,90
1416222	A	G	0/1	161,32
1416232	ACA	GCC	0/1	161,34
1416898	G	A	0/1	74,136
1417019	C	T	0/1	52,94
1417554	G	C	0/1	66,133
1417793	G	A	0/1	53,97
1419602	T	C	0/1	56,141
1424699	T	C	0/1	69,162
1426928	C	T	0/1	65,137
1428506	G	T	0/1	73,34
1440469	C	G	1/1	0,165
1443354	C	T	0/1	72,128
1443428	G	A	0/1	174,59
1443899	T	C	0/1	56,112
1444188	CGGCTGGCTG	CGGCTG	0/1	102,59
1445474	G	A	0/1	123,49
1445781	A	G	1/1	0,178
1445977	C	T	0/1	49,148
1446923	T	G	0/1	106,64
1447774	C	T	0/1	108,48
1448907	A	G	0/1	112,41
1452071	C	A	0/1	159,63
1453165	C	G	0/1	57,126
1453996	C	G	0/1	69,115
1457144	C	T	1/1	0,155
1458144	C	A	0/1	48,84
1460907	T	C	0/1	41,105
1462661	C	G	0/1	44,119
1468150	C	T	0/1	59,170
1471659	C	T	1/1	1,205
1472359	A	T	0/1	44,116
1473080	C	G	0/1	57,136
1478222	C	G	0/1	46,115
1479085	T	C	0/1	37,78
1482627	T	C	1/1	0,173
1484708	A	C	1/1	0,147
1488114	CA	TG	0/1	78,9
1490905	A	G	0/1	51,134
1490911	G	A	0/1	51,125
1491543	G	A	0/1	58,125
1492194	T	C	0/1	63,104
1496964	G	T	0/1	59,107
1499274	C	G	1/1	0,148
1505194	T	C	0/1	64,116
1505973	G	A	0/1	49,136
1509283	G	A	0/1	90,69
1510649	C	T	0/1	113,50
1512031	T	G	0/1	119,32
1514010	G	T	0/1	59,113
1516380	T	C	0/1	122,40
1521526	T	C	0/1	57,134
1521776	T	G	0/1	142,34
1522862	C	T	0/1	59,118
1523175	A	C	0/1	55,115
1523791	A	G	0/1	62,147
1525160	G	A	0/1	59,165
1526819	C	A	1/1	0,228
1527449	GTG	GTTG	0/1	145,49
1533999	G	C	0/1	75,123
1534548	G	A	0/1	61,170
1535643	C	T	0/1	76,142
1536251	G	T	1/1	1,133
1540141	T	C	0/1	53,101
1541129	C	T	0/1	74,133
1544255	C	T	0/1	59,131
1546703	C	T	0/1	85,128
1547125	T	C	1/1	0,196
1548087	G	A	0/1	70,123
1552547	G	A	1/1	1,149
1553855	C	T	0/1	58,114
1558450	G	A	0/1	121,57
1559562	C	A	0/1	83,101
1560912	G	A	0/1	60,78
1563686	G	T	0/1	58,115
1563717	C	T	1/1	0,161
1567985	A	G	0/1	54,68
1568178	C	T	0/1	61,121
1569878	G	T	0/1	62,121
1570513	G	T	0/1	120,48
1570566	C	A	1/1	1,166
1574206	T	C	0/1	62,153
1575793	A	G	0/1	60,94
1578829	T	G	0/1	55,72
1579825	G	A	0/1	50,142
1580181	G	A	0/1	72,85
1580283	A	G	0/1	55,86
1581377	C	T	0/1	65,156
1584379	A	C	0/1	40,75
1585283	A	C	0/1	58,101
1585404	G	A	0/1	64,78
1586249	C	T	0/1	138,69
1588456	A	G	0/1	97,36
1588899	G	T	1/1	0,162
1589739	C	T	0/1	50,119
1590555	C	T	0/1	80,112
1592538	A	G	0/1	67,138
1594698	C	T	0/1	50,125
1600164	C	T	0/1	68,90
1600685	C	T	0/1	66,97
1601528	C	T	0/1	74,119
1604290	A	T	0/1	60,120
1606357	GTTGC	GTGC	0/1	60,80
1608276	A	C	0/1	72,130
1609840	A	G	1/1	0,165
1611283	T	C	0/1	60,134
1612621	CGGTATCGGTACCGGTGCGCCAGGGA	AGGGATCGGTACCGGTGCGCCAGGGA	0/1	59,27
1612648	T	C	0/1	116,92
1613035	T	C	1/1	0,165
1613355	T	G	0/1	74,106
1613927	C	A	0/1	58,89
1613960	G	T	0/1	113,66
1616831	A	G	0/1	55,115
1617833	C	T	0/1	66,102
1623789	C	T	0/1	43,110
1624791	C	G	1/1	0,149
1625259	A	C	0/1	61,116
1625347	CGGGCA	CGGGGCA	0/1	108,53
1627351	T	C	0/1	63,106
1629128	G	C	0/1	72,55
1630148	A	C	1/1	1,186
1639418	A	G	0/1	55,118
1639594	C	A	1/1	0,127
1639643	T	C	0/1	41,74
1640442	C	T	0/1	72,97
1645802	T	C	1/1	2,205
1647830	G	A	0/1	44,125
1650072	A	G	1/1	0,149
1652831	C	T	0/1	105,56
1657843	G	A	0/1	75,102
1658535	G	T	0/1	54,100
1659902	T	C	0/1	60,99
1659994	C	T	0/1	56,124
1668914	C	G	0/1	67,137
1673425	C	T	0/1	64,109
1674162	C	T	0/1	55,130
1676290	C	A	1/1	0,213
1676308	T	C	0/1	62,138
1676662	C	G	0/1	51,125
1677765	C	T	0/1	65,134
1679833	C	A	0/1	49,110
1688300	T	C	0/1	47,98
1689349	C	T	1/1	3,164
1691520	T	G	0/1	49,139
1691799	C	T	0/1	132,71
1692141	A	C	1/1	2,261
1692795	G	C	0/1	149,45
1693262	GAAAAACAC	GAAAACAC	0/1	52,153
1693561	A	G	1/1	0,190
1694547	A	C	0/1	47,124
1695674	G	A	0/1	62,167
1696499	GGGTGC	GCGGTGGTGC	0/1	74,142
1697633	T	C	0/1	75,148
1698911	G	A	1/1	1,235
1699744	T	C	0/1	62,103
1699849	G	A	0/1	69,139
1706119	T	C	1/1	0,171
1706746	C	A	0/1	65,136
1709432	C	T	0/1	55,139
1709899	A	C	0/1	134,48
1712671	G	A	0/1	80,132
1713192	A	G	0/1	63,123
1714837	C	T	0/1	63,141
1715799	C	A	0/1	42,124
1716472	A	G	0/1	57,101
1716649	C	T	0/1	70,123
1718444	T	C	0/1	42,93
1718761	C	T	0/1	126,52
1719322	G	A	1/1	0,57
1721428	GAAAAAAACCG	GAAAAAACCG	0/1	49,69
1721490	C	G	0/1	56,77
1721831	G	T	0/1	154,60
1724120	G	A	0/1	110,55
1726816	G	T	0/1	40,91
1727763	A	C	0/1	77,57
1728615	A	C	0/1	62,130
1728837	A	G	1/1	0,177
1731563	A	T	0/1	51,88
1734994	C	T	0/1	121,72
1735903	A	G	0/1	50,121
1736638	C	T	0/1	100,68
1739390	A	G	0/1	42,77
1740771	A	C	0/1	93,57
1745446	T	A	0/1	53,150
1753519	GCCCCGT	GCCCCCGT	1/1	0,94
1754016	GCCCCCGGC	GCCCCCCGGC	0/1	77,105
1754299	A	C	0/1	53,112
1754983	C	T	0/1	56,141
1755599	C	T	0/1	96,71
1756732	G	A	0/1	48,85
1757029	GAT	GT	0/1	59,124
1758180	T	C	0/1	113,52
1758790	C	T	0/1	52,106
1759252	G	T	1/1	0,156
1760292	A	G	1/1	0,148
1760460	C	T	0/1	144,71
1760923	T	C	0/1	65,140
1766689	GCAC	GC	0/1	66,142
1769099	C	A	0/1	130,64
1771320	G	A	0/1	117,62
1777213	C	G	0/1	57,64
1778430	T	C	1/1	0,167
1791823	T	C	0/1	60,96
1792777	TT	CC	0/1	48,127
1793769	C	T	0/1	115,61
1797577	A	G	0/1	61,120
1798355	G	A	1/1	0,153
1803265	G	A	1/1	0,182
1804409	C	A	1/1	0,176
1805948	C	T	0/1	111,57
1817976	A	T	1/1	0,153
1826054	T	C	0/1	78,116
1826343	C	T	0/1	74,149
1826624	G	A	0/1	65,122
1827553	C	G	0/1	51,112
1828826	CGTACCCGA	CGGGTACGA	0/1	65,16
1829576	C	T	0/1	77,110
1832293	G	C	0/1	60,123
1832642	GG	TC	0/1	75,87
1836286	G	C	1/1	0,149
1839260	T	G	0/1	42,96
1839329	G	A	0/1	55,90
1839759	G	C	0/1	59,122
1841313	G	A	0/1	52,123
1847811	A	C	0/1	167,51
1847919	C	G	1/1	0,191
1848147	C	A	0/1	56,98
1849191	T	C	0/1	54,120
1849609	T	C	0/1	64,112
1851048	A	C	0/1	59,115
1853974	C	T	0/1	61,112
1854300	T	C	1/1	0,121
1856777	G	C	1/1	0,158
1859559	C	A	0/1	58,118
1859989	C	T	0/1	58,97
1861274	G	A	0/1	119,51
1866104	GA	TT	0/1	74,42
1872959	A	G	0/1	57,67
1873954	G	T	0/1	39,77
1874993	CGGGGGAC	CGGGGAC	0/1	42,74
1875295	C	T	0/1	57,109
1875881	TGGGCC	TA	0/1	33,72
1876739	T	G	0/1	58,136
1885772	G	A	1/1	1,174
1885858	C	T	0/1	121,28
1886263	C	G	0/1	59,130
1886859	C	A	0/1	53,152
1887284	G	A	0/1	41,116
1889073	G	C	0/1	49,114
1894300	GGC	GGTCTTGCCGCGC	1/1	3,124
1894422	A	G	0/1	62,104
1897646	G	C	0/1	68,140
1897852	A	T	0/1	126,14
1897938	G	A	0/1	42,66
1899351	T	C	0/1	139,55
1900800	A	G	0/1	51,127
1901493	T	C	1/1	0,141
1902156	G	A	0/1	45,106
1902386	CC	AA	0/1	76,95
1903050	C	T	0/1	39,149
1906336	A	G	0/1	42,134
1907177	C	T	0/1	52,131
1907296	G	C	1/1	0,161
1916137	A	G	0/1	41,97
1917972	A	G	1/1	0,166
1920120	G	T	0/1	68,102
1923985	G	A	0/1	75,109
1924959	T	C	0/1	77,133
1929302	G	A	0/1	122,49
1931179	C	A	1/1	0,132
1931470	G	A	0/1	59,111
1933988	G	A	1/1	1,187
1935695	T	G	0/1	47,132
1936525	G	A	0/1	64,96
1939044	G	T	0/1	80,125
1940307	G	T	0/1	50,106
1943039	C	T	0/1	109,52
1943592	C	T	0/1	117,70
1943991	A	T	0/1	56,104
1944107	A	G	1/1	0,162
1944402	T	C	1/1	0,160
1944642	CTG	CG	0/1	120,49
1944723	G	T	0/1	41,98
1945465	CCGAGT	CT	0/1	48,99
1945836	G	A	0/1	63,112
1947903	G	T	0/1	122,31
1950767	T	C	1/1	0,149
1952160	T	C	0/1	47,92
1956930	T	G	0/1	59,154
1960284	C	A	1/1	0,218
1963383	G	A	0/1	62,119
1963957	T	C	0/1	58,123
1964837	G	A	0/1	75,118
1964913	C	T	0/1	57,108
1965869	GAAGC	GAAAGC	0/1	56,102
1967237	C	A	1/1	0,155
1971725	G	C	0/1	69,128
1978807	G	T	0/1	68,106
1979026	C	T	0/1	68,122
1981056	C	T	0/1	112,50
1993652	C	T	1/1	0,126
1993808	A	T	1/1	0,127
2000536	C	T	0/1	66,91
2005944	A	C	0/1	54,138
2007785	C	T	0/1	116,64
2008044	C	T	0/1	65,154
2011542	T	C	0/1	47,79
2013872	A	C	0/1	63,118
2013943	G	C	0/1	53,104
2017291	T	C	0/1	56,114
2017560	A	T	0/1	46,160
2019236	T	G	0/1	72,104
2019942	A	G	0/1	144,42
2022868	T	C	1/1	0,140
2023211	G	T	0/1	78,130
2023976	C	T	0/1	48,103
2030355	A	G	0/1	56,122
2030521	T	C	0/1	69,36
2035937	G	A	0/1	44,121
2047425	GCGCTAACTTCCCGTCTC	GA	1/1	0,54
2052960	TGCAGACCTATGAG	TGCAGACCTATGAGCAGACCTATGAG	0/1	69,71
2053411	G	C	0/1	126,54
2053682	C	T	0/1	108,68
2055271	A	G	1/1	0,147
2055550	A	C	0/1	53,137
2057774	A	T	1/1	0,155
2062922	T	C	0/1	46,122
2066471	T	C	0/1	51,104
2072190	A	C	0/1	44,130
2073203	G	A	0/1	74,128
2074754	C	T	0/1	74,125
2075067	T	C	0/1	107,34
2080182	G	T	0/1	42,121
2083124	T	C	0/1	63,87
2084526	G	A	0/1	132,51
2090306	G	A	0/1	60,117
2090400	TCG	TCGCCAACGCCACCG	0/1	75,54
2092391	G	T	0/1	63,117
2092970	C	T	0/1	50,89
2093715	T	C	0/1	50,163
2094911	ACAGCGTCAGCGTC	ACAGCGTC	1/1	0,147
2096094	C	T	0/1	56,97
2096186	A	G	1/1	0,171
2096430	A	C	0/1	59,117
2097144	G	C	0/1	57,127
2097990	A	C	0/1	133,50
2104779	C	T	0/1	59,121
2108141	T	C	1/1	0,137
2108890	A	C	0/1	55,109
2109523	CGGTA	CGGGTA	1/1	2,138
2110365	A	C	0/1	53,138
2115746	C	G	0/1	71,109
2116903	C	T	1/1	3,160
2118162	GCCCCCGCGG	GCCCCGCGG	0/1	37,93
2119485	G	A	0/1	63,127
2120796	T	A	0/1	60,144
2121332	C	T	0/1	64,113
2122625	A	G	0/1	44,125
2122976	C	G	0/1	57,113
2123987	G	A	0/1	75,144
2126366	G	C	0/1	105,75
2127523	G	A	0/1	62,127
2127755	C	T	0/1	67,126
2128372	A	G	0/1	49,95
2128870	A	G	1/1	0,162
2129281	C	A	0/1	62,145
2130529	A	G	0/1	59,122
2132062	C	G	0/1	63,129
2133468	TTC	TTCGCATGCCGTCACCTC	0/1	34,98
2133475	A	G	0/1	150,58
2134215	T	C	0/1	136,57
2135870	T	C	1/1	0,133
2137521	ACA	ACTCCGATCACCA	1/1	0,113
2138767	G	C	0/1	56,115
2143328	G	C	1/1	0,157
2143523	CTA	CTTA	0/1	43,89
2145878	A	G	0/1	45,104
2147022	A	C	1/1	0,217
2147641	CGTTAGTTCATGCGTAG	CGTTAGTTCATGCGTAGTTAGTTCATGCGTAG	0/1	65,55
2151678	G	T	0/1	70,139
2154724	C	A	0/1	58,111
2155168	C	G	0/1	119,60
2158109	T	C	0/1	58,108
2158563	GTTTTTGGGGT	GTTTTGGGGT	0/1	64,96
2160998	G	A	0/1	68,100
2161343	GTTTTAC	GTTTTTAC	0/1	51,92
2174216	A	G	0/1	116,48
2177073	T	C	0/1	69,156
2177968	G	T	0/1	58,127
2179708	C	A	0/1	45,106
2185358	G	A	0/1	56,139
2185741	C	T	0/1	54,117
2187156	A	G	0/1	55,112
2198526	A	C	0/1	69,115
2199052	C	G	0/1	50,99
2199416	A	G	0/1	80,122
2207525	C	T	0/1	124,38
2207591	TTC	TCTC	1/1	0,180
2209465	G	A	0/1	45,93
2211455	C	A	0/1	112,47
2211826	A	G	1/1	0,178
2213265	G	A	0/1	114,51
2215712	G	A	0/1	49,122
2216248	C	G	0/1	76,49
2216370	G	C	0/1	29,92
2216443	C	A	1/1	0,110
2216538	T	C	0/1	99,44
2216973	A	G	0/1	54,71
2218012	A	G	0/1	60,88
2218488	G	C	0/1	68,70
2219955	CGGCA	CGCA	0/1	57,135
2220512	T	G	1/1	0,171
2222308	T	C	0/1	64,119
2223293	T	C	1/1	1,172
2228967	A	G	1/1	0,231
2229801	C	G	0/1	50,82
2231132	G	A	0/1	189,79
2231486	A	G	0/1	60,109
2232237	G	C	0/1	109,55
2237053	G	A	0/1	88,38
2237497	G	C	1/1	0,112
2238930	A	C	1/1	0,128
2239055	C	T	1/1	0,120
2239160	G	C	1/1	0,122
2240062	C	G	1/1	0,113
2241646	C	T	0/1	53,102
2241742	A	G	0/1	43,99
2242808	G	A	0/1	72,154
2243034	T	G	0/1	70,108
2244336	G	A	0/1	70,96
2245532	T	C	0/1	155,48
2246960	G	C	0/1	67,112
2247677	A	C	0/1	58,141
2248786	C	T	0/1	46,85
2249035	A	G	0/1	55,83
2251999	A	G	1/1	0,191
2255942	G	T	0/1	55,152
2257780	T	G	0/1	104,55
2260100	C	T	0/1	66,147
2260151	ACGC	GCGT	0/1	222,63
2260171	TAGC	CAGT	0/1	207,92
2260196	CAAC	CAAAT	0/1	198,81
2260212	GTG	TTC	0/1	194,63
2260220	CAC	TAG	0/1	199,63
2260231	T	C	0/1	202,61
2260525	C	T	1/1	0,123
2264782	C	A	1/1	0,211
2265059	T	G	1/1	0,206
2265401	G	T	0/1	64,110
2266487	G	C	0/1	156,166
2266504	TGGGATCGTC	TAGGGTTCGC	0/1	165,120
2266517	T	C	0/1	196,129
2266550	GCCC	TCCG	0/1	193,186
2266583	C	G	0/1	185,191
2266598	G	C	0/1	176,189
2266604	C	G	0/1	175,189
2266613	GCG	GCCG	0/1	170,174
2266624	G	T	0/1	162,178
2267372	A	G	0/1	163,49
2267681	C	T	0/1	74,153
2269780	T	C	1/1	0,195
2270065	T	C	0/1	69,144
2270102	A	G	1/1	0,195
2277350	C	T	0/1	57,100
2278442	C	G	0/1	117,50
2278507	G	A	0/1	43,103
2282130	C	A	0/1	53,110
2282376	CC	TT	0/1	64,102
2282787	C	T	1/1	0,161
2283030	A	G	0/1	109,58
2285251	C	A	1/1	0,186
2287121	A	G	1/1	1,190
2309356	G	A	0/1	54,120
2311099	C	G	0/1	53,76
2315005	C	T	0/1	51,149
2317123	ACT	AT	0/1	118,14
2321358	G	C	0/1	47,118
2324087	C	A	0/1	48,83
2327492	C	T	0/1	109,56
2327903	ATGATG	AG	0/1	37,110
2328543	T	C	0/1	63,88
2329533	A	G	1/1	0,108
2331255	C	T	0/1	56,102
2331620	A	C	0/1	52,86
2331789	G	T	0/1	53,88
2334007	A	G	1/1	0,181
2335075	A	G	1/1	0,166
2335494	A	G	1/1	0,175
2335500	C	T	0/1	42,132
2341030	G	A	0/1	56,98
2341636	C	G	1/1	0,141
2342202	CG	CTC	0/1	61,96
2342649	AGA	AGGCGTACACACGA	0/1	74,58
2345037	C	A	1/1	0,173
2348635	T	C	0/1	44,122
2348804	T	C	0/1	47,123
2350186	A	G	0/1	47,96
2357268	TGCCGCCGCCGCCGCCGCCGA	TGCCGCCGCCGCCGCCGA	1/1	0,105
2358029	TGGCC	TGGGCC	0/1	77,96
2361604	C	G	1/1	3,168
2362041	C	A	1/1	0,153
2362756	GGAGATCCTGGAAG	GG	0/1	47,71
2368564	TAATATT	TATATT	1/1	0,206
2368596	C	T	0/1	74,149
2369186	G	C	0/1	54,142
2369326	C	G	0/1	48,161
2373356	A	C	0/1	73,111
2374442	G	A	0/1	63,128
2376425	A	G	0/1	57,106
2379743	C	G	0/1	68,137
2381030	GCTACCCTAGTTAT	GCTACCCTAGTTACTACCCTAGTTAT	0/1	96,36
2385695	C	T	0/1	122,55
2386389	G	A	1/1	4,175
2388641	G	A	0/1	60,99
2390299	A	G	0/1	82,112
2394761	C	T	0/1	50,114
2397445	C	T	0/1	63,125
2397760	C	G	0/1	53,90
2398305	C	T	0/1	42,102
2400031	G	A	0/1	50,78
2400726	C	T	0/1	106,51
2401883	C	T	0/1	117,19
2413175	C	G	0/1	59,101
2413246	C	A	0/1	62,109
2415656	G	C	1/1	0,126
2419142	A	G	0/1	58,80
2420535	C	A	0/1	104,56
2421816	A	G	0/1	68,105
2421975	GCA	GGGAACA	0/1	50,81
2424864	A	G	0/1	54,100
2424925	A	G	1/1	0,139
2425097	A	C	0/1	53,99
2425471	T	C	0/1	68,109
2428081	G	A	0/1	55,75
2433579	T	C	0/1	68,123
2434750	G	A	0/1	89,47
2437259	G	T	0/1	66,103
2440926	G	T	1/1	0,186
2443188	G	A	0/1	133,65
2445494	GCACC	GC	0/1	58,94
2447539	A	G	0/1	63,95
2448288	G	A	0/1	59,141
2448458	C	T	0/1	86,105
2449295	G	A	0/1	66,113
2450045	G	A	0/1	75,115
2451081	C	G	0/1	49,123
2451355	C	A	0/1	39,110
2451927	GCAGCC	GCAGCCAGCC	0/1	68,77
2462700	C	A	0/1	84,125
2462850	G	A	0/1	55,120
2462871	G	A	1/1	2,173
2463094	G	A	0/1	148,66
2470485	G	T	0/1	44,135
2470591	A	C	0/1	53,91
2472956	T	C	0/1	54,92
2482469	T	C	0/1	65,108
2484255	T	G	0/1	114,67
2486342	C	T	0/1	41,87
2487829	T	G	0/1	54,132
2488091	G	A	0/1	55,124
2490551	C	T	0/1	58,116
2495500	T	C	0/1	60,103
2499726	G	A	1/1	0,182
2500892	C	T	0/1	63,119
2501147	GT	GCC	0/1	66,91
2502073	C	T	0/1	129,44
2503549	C	A	0/1	51,113
2503625	C	T	0/1	89,55
2505750	C	T	0/1	114,68
2508395	G	A	0/1	39,106
2509140	G	C	1/1	0,178
2509181	C	G	0/1	55,109
2509722	A	G	1/1	0,178
2511712	G	T	0/1	65,95
2516567	G	C	0/1	57,98
2518132	C	T	0/1	65,102
2519048	G	A	0/1	69,85
2521342	T	C	1/1	0,169
2522481	TGGGGGGGCAC	TGGGGGGGGCAC	0/1	104,45
2523205	GCG	GCGCCG	0/1	4,32
2525722	CGGGGGAGG	CGGGGAGG	1/1	0,152
2526974	T	C	0/1	53,142
2527676	G	A	0/1	127,44
2528187	G	C	0/1	53,122
2528378	C	A	0/1	57,156
2528931	G	A	0/1	52,101
2529680	A	G	1/1	0,170
2530434	G	T	0/1	46,86
2534562	GGAG	GG	1/1	0,174
2538760	G	A	0/1	72,60
2538793	G	A	0/1	53,90
2544979	T	A	0/1	69,106
2547274	A	G	0/1	54,132
2547529	AGGGGGCGA	AGGGGGGCGA	0/1	68,123
2551429	C	A	0/1	65,143
2553682	C	T	0/1	59,114
2562783	T	C	0/1	79,98
2563958	A	C	0/1	66,101
2564368	GCA	GCCA	0/1	68,113
2566766	CGA	CGGC	0/1	53,130
2569593	A	G	0/1	73,100
2573434	G	T	0/1	68,116
2573756	C	A	1/1	2,162
2574598	C	T	0/1	49,103
2577246	A	G	0/1	79,116
2578626	A	G	0/1	65,121
2580310	G	A	0/1	61,139
2581109	C	A	0/1	57,119
2582324	G	A	0/1	53,123
2586127	A	G	1/1	0,149
2587048	C	T	0/1	54,102
2589216	G	C	0/1	61,118
2590827	T	G	0/1	47,95
2590919	C	T	0/1	49,107
2592063	GTTTTTCCA	GTTTTCCA	0/1	46,90
2598400	A	G	1/1	0,149
2599821	C	A	0/1	109,52
2602575	G	A	0/1	78,99
2605293	G	T	0/1	49,128
2605507	T	C	0/1	38,118
2605848	G	C	0/1	63,125
2606797	GGT	GCGT	0/1	63,102
2608117	C	A	0/1	65,103
2608488	T	C	0/1	82,124
2608579	CTGTTGTTGTTGTTGA	CTGTTGTTGTTGA	0/1	41,80
2611675	T	C	0/1	146,79
2611704	A	C	0/1	84,153
2612632	C	A	1/1	0,159
2617632	AC	ATT	0/1	142,49
2619271	T	C	0/1	68,150
2621058	G	A	0/1	120,53
2622508	C	T	0/1	70,125
2625245	TCGCGCGCGCGGA	TCGCGCGCGGA	0/1	47,90
2625757	G	A	0/1	55,96
2628069	G	C	0/1	67,136
2630158	CCGA	GCGG	0/1	187,86
2630173	CAAC	GAAG	0/1	183,59
2630182	GATGTGC	AAAGTGT	0/1	169,54
2630206	T	G	0/1	204,45
2630211	GGCAA	AGCAG	0/1	190,40
2630224	T	G	0/1	190,34
2631556	C	G	0/1	156,63
2631565	T	C	0/1	156,71
2631574	T	C	0/1	178,79
2631583	G	A	0/1	184,84
2631599	G	A	0/1	208,109
2631620	A	G	0/1	206,107
2631641	T	G	0/1	51,109
2631962	T	G	0/1	168,67
2631967	GACAA	AGCAG	0/1	161,67
2631977	G	C	0/1	165,78
2632341	CAAAACT	CAAAAACT	0/1	61,105
2632500	A	G	0/1	45,97
2637541	C	T	0/1	58,121
2639868	A	G	0/1	62,125
2641840	A	G	0/1	75,129
2642383	C	T	0/1	48,94
2642555	C	T	0/1	90,40
2643653	G	A	0/1	64,100
2649353	A	G	0/1	116,56
2652908	C	G	0/1	63,122
2654371	G	A	0/1	106,54
2654696	G	A	0/1	60,105
2656225	A	G	1/1	0,189
2663210	G	A	0/1	41,88
2664299	G	C	0/1	119,49
2672514	C	G	0/1	84,128
2673701	C	T	0/1	36,130
2677499	G	T	0/1	67,117
2679840	G	C	0/1	66,106
2680658	T	G	1/1	0,191
2688225	G	C	0/1	51,115
2691713	T	C	0/1	51,123
2695378	C	G	1/1	1,177
2696977	G	C	0/1	56,148
2698585	C	T	0/1	109,52
2699058	C	G	0/1	46,109
2703968	A	G	0/1	47,67
2704291	G	A	0/1	60,111
2704884	ACG	ACAGCGACCATATCGCCGAGCTCG	1/1	1,60
2706890	G	C	0/1	54,133
2709795	A	G	0/1	61,124
2712913	C	A	0/1	41,107
2713795	C	T	1/1	0,211
2717710	C	T	0/1	116,54
2718852	T	G	1/1	0,166
2718938	A	C	0/1	134,51
2723506	T	C	0/1	85,131
2723923	ATA	AA	0/1	51,122
2724180	TCACGATCGGGTCTCCTCTAGC	TC	0/1	64,43
2724953	C	A	0/1	87,106
2726051	G	A	0/1	60,149
2727037	A	T	0/1	41,98
2731741	G	A	0/1	65,170
2732591	C	G	0/1	62,197
2733047	G	C	0/1	63,159
2734074	T	C	1/1	0,158
2736434	C	A	0/1	107,43
2737201	A	C	0/1	49,111
2737393	G	A	0/1	48,77
2737572	C	A	0/1	60,53
2740693	T	C	0/1	63,103
2745739	G	A	0/1	74,181
2745839	G	A	0/1	53,118
2745889	C	T	0/1	101,41
2751626	AC	GT	0/1	105,11
2751804	C	T	1/1	2,139
2752698	C	A	1/1	0,208
2753536	T	C	0/1	113,66
2755112	G	A	0/1	60,137
2759534	C	G	0/1	68,130
2760152	A	G	1/1	0,181
2764206	A	G	0/1	72,113
2764939	G	A	0/1	59,88
2773955	G	C	0/1	49,128
2777480	C	A	0/1	56,104
2779136	T	C	1/1	0,170
2786952	A	G	1/1	0,154
2790458	A	C	0/1	56,125
2791098	C	T	0/1	55,116
2791257	A	T	0/1	53,122
2791475	A	G	0/1	43,123
2799488	CCGCAAT	CT	0/1	47,103
2807486	C	A	0/1	79,170
2809621	T	C	1/1	0,183
2809895	G	A	0/1	51,128
2817158	C	A	0/1	55,94
2818837	A	G	1/1	0,156
2821342	C	T	1/1	0,169
2824432	G	A	0/1	54,107
2825466	G	A	0/1	53,91
2827984	G	T	1/1	1,218
2828019	T	C	1/1	0,224
2828104	C	T	0/1	57,129
2830525	C	A	1/1	0,162
2840849	G	C	0/1	58,94
2841022	A	G	0/1	77,109
2841549	G	T	0/1	107,41
2842043	C	G	0/1	69,92
2844546	C	A	0/1	34,120
2847281	A	G	0/1	60,109
2855259	A	G	1/1	1,181
2855317	CCGGCGTAGAAAGCCGACCGCATGTCACCGAAAGAGCTGGCGTCGTCGGGGC	CC	0/1	19,23
2857014	G	A	0/1	147,58
2858669	G	T	0/1	59,98
2865760	A	G	1/1	0,153
2865882	T	C	1/1	0,202
2868659	C	G	0/1	168,62
2869151	G	A	0/1	49,107
2869242	T	C	0/1	60,111
2870386	C	T	0/1	30,126
2871048	C	T	0/1	68,58
2878980	C	T	0/1	65,95
2880702	G	C	1/1	0,184
2881244	A	G	0/1	68,132
2881455	A	G	0/1	123,65
2881597	AGGGGGGCA	AGGGGGCA	1/1	0,171
2882331	ACGC	ACGCGC	0/1	46,112
2884634	C	T	0/1	55,119
2886570	A	G	0/1	50,123
2888201	T	C	1/1	0,219
2888379	G	C	0/1	43,97
2889633	T	C	1/1	0,143
2891267	C	T	1/1	2,171
2891728	A	G	1/1	0,160
2893238	C	A	0/1	110,46
2894208	G	A	1/1	0,159
2894594	G	A	0/1	54,110
2894642	A	G	0/1	47,99
2894854	C	T	0/1	122,42
2897528	G	A	0/1	63,111
2897871	A	G	0/1	48,139
2899890	G	T	0/1	69,138
2900943	A	C	0/1	47,106
2906918	A	T	0/1	102,48
2910461	G	T	1/1	0,178
2911293	C	G	1/1	0,180
2912061	G	A	0/1	67,110
2912294	T	G	1/1	0,126
2917091	C	A	0/1	59,116
2923391	T	C	1/1	0,139
2925683	G	A	0/1	65,115
2925962	T	C	0/1	42,106
2926882	C	T	0/1	44,113
2927511	G	T	0/1	59,105
2927939	T	C	1/1	0,172
2939373	G	C	1/1	0,154
2939657	T	C	1/1	0,152
2939807	G	A	0/1	106,53
2940608	C	T	0/1	64,102
2945167	G	T	0/1	326,37
2945490	G	A	0/1	51,107
2946157	T	C	0/1	137,49
2948650	T	C	0/1	46,160
2953307	G	T	0/1	64,144
2954439	T	C	1/1	0,172
2955233	C	T	0/1	52,131
2957568	CTTGA	CTGA	0/1	81,118
2958570	G	A	0/1	55,107
2959324	A	G	0/1	54,104
2959714	T	C	0/1	55,125
2968913	T	C	0/1	158,43
2970434	G	A	0/1	54,76
2971122	T	C	0/1	45,73
2976564	C	T	0/1	52,80
2976575	G	A	0/1	54,75
2984740	A	G	1/1	0,140
2985216	G	A	0/1	52,113
2987098	C	T	0/1	53,119
2987918	G	A	0/1	52,115
2988630	C	G	0/1	71,92
2992564	G	A	0/1	52,85
2993523	T	C	0/1	40,78
2994187	T	C	0/1	43,104
3000362	T	C	0/1	68,143
3001907	T	C	0/1	59,142
3003115	C	G	0/1	58,95
3005185	G	T	1/1	2,159
3009692	A	G	1/1	0,199
3010420	A	G	0/1	57,132
3013469	T	C	0/1	93,54
3015119	CTTTTTGGGTGC	CTTTTGGGTGC	0/1	52,117
3015379	G	A	0/1	52,120
3017465	T	C	1/1	1,166
3025431	C	T	0/1	81,158
3027606	C	G	0/1	57,121
3027798	T	C	0/1	54,116
3028074	G	T	0/1	63,111
3028101	ACCGA	ACCCGA	0/1	112,58
3029610	G	A	0/1	121,67
3029969	G	A	0/1	80,131
3030990	T	C	0/1	59,106
3031168	A	G	0/1	57,134
3031285	A	T	0/1	64,128
3035533	G	A	0/1	47,139
3037377	T	C	0/1	66,70
3040077	G	C	0/1	100,36
3041871	G	T	1/1	2,188
3045429	G	T	0/1	48,138
3056658	G	T	0/1	68,87
3065293	A	G	0/1	141,57
3069167	A	G	0/1	60,141
3069805	G	C	0/1	54,151
3073868	T	C	0/1	169,71
3074830	C	T	0/1	60,118
3076281	A	G	0/1	78,88
3078089	CCTCTATTGATCTCTATTGATC	CCTCTATTGATCTCTATTGATCTCTATTGATC	0/1	106,19
3080795	A	G	1/1	0,203
3085119	GCCTCCTG	GCCCTCCTG	0/1	64,137
3086261	T	C	0/1	55,104
3086728	C	G	0/1	70,145
3086788	T	C	1/1	0,206
3088625	A	G	0/1	57,111
3089679	G	A	0/1	112,57
3095130	G	A	0/1	46,169
3097349	C	T	0/1	56,120
3099269	A	C	0/1	111,58
3103682	T	C	1/1	0,158
3104189	A	G	0/1	54,107
3105144	C	A	0/1	61,125
3105914	G	T	0/1	66,104
3108055	C	T	0/1	141,52
3108674	A	C	0/1	87,47
3114814	G	A	0/1	65,136
3118449	A	G	0/1	69,105
3129675	C	T	0/1	52,153
3131469	TTG	TTGTCGGCGATG	0/1	35,106
3131473	A	C	0/1	140,46
3137058	G	A	1/1	0,186
3137237	T	C	0/1	63,165
3137343	C	A	0/1	48,114
3137681	G	A	0/1	58,79
3138129	G	C	0/1	55,119
3141349	A	G	0/1	72,149
3144835	G	A	0/1	46,89
3148984	C	T	0/1	67,119
3154414	A	G	0/1	38,108
3158935	G	C	0/1	49,35
3165074	T	C	0/1	124,50
3169993	A	G	0/1	52,116
3170496	A	T	0/1	33,96
3173446	G	C	0/1	44,144
3174496	A	G	0/1	58,103
3175702	T	C	0/1	131,67
3177884	C	A	1/1	0,136
3178445	C	G	0/1	150,77
3180988	C	A	0/1	55,118
3186860	T	G	1/1	0,121
3188428	C	T	0/1	76,101
3188769	A	G	0/1	53,104
3189242	A	G	0/1	53,135
3189580	T	C	0/1	57,87
3190145	TCCCCCCAT	TCCCCCAT	1/1	0,143
3190342	G	A	0/1	61,118
3190556	G	A	0/1	60,117
3191027	G	A	0/1	116,62
3197917	G	A	0/1	70,128
3200304	A	G	0/1	66,108
3202629	C	T	0/1	53,118
3207297	G	T	0/1	98,50
3211032	G	A	0/1	39,115
3214377	A	C	0/1	73,123
3214481	G	T	0/1	46,113
3214790	C	T	0/1	108,42
3217883	C	T	0/1	63,143
3219194	G	A	0/1	58,94
3226181	A	C	1/1	0,174
3228143	G	T	1/1	0,163
3229692	G	A	0/1	46,100
3229743	C	T	0/1	54,114
3231464	T	C	0/1	126,45
3233605	G	A	0/1	51,96
3236230	C	A	0/1	122,62
3241244	G	A	0/1	41,107
3243630	G	A	0/1	170,84
3244126	G	A	0/1	69,130
3244414	A	G	0/1	55,134
3256494	A	G	1/1	0,205
3260301	A	G	0/1	116,70
3266030	A	G	0/1	58,113
3267743	A	G	0/1	90,58
3269581	A	G	1/1	0,182
3270784	A	G	1/1	1,170
3271037	A	G	0/1	68,108
3273138	C	G	0/1	64,144
3274545	G	A	0/1	52,150
3276017	C	T	0/1	66,174
3280132	G	A	0/1	53,99
3285318	C	T	0/1	56,126
3291446	C	T	0/1	272,34
3293423	A	G	0/1	56,105
3293601	T	C	0/1	49,94
3295124	C	T	0/1	54,113
3295263	G	A	0/1	136,45
3295639	CGGGCGCGT	CGGGGCGCGT	0/1	45,129
3296371	GCCGCGGCC	GCCGCGGCCCGCGGCC	0/1	60,78
3296721	C	G	0/1	42,110
3296843	A	G	1/1	0,134
3298563	C	T	0/1	146,66
3299413	G	A	0/1	52,177
3302484	A	G	0/1	67,128
3302683	C	T	0/1	52,162
3306163	CGGCACTGTGGCGG	CG	0/1	68,112
3306594	T	G	0/1	54,110
3308446	T	C	0/1	54,118
3308606	G	A	1/1	0,200
3311119	G	C	0/1	66,113
3312632	C	T	0/1	192,56
3312942	G	A	0/1	57,146
3314412	A	G	0/1	60,123
3326150	A	G	0/1	52,98
3326554	A	C	0/1	59,228
3328495	G	C	0/1	45,90
3331361	ACGCGCGCCGG	ACGCGCCGG	0/1	53,84
3336825	T	C	1/1	0,165
3338603	G	C	1/1	0,168
3339417	A	G	0/1	67,111
3351012	C	T	0/1	59,90
3351472	G	A	0/1	56,98
3352127	G	A	0/1	107,58
3352932	CG	AA	0/1	46,128
3354896	C	T	0/1	107,56
3356403	G	A	0/1	46,76
3358235	A	T	1/1	0,186
3359584	G	A	0/1	50,93
3363338	A	G	1/1	0,165
3365841	G	A	0/1	55,127
3366409	GATCACATCACCA	GA	0/1	60,103
3367765	G	A	1/1	0,177
3369869	G	T	0/1	38,93
3371260	T	C	0/1	59,92
3375719	C	T	0/1	51,89
3378828	C	A	0/1	50,121
3385067	G	C	0/1	56,123
3388593	T	C	0/1	94,82
3389054	G	C	0/1	76,98
3393374	G	C	0/1	159,63
3393927	A	G	0/1	46,89
3398940	T	C	0/1	48,88
3400230	C	T	0/1	59,145
3401850	G	A	0/1	63,107
3401871	A	G	0/1	74,99
3402816	C	T	1/1	0,145
3404376	C	G	0/1	52,151
3406798	G	A	0/1	53,132
3407028	C	T	0/1	47,105
3407729	G	T	0/1	63,97
3408971	C	T	0/1	85,125
3414556	C	T	0/1	176,51
3415180	ACACCTAGGGGGTGGC	AC	0/1	23,113
3415332	A	G	0/1	61,109
3417404	G	T	0/1	65,132
3418328	TCG	GCA	0/1	130,52
3420825	A	G	0/1	73,148
3422742	C	T	0/1	133,46
3424462	C	T	0/1	64,88
3425854	C	T	1/1	0,170
3426795	C	G	0/1	153,51
3427632	C	T	0/1	56,89
3428088	G	A	0/1	72,109
3428917	C	A	1/1	0,160
3429202	T	G	0/1	135,50
3430420	G	A	0/1	67,126
3431407	G	T	0/1	40,121
3440464	TGTGG	GGTGC	1/1	0,139
3440542	A	G	0/1	49,104
3442240	C	A	0/1	47,159
3442704	G	C	0/1	45,113
3443994	A	G	0/1	59,112
3447480	A	C	0/1	49,120
3448714	G	C	0/1	56,102
3450725	T	C	0/1	36,112
3453382	C	T	0/1	33,84
3454263	C	G	0/1	52,141
3455686	G	C	0/1	71,131
3456666	A	G	1/1	0,147
3460765	G	C	0/1	82,135
3460986	G	A	0/1	136,62
3461239	T	C	0/1	43,108
3462135	G	C	1/1	2,146
3464629	A	G	0/1	56,110
3465363	G	T	0/1	70,114
3467405	C	T	0/1	65,130
3467465	C	G	0/1	63,135
3473996	GAG	GAAG	1/1	0,157
3474597	C	A	0/1	66,108
3475159	A	G	0/1	49,135
3475304	C	A	0/1	55,104
3478698	G	A	0/1	260,65
3478719	G	A	0/1	272,60
3479545	C	A	0/1	37,157
3479561	G	A	0/1	46,167
3480386	G	A	0/1	46,171
3480474	G	A	0/1	70,163
3480789	T	C	0/1	44,179
3483155	A	C	0/1	57,129
3486977	A	G	1/1	0,162
3493996	G	A	0/1	75,189
3494295	GGCG	GG	0/1	57,100
3494820	CGGGGGTC	CGGGGTC	0/1	67,135
3497586	C	G	0/1	42,142
3498418	A	G	0/1	58,140
3498967	T	C	0/1	151,46
3503231	G	C	0/1	121,68
3503895	C	T	1/1	0,155
3504418	C	T	0/1	58,92
3504930	C	T	0/1	112,47
3505005	A	C	0/1	59,101
3509091	G	C	0/1	68,94
3514512	G	C	0/1	108,43
3518167	A	G	1/1	0,161
3518555	A	G	1/1	0,175
3521044	A	G	0/1	42,87
3526986	A	G	0/1	54,105
3530023	C	T	0/1	60,108
3530145	C	A	0/1	45,106
3530955	C	G	0/1	54,97
3533759	G	A	0/1	69,120
3536008	G	T	0/1	51,105
3539139	CGGGGGGGACA	CGGGGGGACA	0/1	38,100
3545438	G	A	0/1	107,39
3548641	T	C	0/1	123,60
3555699	A	G	0/1	65,98
3556275	A	G	1/1	0,189
3556606	G	A	0/1	62,145
3558777	TT	AA	0/1	94,11
3560645	C	T	0/1	59,129
3561155	G	A	0/1	142,63
3561229	C	A	0/1	68,145
3566923	ACGCTTGTCGGC	ACGCTTGTCGGCGCTTGTCGGC	0/1	93,53
3566943	A	G	0/1	156,28
3567606	G	A	0/1	105,48
3568488	GCCCCAG	GCCCAG	0/1	52,110
3571834	T	G	0/1	54,109
3573636	T	C	0/1	60,122
3576656	G	A	0/1	64,91
3577958	A	G	0/1	49,138
3579118	C	T	0/1	58,133
3580636	CTTTGC	CTTGC	1/1	0,163
3581414	A	G	1/1	0,173
3581794	C	A	0/1	55,122
3590686	GTC	GCTC	1/1	0,68
3591063	T	C	1/1	0,187
3594124	C	T	0/1	128,48
3595483	ACTGGCAGCGTAGTG	ACTGGCAGCGTAGTCTGGCAGCGTAGTG	0/1	95,26
3597682	C	T	0/1	55,126
3598321	C	T	0/1	56,121
3598382	T	C	0/1	59,114
3604821	G	C	1/1	0,131
3610391	AGT	ACGT	0/1	67,112
3610441	C	T	0/1	121,62
3610586	C	T	0/1	51,100
3610668	GGGGTCC	GC	0/1	55,92
3611192	C	T	0/1	75,154
3612009	C	T	0/1	98,73
3614982	T	C	1/1	0,167
3619806	C	G	0/1	123,73
3619854	A	G	0/1	76,143
3620552	AGGAG	ATGGAG	0/1	60,93
3621423	A	G	0/1	62,163
3622441	A	C	1/1	0,154
3624486	T	C	0/1	53,116
3625065	T	G	1/1	0,171
3628694	G	A	0/1	62,138
3629612	G	A	0/1	66,121
3638093	G	A	0/1	58,114
3640557	T	C	0/1	85,127
3643582	T	C	0/1	55,105
3647041	A	G	0/1	71,109
3647591	A	G	0/1	52,159
3653324	G	A	0/1	45,95
3658266	C	G	0/1	51,99
3661802	C	T	0/1	60,111
3670040	C	T	0/1	45,118
3670118	G	T	0/1	51,124
3671532	G	C	0/1	68,123
3671843	A	C	0/1	49,149
3672105	G	C	0/1	62,154
3675767	C	T	0/1	60,129
3676977	G	A	0/1	89,36
3677719	C	G	0/1	44,86
3678091	G	A	0/1	73,132
3679949	A	G	0/1	57,102
3681548	A	C	0/1	64,120
3683237	G	T	0/1	44,104
3683715	T	G	0/1	63,103
3687372	A	G	0/1	55,116
3688969	G	A	0/1	118,49
3689523	G	T	1/1	0,172
3690016	A	G	0/1	52,81
3693681	A	C	0/1	47,90
3696181	A	G	0/1	53,112
3697708	A	G	0/1	62,139
3704261	C	A	0/1	62,119
3704596	G	C	1/1	0,200
3705806	A	C	0/1	117,61
3714211	G	T	1/1	0,164
3714757	A	C	1/1	0,160
3717192	C	T	0/1	37,95
3718357	C	T	1/1	0,166
3720792	T	G	0/1	49,105
3721806	G	C	1/1	0,188
3723901	GTTTTGTC	GTTTTTGTC	0/1	53,100
3742991	AGGGGGGGATT	AGGGGGGATT	1/1	1,169
3743517	C	A	1/1	3,103
3743549	A	G	1/1	0,114
3770325	C	T	0/1	61,99
3771132	C	T	0/1	134,58
3771628	A	C	0/1	46,96
3772616	G	A	0/1	57,131
3774506	G	A	0/1	74,160
3776706	C	T	0/1	118,50
3781220	C	T	0/1	54,96
3785946	A	G	0/1	31,124
3786033	A	G	0/1	60,130
3788365	T	G	0/1	34,123
3791770	G	A	0/1	55,187
3793634	A	G	0/1	67,170
3794867	CCG	CCACG	0/1	70,169
3794884	G	A	0/1	191,75
3798095	A	C	1/1	0,230
3798126	G	A	0/1	158,60
3805330	G	A	0/1	41,149
3808103	T	C	0/1	61,111
3810888	G	A	0/1	45,82
3811629	G	A	0/1	56,144
3815477	G	T	0/1	70,94
3816540	A	G	0/1	59,108
3817117	C	A	1/1	1,148
3820407	A	G	0/1	95,55
3820501	CCAGCCTG	CGGCTT	0/1	132,30
3820545	A	G	0/1	88,67
3823159	A	T	1/1	2,169
3825560	C	G	0/1	125,48
3826684	C	T	1/1	0,231
3829152	G	A	0/1	78,39
3829770	T	C	1/1	0,150
3830566	G	A	0/1	60,113
3830695	A	G	0/1	46,78
3838871	A	G	1/1	0,176
3842959	GAAA	AAAC	0/1	178,32
3842971	G	A	0/1	179,34
3842978	CGA	CAGA	0/1	179,34
3842983	TTA	ATG	0/1	180,32
3842992	CT	GC	0/1	181,38
3843001	G	A	0/1	193,60
3843024	AA	CG	0/1	175,59
3843032	G	A	0/1	174,59
3843749	GTGAG	TTTGA	0/1	159,60
3843760	T	C	0/1	149,74
3851084	A	G	0/1	47,63
3851887	AT	CC	0/1	42,36
3854899	T	C	0/1	50,87
3858400	G	C	0/1	44,97
3859376	C	T	0/1	122,49
3859893	C	T	1/1	0,157
3861125	G	T	0/1	116,56
3861914	C	T	0/1	65,97
3862181	C	T	0/1	48,134
3862472	GAACC	GACC	1/1	0,138
3863530	G	T	0/1	79,119
3864041	G	A	0/1	52,120
3864995	T	C	1/1	0,151
3868738	C	A	0/1	85,90
3869557	G	A	0/1	80,113
3871093	G	A	0/1	45,103
3871246	T	C	0/1	46,100
3871333	G	A	0/1	64,88
3873392	T	G	0/1	104,49
3874191	T	C	0/1	122,60
3874722	ATTTAC	ATTAC	0/1	47,154
3876953	G	A	0/1	67,75
3877421	A	G	1/1	0,182
3877554	C	T	0/1	61,100
3881187	G	A	0/1	144,50
3883467	A	G	0/1	44,127
3885886	T	C	1/1	1,154
3892671	A	G	1/1	0,163
3893480	G	A	0/1	59,131
3895727	C	A	0/1	68,104
3896340	T	G	1/1	0,194
3898408	A	G	1/1	0,176
3898869	C	A	0/1	66,118
3899654	C	A	0/1	67,140
3909235	G	C	0/1	62,115
3913737	G	A	0/1	61,142
3917852	G	T	0/1	42,119
3919764	G	A	0/1	84,102
3920109	G	T	0/1	60,145
3921094	C	T	0/1	60,101
3922836	T	C	0/1	67,130
3930807	A	T	0/1	63,131
3952800	G	A	1/1	0,124
3956434	A	G	0/1	52,100
3957406	G	T	0/1	76,109
3958007	C	T	0/1	60,118
3958403	A	G	1/1	0,221
3959418	C	T	1/1	0,135
3964463	AGGGTTT	AGGTTT	0/1	151,55
3968771	C	A	0/1	44,111
3974142	G	A	0/1	45,81
3974868	G	A	0/1	58,114
3976276	T	G	0/1	110,47
3977226	G	A	0/1	140,59
3982925	C	T	0/1	135,27
3983271	T	G	0/1	131,76
3984321	G	A	0/1	66,167
3984926	G	A	0/1	61,132
3989107	C	T	0/1	39,139
3989914	G	T	0/1	73,90
3994898	A	G	0/1	65,114
4003645	C	T	0/1	51,86
4004878	A	C	0/1	109,72
4005114	G	C	0/1	53,87
4005607	T	C	1/1	0,163
4008747	A	G	0/1	58,113
4012219	T	C	0/1	49,137
4013076	G	A	0/1	61,77
4013388	G	A	0/1	62,110
4014376	C	A	0/1	66,97
4014431	C	T	0/1	57,104
4015856	C	T	0/1	63,101
4019103	G	T	0/1	59,149
4020169	C	A	0/1	60,112
4020702	G	A	0/1	64,98
4022652	G	A	0/1	59,106
4024079	T	C	0/1	69,106
4024273	T	C	1/1	0,171
4024368	C	T	0/1	65,107
4026800	G	C	0/1	63,111
4026899	G	A	1/1	0,175
4028752	A	G	0/1	50,93
4034827	C	T	1/1	0,159
4036411	G	C	0/1	78,81
4038287	G	A	0/1	101,56
4040517	A	G	0/1	53,114
4042761	G	A	0/1	117,51
4043365	G	T	0/1	133,66
4045670	G	A	0/1	42,125
4049254	G	A	0/1	51,110
4054637	A	G	0/1	52,126
4055801	G	A	1/1	0,196
4056416	C	A	0/1	66,129
4057081	A	G	0/1	56,118
4058711	T	C	0/1	74,150
4059904	A	G	1/1	0,183
4067152	G	A	0/1	62,116
4069292	G	A	1/1	2,192
4069797	C	T	0/1	54,118
4073186	C	A	0/1	61,147
4081987	G	C	0/1	59,78
4081996	G	C	0/1	55,72
4083360	T	G	0/1	43,89
4085200	G	C	0/1	72,109
4086468	G	A	0/1	118,50
4088346	G	A	0/1	83,51
4089058	T	C	0/1	60,102
4093719	G	A	0/1	48,81
4093879	TGGGGGCGCCT	TGGGGCGCCT	0/1	86,61
4094535	G	T	0/1	61,112
4095001	CGA	CA	1/1	0,113
4095295	T	C	0/1	61,132
4096190	G	A	0/1	70,120
4100835	G	C	0/1	126,61
4100975	T	C	1/1	0,184
4101018	C	T	0/1	60,115
4105757	C	T	0/1	67,152
4106154	C	T	0/1	59,104
4107074	T	C	0/1	67,155
4107264	C	T	0/1	73,103
4109354	A	C	0/1	115,77
4111303	G	C	1/1	0,152
4112429	T	C	0/1	59,119
4113833	C	T	0/1	50,115
4115001	G	C	0/1	51,93
4115029	G	A	0/1	62,107
4116682	T	C	0/1	54,122
4116758	C	T	0/1	79,124
4117161	C	A	0/1	73,118
4118601	A	G	0/1	106,46
4118620	G	T	0/1	55,107
4119246	T	C	0/1	45,88
4123325	C	T	0/1	55,117
4125549	G	C	0/1	133,59
4126087	T	G	0/1	50,125
4126530	G	A	0/1	61,120
4126557	T	G	0/1	65,142
4130711	G	C	0/1	53,111
4133907	G	A	0/1	68,134
4135112	G	A	0/1	116,45
4137190	T	C	0/1	72,135
4138377	A	G	0/1	62,102
4142689	G	A	0/1	46,95
4145737	A	G	0/1	61,117
4146330	A	G	0/1	110,72
4150036	G	T	0/1	48,98
4151855	A	G	0/1	59,146
4155903	G	T	0/1	53,108
4156099	C	A	1/1	0,150
4156239	A	G	0/1	54,117
4156503	C	T	0/1	53,97
4158361	A	G	0/1	55,124
4159195	T	C	0/1	72,108
4160533	TGCGCCCGGCG	TG	0/1	50,72
4162339	A	G	1/1	2,213
4163558	G	C	0/1	56,150
4163944	A	G	0/1	100,55
4163954	T	C	0/1	62,85
4169666	GTTTCCC	GTTCCC	0/1	63,130
4169719	C	T	0/1	62,112
4170964	GGGT	GAGGT	0/1	48,118
4171454	G	A	0/1	75,125
4174564	T	C	0/1	117,57
4176931	C	T	0/1	143,71
4179089	C	T	0/1	61,132
4182695	G	A	1/1	0,184
4187063	G	A	0/1	56,123
4187485	T	C	1/1	0,149
4187523	A	G	0/1	61,106
4187817	A	G	1/1	0,171
4190532	A	C	0/1	66,125
4190596	A	C	0/1	51,125
4195938	G	A	0/1	56,108
4197138	CTTGC	CTTTGC	1/1	1,110
4197189	A	G	0/1	53,95
4198611	CGGGGGTGGAA	CGGGGTGGAA	1/1	0,139
4198899	T	C	0/1	92,58
4200220	A	G	0/1	64,131
4201105	G	A	0/1	79,120
4202383	A	C	0/1	56,115
4204441	A	G	1/1	0,217
4205120	A	G	0/1	53,108
4210274	A	G	1/1	0,195
4210876	T	C	0/1	39,119
4215484	G	C	0/1	44,112
4216255	C	G	0/1	69,116
4217557	A	G	0/1	53,149
4218350	T	C	0/1	141,51
4220174	G	A	0/1	103,58
4221490	C	G	1/1	1,169
4221746	C	T	0/1	58,95
4222073	A	G	1/1	0,150
4222882	A	G	1/1	0,144
4223172	T	C	0/1	69,95
4231150	G	A	0/1	60,122
4231530	C	A	0/1	57,100
4232327	A	G	0/1	65,106
4233299	G	A	0/1	134,52
4236844	G	A	0/1	57,129
4237383	C	A	0/1	59,88
4239763	C	T	0/1	113,70
4240671	C	T	0/1	70,75
4241042	A	G	0/1	42,137
4242643	C	T	1/1	2,177
4243580	G	A	0/1	52,93
4244420	G	C	0/1	61,119
4245969	C	T	0/1	57,114
4247429	A	G	0/1	116,46
4247578	G	A	0/1	53,87
4247646	A	C	0/1	57,91
4250966	G	A	0/1	86,106
4251297	G	C	0/1	59,103
4254345	ATT	AA	0/1	43,42
4255922	A	G	1/1	0,170
4257220	A	G	1/1	0,171
4261499	G	A	0/1	51,125
4263279	A	G	0/1	52,109
4263367	G	C	0/1	108,38
4264218	CT	AG	0/1	123,51
4264560	G	A	0/1	54,100
4269387	T	G	0/1	63,139
4269606	A	G	0/1	50,134
4269864	GCCCCCGCCGA	GCCCCGCCGA	0/1	58,98
4275935	A	G	0/1	56,115
4276306	C	T	0/1	72,111
4280441	C	A	0/1	49,99
4281143	C	G	0/1	64,136
4281272	G	A	0/1	74,102
4287164	A	G	0/1	59,141
4287361	C	T	0/1	52,122
4288405	G	T	0/1	141,71
4289055	A	G	0/1	64,144
4289953	A	G	0/1	54,140
4290564	G	T	0/1	70,152
4290827	C	G	0/1	45,124
4293072	G	A	0/1	154,64
4293107	G	A	0/1	63,155
4296015	G	A	0/1	74,151
4296381	G	T	0/1	62,103
4303407	A	C	0/1	61,114
4306155	C	T	1/1	0,154
4306339	G	T	0/1	57,127
4307021	C	T	0/1	55,119
4307179	G	A	1/1	0,163
4307344	C	G	0/1	76,134
4310743	TGGCGT	TGGGCGT	0/1	60,135
4311871	G	A	0/1	93,38
4313128	C	T	0/1	63,131
4314645	A	G	0/1	66,127
4314843	G	A	0/1	51,105
4315384	T	C	0/1	136,59
4316566	C	G	0/1	40,131
4319652	G	A	0/1	97,49
4320050	A	G	0/1	115,67
4323006	G	A	0/1	76,131
4323354	CGGGGGGGTCT	CGGGGGGTCT	0/1	62,147
4329782	G	A	0/1	83,112
4334425	G	C	0/1	75,114
4336090	AAC	ATAC	0/1	118,43
4336597	C	A	0/1	61,129
4336774	C	T	0/1	59,133
4337574	A	G	0/1	50,85
4338361	C	T	0/1	57,91
4338595	GCT	GT	1/1	0,171
4338603	G	A	0/1	53,130
4338732	G	A	1/1	0,152
4339684	C	G	0/1	65,107
4340330	T	G	0/1	138,66
4341396	AAG	AAGGCGCGGCCGCAG	0/1	77,69
4344058	T	C	0/1	61,113
4345682	C	T	0/1	71,125
4348418	G	A	0/1	61,145
4351039	G	T	1/1	1,143
4356110	G	C	1/1	1,159
4357597	C	G	0/1	59,106
4357773	G	A	0/1	66,120
4357946	C	T	0/1	66,99
4359135	T	C	0/1	139,49
4360119	C	G	0/1	98,61
4361141	G	A	0/1	57,132
4363243	A	C	0/1	48,98
4363484	ACCAACGC	AC	0/1	36,71
4366195	T	C	0/1	61,109
4366272	G	C	1/1	3,189
4367090	G	A	0/1	54,160
4367649	A	G	0/1	44,108
4369499	G	A	0/1	54,95
4371253	A	T	0/1	142,17
4372353	G	C	0/1	68,118
4372661	T	C	0/1	133,79
4373475	C	G	0/1	104,52
4373496	C	G	0/1	115,53
4374228	T	C	0/1	48,98
4377033	G	C	0/1	60,113
4377447	G	A	0/1	104,54
4377609	G	C	0/1	106,55
4377654	G	C	0/1	59,109
4379680	C	G	1/1	0,186
4382054	T	C	1/1	0,164
4382275	G	T	1/1	0,157
4383094	A	G	0/1	144,44
4383144	CCCGT	CCGGGGCCGT	1/1	0,158
4383442	T	C	0/1	54,68
4383632	T	C	0/1	108,61
4383655	A	G	0/1	62,115
4384007	C	G	0/1	49,110
4385031	CGGGGGGCCGT	CGGGGGCCGT	0/1	44,93
4385187	A	G	0/1	54,67
4385897	T	C	0/1	201,67
4385916	C	G	0/1	234,97
4385933	ACGGC	GCGGT	0/1	208,117
4385946	C	T	0/1	217,134
4386228	T	C	0/1	53,217
4386288	C	T	0/1	173,67
4386562	GC	AT	0/1	202,32
4386569	T	C	0/1	200,34
4386580	A	G	0/1	215,46
4386587	CTGA	TTGT	0/1	209,46
4386599	A	G	0/1	211,68
4386604	G	C	0/1	210,74
4386629	GGTCGTAGCCGGT	GGGC	0/1	181,78
4386702	G	C	0/1	229,136
4386768	G	A	0/1	240,118
4386774	C	T	0/1	234,104
4390106	C	G	0/1	89,30
4390380	A	G	0/1	39,87
4390879	G	A	0/1	135,55
4391553	C	T	0/1	110,70
4393178	A	G	0/1	53,129
4394210	G	C	0/1	73,91
4395387	A	G	0/1	34,80
4395964	C	A	0/1	111,53
4398732	G	A	0/1	66,123
4399137	G	A	0/1	41,95
4400660	ACCCGCCCGGA	ACCGCCCGGA	1/1	0,97
4401400	A	G	0/1	54,82
4403900	A	G	0/1	176,82
4407588	T	C	0/1	64,128
4407873	C	A	0/1	44,101
4408156	A	C	0/1	122,53
4408920	AGGC	GGGT	0/1	50,78
4410386	G	T	0/1	74,161
4411016	G	A	0/1	50,125
