1849	C	A	0/1	38,38
1977	A	G	1/1	0,101
4013	T	C	1/1	0,97
7362	G	C	1/1	0,130
7585	G	C	1/1	0,100
9304	G	A	1/1	1,119
9841	C	T	0/1	65,54
11820	C	G	0/1	43,38
11879	A	G	1/1	0,105
13519	C	A	0/1	50,51
14785	T	C	1/1	0,131
14861	G	T	0/1	61,67
15087	C	G	0/1	38,45
15117	C	G	0/1	36,44
15517	C	G	0/1	48,50
16119	C	A	0/1	59,28
17654	T	G	0|1	31,36
17657	T	C	0|1	30,35
21795	G	A	1/1	0,65
24698	GCCGCGTTGCTCGGGGTAA	G	1/1	0,56
25610	G	C	0/1	60,71
26642	C	A	0/1	62,42
26959	C	G	1/1	0,137
28366	AT	A	0/1	45,40
34044	T	C	1/1	0,108
35608	C	T	0/1	60,54
36008	G	C	0/1	56,44
37031	C	G	1/1	0,111
37305	C	G	0/1	47,39
37334	A	T	0/1	52,36
39158	C	G	0/1	56,41
40237	G	A	0/1	46,47
42281	C	A	0/1	45,57
42967	G	C	1/1	0,129
43722	C	T	0/1	47,39
44768	A	G	0/1	46,35
48503	T	C	0/1	58,43
48767	G	C	0/1	57,57
49360	C	T	0/1	66,68
49690	GCC	G	0/1	46,50
49729	C	CA	0/1	34,53
50557	T	C	1/1	0,94
51949	A	G	1/1	0,121
54394	A	G	1/1	0,93
55533	TGCC	T	0|1	28,30
55546	G	GCCT	0|1	32,29
61698	G	A	0/1	48,76
62049	A	G	1/1	0,90
63146	G	T	0/1	56,47
65150	C	T	0/1	30,31
65394	C	A	0/1	59,37
65633	C	T	0/1	51,54
65763	C	T	0/1	43,41
68337	T	TC	0/1	39,41
69338	G	T	0/1	56,43
69989	G	A	1/1	0,121
70267	G	T	0/1	42,63
70816	A	G	1/1	0,96
71336	G	C	1/1	0,46
71584	C	CCGAGCGCTGTTCTGGCGCTAATCTGACGCTAGAATAG	1/1	0,58
75233	C	A	0/1	45,40
75940	G	C	1/1	0,101
76530	G	T	0/1	49,36
79480	T	C	0/1	34,33
79504	T	TCGGTGGACC	1/1	0,21
81990	C	A	1/1	0,62
82437	GT	G	1/1	0,54
84830	GC	G	0|1	54,64
84832	C	T	0|1	55,64
87468	C	T	0/1	52,55
89986	G	A	0/1	41,48
92199	T	G	1/1	0,115
94388	G	A	0/1	48,52
96894	C	T	0/1	40,48
97350	A	C	0/1	26,41
99038	GC	G	0/1	40,37
99162	TCGGTGTGCG	T	0/1	44,45
101092	C	A	0/1	39,41
101539	C	T	0/1	42,62
102908	C	T	0/1	39,43
103181	A	G	0/1	39,50
115229	G	C	0/1	45,39
116000	T	G	1/1	0,99
117497	C	T	0/1	39,65
119498	C	T	0/1	60,63
121425	G	A	0/1	57,50
122109	A	G	1/1	0,105
123454	C	T	0/1	53,52
123520	T	C	0/1	62,55
125830	G	GA	1/1	0,72
130530	C	T	0/1	56,42
131174	T	TG	1/1	0,86
133839	C	T	1/1	0,109
135329	C	T	0/1	43,39
139297	G	T	0/1	52,45
141623	G	A	0/1	56,60
143207	T	C	0/1	65,49
146087	T	C	1/1	0,108
146236	C	G	0/1	69,60
147262	G	T	0/1	67,59
154283	T	C	1/1	0,111
154882	C	T	0/1	59,66
159385	C	T	0/1	56,50
161179	G	A	0/1	41,59
161514	C	T	0/1	42,53
162151	GT	G	0/1	56,58
163303	T	C	0/1	46,51
163705	C	T	0|1	41,44
163706	C	T	0|1	41,44
165320	A	G	0/1	34,49
182824	G	A	0/1	56,57
183091	C	G	0/1	59,53
185188	T	G	0/1	61,62
187363	G	A	0/1	45,53
190816	A	C	0/1	55,52
194305	C	CGG	0/1	61,63
194681	G	C	1/1	0,101
195682	C	G	0/1	60,56
196642	C	T	1/1	0,105
199470	T	G	0/1	59,37
202675	T	C	0/1	34,43
203038	T	C	0/1	74,52
204094	G	T	0/1	43,38
204630	G	A	0/1	54,45
206339	T	C	1/1	0,101
206481	C	G	0|1	33,42
206484	G	T	0|1	32,45
213039	C	T	0/1	55,39
213147	C	A	0/1	49,55
213281	C	T	0/1	46,61
215977	C	T	0/1	54,46
217201	T	C	0/1	57,72
217306	C	G	0/1	66,65
222925	G	A	0/1	49,49
223942	T	C	1/1	0,91
225201	C	G	0/1	42,45
225323	T	C	1/1	0,77
225344	C	T	0/1	43,37
227098	T	C	1/1	0,100
230170	C	T	0/1	52,47
230576	G	GT	0/1	46,36
231114	C	G	1/1	0,113
233112	G	A	0/1	49,53
234477	T	G	1/1	0,32
234496	C	CGT	1/1	0,36
240840	A	G	0/1	64,57
242548	C	T	0/1	27,38
249522	T	C	0/1	49,56
251167	C	T	0/1	54,43
251575	G	A	0/1	45,39
257404	G	A	0/1	68,14
261869	T	C	1/1	0,106
262268	A	T	0/1	43,42
264129	G	A	0/1	47,41
265554	A	C	1/1	0,119
267751	G	C	0/1	53,52
270430	G	C	0/1	49,50
278021	T	C	0/1	50,58
278681	C	G	1/1	0,127
279515	GCGGCCTCGGCCTAGGCCTGGCGAGCAGACGCAAAATCGCCCAATTTCGTGCCGAATTGGGCGATTTTGCGTCTGC	G	0/1	60,57
282892	C	T	0/1	47,56
283610	G	A	0|1	58,40
283614	T	C	1|1	0,96
285772	A	C	1/1	0,82
285871	A	G	1/1	0,62
288103	T	A	0/1	72,54
288260	C	T	0/1	53,42
291816	C	T	0/1	65,44
293628	A	AC	1/1	0,46
295644	C	T	0/1	55,53
296312	C	T	0/1	64,39
304923	A	G	1/1	0,111
305188	G	T	0/1	51,56
306639	T	C	0/1	53,49
310973	G	A	1/1	0,94
311613	G	T	1/1	0,135
314338	A	G	0/1	66,71
317540	G	C	0/1	43,40
325505	T	C	0/1	43,40
325647	C	T	0/1	45,46
328464	C	T	0/1	55,78
336322	CAA	C	0|1	46,10
336325	T	G	0|1	46,10
336327	C	CGG	0|1	46,10
336332	G	C	0|1	47,13
336344	A	G	0|1	44,13
336345	T	C	0|1	44,13
336353	C	T	0|1	48,16
336356	GGAA	G	0|1	47,16
336360	C	CCTCCCCG	0|1	46,16
336369	C	T	0|1	44,20
336370	A	G	0|1	43,20
336380	A	T	0|1	42,36
336400	C	G	0|1	42,40
336403	C	G	0|1	42,41
336405	A	G	0|1	42,42
336422	TTG	T	0|1	39,29
336428	A	G	0|1	39,32
336431	C	T	0|1	39,31
336439	A	G	0|1	39,36
336441	C	T	0|1	38,36
336442	G	A	0|1	38,36
336449	T	C	0|1	39,35
336451	T	G	0|1	39,35
336452	A	G	0|1	37,35
336535	T	G	0|1	24,27
336537	T	G	0|1	26,29
336540	G	T	0|1	26,29
336546	T	G	0|1	24,29
336557	C	CT	0|1	22,29
336560	T	C	0|1	21,26
342146	A	C	0/1	54,62
346275	C	G	1/1	0,105
348269	G	A	0/1	43,64
348383	A	G	0/1	48,55
353309	G	A	0/1	67,48
353365	G	A	0/1	71,49
355803	G	T	0/1	42,55
356528	A	G	1/1	0,97
358595	C	T	0/1	68,60
363464	G	A	0/1	47,65
364854	C	G	0/1	42,54
376774	T	C	1/1	0,95
377014	C	T	0/1	56,57
377426	C	T	0/1	47,41
378407	G	T	0/1	44,58
379528	G	T	0/1	49,58
383716	C	T	0/1	42,42
384380	A	C	1/1	0,100
386432	C	G	1/1	0,116
390828	T	C	1/1	0,97
391853	A	G	1/1	0,106
392261	T	C	0/1	35,42
393952	G	A	0/1	42,54
396199	T	C	0/1	31,45
397894	G	A	0/1	61,63
403980	G	A	1/1	0,118
404326	T	C	1/1	0,111
404731	T	G	0/1	48,62
407877	T	C	0/1	46,53
414486	C	T	1/1	0,85
420008	A	G	1/1	0,91
422879	G	A	0/1	49,43
441589	C	T	0/1	52,50
441823	C	T	0/1	45,51
445127	T	C	0/1	51,59
445327	G	A	0/1	49,38
445780	C	T	0/1	50,70
447411	G	T	0/1	56,62
449395	C	G	0/1	50,44
454295	T	C	1/1	0,70
454333	T	G	0/1	49,25
456594	T	C	0/1	66,55
457452	T	G	1/1	0,81
459399	A	C	1/1	0,49
460413	C	T	0/1	57,60
465300	C	T	0/1	57,64
477234	T	G	0/1	52,34
483935	T	G	1/1	0,80
484596	C	T	0/1	47,44
485810	CA	C	0/1	29,46
489935	G	C	1/1	0,99
491238	C	T	0|1	41,30
491247	C	T	0|1	40,34
491742	T	C	0/1	48,70
492150	G	C	0/1	48,54
497491	G	A	0/1	53,55
497682	C	G	0/1	51,38
498531	A	G	0/1	61,50
498557	C	A	1/1	0,112
502589	C	G	1/1	0,125
503213	T	C	0/1	57,56
503354	G	C	1/1	0,104
503875	G	C	0/1	53,48
504504	G	C	0/1	45,54
505974	G	A	0/1	52,51
507028	GC	G	0/1	40,61
510675	G	T	0/1	46,43
513257	T	C	1/1	0,94
517358	T	C	0/1	52,58
518987	C	T	0/1	55,57
524758	C	T	0/1	46,38
524891	C	A	1/1	0,72
533547	C	G	0/1	52,39
541201	A	G	1/1	0,86
541262	A	G	0/1	46,55
542014	C	G	0/1	33,34
542514	C	G	0/1	46,41
542829	G	C	0/1	57,59
546357	A	G	0/1	58,51
549363	C	G	0/1	47,45
551525	A	C	1/1	0,80
553613	G	T	0/1	56,50
555991	A	G	0/1	48,44
561776	C	T	0|1	49,34
561777	C	T	0|1	49,34
565655	A	G	1/1	0,105
572591	C	T	0/1	61,34
573262	A	G	1/1	0,102
575907	C	T	0/1	42,49
583054	C	T	0/1	46,39
583171	A	C	0/1	53,47
584171	T	C	0/1	58,61
585891	C	G	0/1	42,59
590436	T	C	1/1	0,111
591505	C	A	0/1	50,56
597816	A	G	1/1	0,90
598475	G	A	1/1	0,95
599868	A	G	0/1	31,45
605150	G	A	0/1	51,45
609254	C	T	0/1	61,66
610120	T	G	1/1	0,112
611048	T	G	0/1	57,77
620625	A	G	0/1	57,43
621598	C	T	0/1	58,52
625536	A	G	0/1	43,43
627485	G	A	0/1	36,49
628864	T	C	0/1	66,63
636581	G	A	0/1	39,47
637319	G	A	1/1	0,111
640954	A	G	0/1	63,58
648002	T	G	1/1	0,126
648856	T	C	0/1	50,74
655986	T	G	0/1	52,40
657081	C	T	0/1	58,53
657142	C	T	0/1	47,57
659341	T	C	0/1	42,47
662911	T	C	0/1	72,66
665293	A	G	1/1	0,89
669033	T	A	0/1	41,44
669398	T	C	1/1	0,115
670545	G	A	0/1	53,72
671406	A	ATC	0/1	60,52
679748	A	G	0/1	37,54
681812	AGTGCCCGGACATTGATC	A	0/1	78,53
682665	C	T	0/1	54,53
683829	C	T	0/1	49,50
685461	C	G	1/1	0,87
685608	T	C	1/1	0,100
686264	G	A	0/1	47,47
686794	G	C	0/1	33,31
686972	T	C	1/1	0,81
688344	G	GA	0/1	46,57
688792	T	TG	0/1	49,52
690450	A	C	0/1	47,57
690465	T	G	1/1	0,97
694531	A	G	0/1	60,65
696917	G	T	0/1	38,46
698968	G	A	1/1	0,106
699840	A	C	0/1	46,40
707334	T	C	0/1	48,51
712693	A	G	1/1	0,83
713310	T	C	0/1	39,57
719736	G	A	0/1	42,55
721373	T	G	0/1	40,58
725190	G	A	0/1	41,41
734817	C	T	0/1	53,48
738522	T	G	0/1	69,43
738902	C	T	0/1	51,78
742604	A	ATTTCCGCCCTCATTACACAT	0/1	9,8
743467	C	CGCAG	0/1	52,61
744897	C	T	0/1	34,47
745817	C	A	0/1	44,35
745849	C	T	0/1	51,36
751297	A	AC	0/1	55,71
753562	A	G	0/1	56,61
754186	A	G	1/1	0,101
756216	A	G	0/1	53,51
757139	C	A	0/1	48,50
757182	A	G	0/1	53,61
758322	A	G	0/1	56,49
761095	T	C	0/1	77,19
761155	C	T	0/1	75,33
763031	T	C	0/1	41,68
764123	T	C	0/1	59,41
764817	T	C	0/1	98,35
767414	G	A	1/1	0,83
773497	C	A	0/1	54,44
775639	T	C	1/1	0,125
776100	G	A	0/1	49,72
776182	C	T	0/1	48,66
779615	G	C	0/1	53,50
781395	T	C	1/1	0,107
783601	A	C	0/1	52,62
791249	C	T	0/1	50,51
794567	T	A	0/1	36,34
795991	T	G	0/1	50,59
797736	C	T	0/1	46,54
798355	G	C	0/1	67,56
799136	AC	A	0/1	54,29
799666	A	G	0/1	57,55
800204	T	C	0/1	68,49
810027	A	C	0/1	48,44
811753	C	T	0/1	40,39
820483	G	T	1/1	0,89
820752	C	T	0/1	53,61
830868	G	GGC	0/1	39,50
835611	C	T	0/1	54,35
838168	G	T	0/1	37,45
841764	G	C	1/1	0,104
842030	C	T	0/1	48,41
847995	T	C	0/1	56,48
852685	A	G	0/1	43,55
852910	C	T	1/1	0,80
854252	GC	G	0/1	41,48
857696	A	G	1/1	0,144
861216	T	G	0/1	44,54
864468	A	G	0/1	51,64
865091	C	T	0/1	54,52
866051	G	A	0/1	44,54
868663	G	A	0/1	53,63
874835	C	CCG	1/1	0,99
876141	G	T	0/1	60,52
880562	G	T	1/1	0,101
882257	T	C	1/1	0,111
886006	A	G	0/1	60,47
888774	G	A	0/1	70,17
892416	C	T	0/1	64,56
893733	T	G	1/1	0,124
893895	C	T	0/1	49,57
900221	T	C	1/1	0,100
903537	G	T	0/1	60,49
903550	T	C	1/1	0,105
903913	T	C	1/1	0,116
906857	A	G	1/1	0,119
919351	A	C	0/1	54,41
919424	C	G	0/1	39,49
931123	T	C	0/1	49,71
932280	T	C	0/1	53,63
934230	C	G	0/1	51,51
934611	G	T	0/1	63,61
936593	T	C	0/1	62,60
940602	C	G	0/1	57,50
941845	C	A	0/1	65,50
945214	G	A	1/1	0,90
949535	T	C	1/1	1,113
951702	C	T	0/1	63,45
954101	C	T	0/1	55,52
954133	T	G	0/1	51,56
954468	C	G	0/1	48,61
954508	A	G	0/1	44,63
954906	C	T	0/1	50,50
955524	A	G	1/1	0,85
957117	T	C	1/1	0,121
960367	A	G	0/1	63,38
962268	C	T	0/1	50,48
972980	C	T	0/1	51,59
978349	T	C	0/1	33,43
979704	G	C	1/1	0,109
986463	G	C	1/1	0,109
987585	A	AG	0/1	43,47
990001	G	C	1/1	0,93
991896	T	C	0/1	46,48
993346	A	C	1/1	0,118
993723	T	C	0/1	42,49
996205	T	C	0/1	56,57
996346	G	A	0/1	48,49
1003585	C	T	0/1	33,63
1010204	C	CG	1/1	0,109
1011511	A	C	0/1	49,42
1017303	T	G	0/1	70,46
1017836	A	C	0/1	60,67
1022003	A	C	0/1	60,51
1024346	A	G	0/1	52,45
1025106	T	C	1/1	0,144
1034208	CGCT	C	0/1	38,48
1034758	C	T	0/1	49,56
1037012	T	C	1/1	0,91
1037911	C	T	1/1	1,141
1040251	C	A	0/1	51,45
1047165	T	C	1/1	0,102
1048061	G	A	0/1	45,59
1049073	G	A	0/1	41,53
1054784	C	G	0/1	39,44
1057990	G	A	0/1	46,51
1068151	T	C	1/1	0,94
1068297	C	T	0/1	49,43
1068432	A	G	1/1	0,85
1070344	C	A	0/1	30,23
1070702	T	C	1/1	0,87
1071966	A	G	0/1	58,42
1073288	G	A	0|1	55,43
1073289	G	T	0|1	54,43
1074558	G	A	1/1	0,130
1075279	T	C	1/1	0,89
1076309	G	T	1/1	0,109
1076689	A	C	0/1	50,58
1076880	C	T	0/1	52,53
1077312	A	G	1/1	0,108
1079927	C	A	1/1	0,115
1080192	G	A	0/1	58,39
1081681	T	C	1/1	0,92
1085374	A	C	0/1	47,21
1087193	G	C	1/1	0,95
1090188	A	AG	0/1	62,58
1097220	C	T	0/1	56,56
1097442	C	T	0/1	46,55
1098523	T	A	0/1	42,39
1098824	C	G	0/1	49,39
1099058	G	A	0/1	40,43
1100234	T	C	1/1	0,103
1102117	G	A	0/1	30,30
1102468	C	A	0/1	41,41
1102646	G	A	0/1	50,45
1102914	C	T	0/1	39,46
1103656	C	T	0/1	37,63
1104690	T	G	0/1	47,47
1105587	T	C	0/1	39,41
1105686	C	G	0|1	38,53
1105687	T	C	0|1	39,52
1106422	T	C	1/1	0,83
1107940	A	C	0/1	45,28
1108521	G	A	0/1	36,38
1109975	A	G	1/1	0,127
1111678	G	A	0/1	47,43
1112392	C	T	0/1	45,63
1120431	G	A	0/1	31,47
1121663	GGGGATGCCGATGCCC	G	0/1	43,29
1125256	C	A	0/1	59,46
1126889	G	C	1/1	0,120
1127493	T	C	0/1	55,68
1127648	C	A	1/1	0,103
1128074	A	G	0/1	54,66
1135397	C	T	0/1	58,55
1144585	A	G	0/1	45,41
1145848	A	C	0/1	53,54
1148259	A	G	0/1	73,56
1148930	C	T	0/1	64,73
1149551	C	T	1/1	0,103
1150585	G	A	1/1	0,108
1151004	A	G	0/1	59,68
1151054	C	G	0/1	73,59
1159308	A	G	0/1	40,54
1164336	G	A	0/1	66,64
1164571	A	G	0/1	41,43
1167939	CGAATTAATCCAT	C	0/1	56,57
1168009	GC	G	0/1	53,61
1168715	C	CT	1/1	0,136
1168776	T	G	0/1	79,57
1172085	C	A	0/1	54,48
1173750	G	T	0/1	53,49
1175343	C	T	0/1	56,58
1177157	G	A	0/1	57,70
1178116	T	C	1/1	0,94
1196737	G	A	0/1	35,47
1197157	T	G	0/1	61,65
1198969	C	T	0/1	52,43
1200418	A	G	1/1	0,84
1201581	A	C	0/1	49,36
1211369	A	C	0/1	75,44
1215742	G	A	0|1	35,43
1215743	C	A	0|1	35,43
1215748	G	A	0|1	44,39
1220680	T	C	1/1	0,113
1224367	T	C	1/1	0,35
1225462	T	C	0/1	70,49
1227830	G	T	0/1	46,54
1230778	G	A	0/1	80,74
1237536	C	G	0/1	42,57
1243509	G	T	0/1	62,73
1248382	A	G	0/1	45,48
1248936	G	C	0/1	37,62
1248978	T	C	1/1	0,110
1250340	A	G	0/1	46,58
1251199	C	T	1/1	0,92
1254562	A	G	0/1	48,51
1257825	CG	C	0/1	47,36
1264368	C	T	0/1	47,56
1265070	G	T	0/1	53,48
1273250	G	GA	0/1	77,61
1275957	T	C	1/1	0,94
1279968	G	C	0/1	54,61
1281118	T	C	1/1	1,119
1281771	T	C	0/1	65,49
1284748	G	C	0/1	40,55
1285001	A	C	0/1	57,43
1286766	G	C	0/1	47,49
1288698	G	A	0/1	53,58
1292102	A	G	1/1	0,92
1293333	C	G	0/1	59,51
1295141	C	T	0/1	51,62
1306259	A	G	1/1	0,103
1307598	C	G	1/1	0,108
1310312	A	G	0/1	42,54
1313337	A	AG	1|1	0,54
1313338	A	C	1|1	0,51
1315191	A	C	1/1	0,96
1315884	G	A	1/1	0,95
1317655	C	T	0/1	53,54
1318563	C	T	0/1	47,59
1322741	A	G	0/1	45,40
1327890	G	A	1/1	0,102
1328687	G	C	1/1	0,86
1329234	G	A	0/1	48,48
1332263	C	A	0/1	52,50
1333669	T	G	0/1	29,32
1336164	C	T	0/1	52,64
1337667	G	A	0/1	45,39
1344318	G	C	0/1	50,57
1349733	G	C	0/1	59,58
1351172	A	G	0/1	32,33
1360209	T	C	1/1	0,83
1361190	G	A	0/1	49,63
1361285	C	T	0/1	50,57
1362006	T	C	1/1	0,137
1367484	T	G	0/1	64,53
1368322	C	CG	0/1	60,48
1370852	T	G	0/1	35,41
1372378	A	G	0/1	42,38
1374065	T	C	1/1	0,83
1374201	A	G	0/1	49,37
1374685	C	G	0/1	53,53
1375044	C	G	0/1	61,56
1375446	C	T	0/1	51,75
1375724	A	C	1/1	0,109
1382628	T	C	1/1	0,127
1388827	T	A	0/1	52,44
1390763	C	T	0/1	55,57
1393626	A	G	1/1	0,81
1396922	T	C	1/1	0,126
1406760	T	TG	0/1	34,38
1409766	C	T	0/1	57,50
1411210	T	G	1/1	0,100
1413129	CG	C	0/1	28,36
1413148	C	T	1/1	0,66
1414021	C	T	1/1	0,138
1418863	C	CGGGAGCCA	0/1	51,59
1422478	T	C	0/1	68,47
1422920	T	C	0/1	52,66
1429038	A	C	0/1	47,64
1440469	C	G	1/1	0,145
1443428	G	GGGTTAGATTGCCCGGCTCCTCAACCCGCCGTTTCGGCGTGCATCGTCGCCGGGCTA	1/1	0,29
1445781	A	G	1/1	0,152
1457144	C	T	1/1	0,91
1464014	G	A	0/1	34,54
1466779	C	T	0/1	45,44
1471659	C	T	1/1	0,76
1477596	C	T	0/1	53,52
1479085	T	C	0/1	45,40
1482627	T	C	1/1	0,132
1484708	A	C	1/1	0,104
1490905	A	G	0/1	56,53
1494589	T	G	0/1	37,60
1498951	G	T	0/1	47,57
1499274	C	G	1/1	0,82
1501700	G	A	0/1	43,49
1524904	A	G	0/1	54,54
1526311	G	T	0/1	36,54
1526819	C	A	1/1	0,121
1534637	G	A	0/1	46,52
1536251	G	T	1/1	0,145
1540141	T	C	0/1	47,48
1541798	C	T	0/1	42,53
1544255	C	T	0/1	50,62
1544673	C	CTGAACCGCCCCGGTGAGTCCGGAGACTCTCTGATCTGAGACCTCAGCCGGCGGCTGGTCTCT	0/1	75,14
1546703	C	T	0/1	54,73
1547125	T	C	1/1	0,91
1552547	G	A	1/1	0,114
1556787	T	C	0/1	43,38
1563717	C	T	1/1	0,114
1567488	A	G	0/1	58,62
1568018	C	T	0/1	20,34
1570566	C	A	1/1	0,110
1574120	G	A	0/1	34,49
1576481	T	G	0/1	50,60
1576527	G	T	0/1	47,61
1577241	G	A	0/1	55,63
1579409	G	T	0/1	35,44
1588899	G	T	1/1	0,112
1592603	T	C	0/1	51,46
1593331	G	A	0/1	48,56
1594906	G	A	0/1	49,50
1595342	T	C	0/1	38,40
1605170	C	T	0/1	43,47
1608276	A	C	0/1	69,60
1609840	A	G	1/1	0,104
1612624	T	TATCGGTACCGGTGCGCCAGGG	1/1	0,79
1613035	T	C	1/1	0,103
1615932	G	A	0/1	59,45
1616061	C	T	0/1	58,69
1616354	T	G	0/1	53,62
1617302	G	T	0/1	68,50
1620181	C	G	0/1	50,61
1622092	C	T	0/1	82,51
1623629	CT	C	0/1	69,40
1624791	C	G	1/1	0,108
1625332	C	CGGT	0/1	39,33
1626857	C	T	0/1	47,40
1627351	T	C	1/1	0,122
1630148	A	C	1/1	0,116
1634806	C	T	0/1	65,65
1639594	C	A	1/1	0,123
1641305	T	C	0/1	36,33
1645173	C	A	0/1	40,67
1645802	T	C	1/1	0,128
1647436	G	A	0|1	31,32
1647444	C	T	0|1	33,30
1649256	C	T	0/1	62,47
1650072	A	G	1/1	0,95
1651308	A	G	0/1	52,53
1657016	T	TGAACCGCCCCGGTGAGTCCGGAGACTCTCTGATCTGAGACCTCAGCCGGCGGCTGG	0/1	52,11
1669158	T	C	0/1	64,39
1670814	C	T	0/1	58,53
1676290	C	A	1/1	0,119
1676629	C	T	0/1	52,55
1677603	G	A	0/1	60,51
1678706	A	C	0/1	62,62
1679523	C	A	0/1	49,56
1683679	T	C	0/1	67,51
1688064	A	G	0/1	54,48
1688300	T	C	0/1	67,47
1689349	C	T	1/1	0,104
1692141	A	C	1/1	0,84
1693561	A	G	1/1	0,116
1695037	G	A	0/1	45,64
1695796	C	T	0/1	48,43
1696671	CA	C	0/1	46,35
1696953	C	A	0/1	51,55
1697896	C	T	0/1	48,53
1698911	G	A	1/1	0,107
1699849	G	A	0/1	41,49
1701215	C	T	0/1	63,52
1706119	T	C	1/1	0,82
1706685	C	A	0/1	33,42
1709432	C	T	1/1	0,112
1710354	C	G	0/1	56,57
1711670	C	T	0/1	59,77
1713192	A	G	1/1	0,73
1716472	A	G	0/1	58,64
1719823	A	G	0/1	55,40
1721372	A	C	0/1	36,47
1722200	C	G	0/1	40,47
1722228	A	C	0/1	45,51
1728022	C	G	0/1	54,54
1728837	A	G	1/1	0,81
1732204	A	G	0/1	54,55
1732501	C	T	0/1	79,57
1733134	C	T	0/1	55,52
1733325	C	G	0/1	54,43
1737411	T	G	0/1	55,56
1741352	C	T	0/1	36,35
1744020	C	T	0/1	37,51
1747327	C	T	0/1	35,53
1753517	CGGCCCCGTGCTTCCG	C	0|1	80,17
1753535	T	TATCATTAAAAAAAAAA	0|1	75,12
1756358	CG	C	0/1	53,59
1758702	C	T	0/1	46,61
1759252	G	T	1/1	0,120
1760292	A	G	1/1	0,98
1774659	C	T	0/1	44,42
1778430	T	C	1/1	0,111
1784404	C	G	1/1	0,57
1792777	T	C	0|1	57,45
1792778	T	C	0|1	56,45
1793790	A	C	0/1	56,53
1798355	G	A	1/1	0,94
1803265	G	A	1/1	0,96
1804409	C	A	1/1	0,130
1808795	A	C	0/1	63,45
1811375	G	T	0/1	62,64
1814715	C	T	0/1	73,18
1817856	A	C	0/1	60,58
1817976	A	T	1/1	0,103
1826451	T	G	0/1	59,44
1831220	A	C	0|1	30,45
1831226	A	G	0|1	28,44
1831288	C	T	0/1	37,43
1834177	A	C	0/1	62,52
1836286	G	C	1/1	0,117
1839759	G	C	0/1	40,43
1843570	T	TGTCATATGCGCCACTGCTCCTATGCCGGCTGCGCCGGCATCATCGTCGTTGGCGCGG	0/1	34,22
1847919	C	G	1/1	0,90
1849051	C	T	0/1	50,51
1849381	G	A	0/1	48,80
1849609	T	C	0/1	52,41
1849934	A	G	0/1	51,60
1854300	T	C	1/1	0,88
1856777	G	C	1/1	0,106
1859559	C	A	0/1	56,44
1860528	T	C	0/1	32,50
1867614	C	T	0/1	45,44
1867838	G	A	0/1	63,47
1872211	G	A	0/1	56,66
1877744	A	C	0/1	47,61
1880697	G	A	0/1	50,39
1880896	T	C	0/1	39,43
1884706	A	G	0/1	46,38
1885385	T	G	0/1	77,49
1885772	G	A	1/1	0,73
1888373	T	C	0/1	47,58
1891101	CA	C	0/1	47,68
1892017	T	C	0/1	50,55
1894300	G	GGTCTTGCCGC	1/1	0,110
1894422	A	G	1/1	0,97
1897608	C	T	0/1	48,45
1899111	G	T	0/1	44,60
1901184	T	G	0/1	46,53
1901493	T	C	1/1	0,94
1902268	G	T	0/1	57,58
1902337	A	C	0/1	64,64
1906078	A	G	0/1	38,50
1907296	G	C	1/1	0,123
1916137	A	G	1/1	0,121
1916506	C	G	0/1	38,38
1917972	A	G	1/1	0,108
1924008	G	A	0/1	63,60
1926076	C	T	0/1	70,59
1931179	C	A	1/1	0,60
1933988	G	A	1/1	0,93
1939861	T	C	0/1	51,54
1944107	A	G	1/1	0,105
1944402	T	C	1/1	0,81
1946132	G	C	0/1	98,53
1950767	T	C	1/1	0,115
1955760	CGAA	C	0/1	62,49
1955913	CCCGGAAG	C	0|1	49,54
1955921	TCGATGACCGTTG	T	0|1	54,54
1955941	G	C	0|1	49,48
1960284	C	A	1/1	0,134
1961735	A	G	0/1	49,54
1967026	C	T	0/1	50,39
1967237	C	A	1/1	0,123
1967543	C	A	0/1	51,43
1971725	G	C	0/1	55,55
1980652	G	T	0/1	70,55
1986638	G	GTGAAC	0|1	45,11
1986641	C	CCCCGG	0|1	44,11
1986643	G	GAGTCCGGAGACTCT	0|1	43,9
1986646	G	GATCTGAGACCT	0|1	42,3
1993808	A	T	1/1	0,66
2003105	C	T	0/1	34,36
2003827	A	C	0/1	46,51
2008217	T	G	0/1	37,52
2009290	GC	G	0/1	50,58
2010312	C	G	0/1	38,42
2022868	T	C	1/1	0,98
2023628	C	G	0/1	41,36
2037034	A	C	0/1	57,51
2038707	T	G	0/1	27,49
2053454	G	A	0/1	55,55
2055271	A	G	1/1	0,102
2057591	C	T	0/1	44,49
2057774	A	T	1/1	0,113
2059831	T	G	0/1	38,29
2063685	C	T	0/1	78,68
2063911	A	G	0/1	48,73
2066470	G	A	0/1	46,49
2067684	G	A	0/1	42,51
2069771	C	A	0/1	41,51
2069911	G	A	0/1	46,56
2072313	C	A	0/1	57,63
2074754	C	T	1/1	0,96
2078246	C	G	0/1	44,50
2082053	A	G	0/1	70,64
2086672	C	T	0/1	56,49
2089635	C	A	0/1	73,57
2094911	ACAGCGT	A	1/1	0,113
2096186	A	G	1/1	0,115
2096585	T	C	0/1	49,23
2097270	C	T	0/1	55,42
2100906	C	T	0/1	55,45
2108141	T	C	1/1	0,90
2108890	A	C	0/1	39,42
2109523	C	CG	1/1	0,99
2112832	A	C	0/1	58,57
2116903	C	T	1/1	0,111
2119299	C	T	0/1	46,56
2122395	C	T	0/1	51,54
2122976	C	G	0/1	56,54
2123169	T	G	1/1	0,126
2123182	A	C	0/1	65,63
2128870	A	G	1/1	0,108
2133468	T	TTCGCATGCCGTCACC	1/1	0,118
2135154	G	T	0/1	52,50
2135870	T	C	1/1	0,109
2137521	A	ACTCCGATCAC	1/1	0,56
2138436	A	G	0/1	70,66
2138453	C	T	0/1	70,66
2142266	C	A	0/1	63,49
2143328	G	C	1/1	0,98
2146065	C	CGGCGGTCGCGGCGGGGCGGGCGGTAGAGGCGGCGACGGCGGGCAA	1/1	0,34
2147022	A	C	1/1	0,93
2147906	C	T	0/1	52,40
2149384	C	A	0/1	83,60
2151148	C	G	0/1	49,51
2151222	T	G	0/1	38,44
2153725	CTCATCCCCGTCTCG	C	0/1	36,36
2154724	C	A	0/1	54,42
2155168	C	G	0/1	40,53
2158109	T	C	0/1	60,53
2160998	G	A	1/1	0,103
2161343	G	GT	1/1	0,113
2172380	A	C	0/1	60,52
2173033	A	G	0/1	60,65
2173860	A	C	0/1	44,42
2175739	C	T	0/1	36,56
2177366	C	T	0/1	66,56
2179825	G	C	1/1	0,40
2180817	ATCGCCTTG	A	0/1	59,41
2181026	G	C	0/1	45,43
2181058	C	G	0|1	54,20
2181060	T	A	0|1	54,20
2181065	C	CCCGGTGAGTCCGGAGACTCTCTGATCTGAGACCTCAGCCGGCGGCTGGTCTCTGGCGTTG	0|1	55,20
2185342	C	T	0/1	51,46
2185674	A	G	0/1	52,40
2185884	T	C	0/1	57,41
2186785	C	T	0/1	49,50
2187587	G	C	0/1	42,59
2191148	A	C	0/1	38,53
2191498	G	T	0/1	45,50
2198326	G	A	0/1	40,40
2199052	C	G	0/1	53,52
2202500	C	T	0/1	42,48
2207591	T	TC	1/1	0,116
2209465	G	A	0/1	53,42
2209807	C	T	0/1	71,67
2211600	C	G	0/1	68,52
2211826	A	G	1/1	0,112
2215680	A	G	0/1	68,61
2216035	A	G	0/1	49,33
2216443	C	A	1/1	0,84
2216963	C	G	0/1	45,48
2220512	T	G	1/1	0,80
2221584	G	C	0/1	52,54
2223293	T	C	1/1	0,91
2225237	T	C	0|1	33,37
2225238	A	C	0|1	33,37
2225365	T	C	0/1	32,37
2228967	A	G	1/1	0,76
2229801	C	G	0/1	55,47
2230045	G	A	0/1	64,50
2235087	G	A	0/1	56,54
2237059	G	T	0/1	60,50
2241031	AG	A	0/1	48,44
2242068	T	G	0/1	59,57
2244421	G	T	0/1	53,42
2245864	C	A	0/1	62,62
2247677	A	C	1/1	0,131
2251179	C	T	0/1	55,62
2251605	G	A	0/1	57,37
2251758	G	A	0/1	38,61
2251999	A	G	1/1	0,106
2260100	C	T	0/1	38,45
2260151	A	G	0|1	87,17
2260154	C	T	0|1	85,17
2260171	T	C	0|1	83,24
2260174	C	T	0|1	81,24
2260196	C	CA	0|1	87,22
2260199	C	T	0|1	88,22
2260212	G	T	0|1	91,21
2260214	G	C	0|1	89,21
2260220	C	T	0|1	90,21
2260222	C	G	0|1	92,21
2260231	T	C	0|1	95,19
2260525	C	T	1/1	0,137
2264782	C	A	1/1	0,105
2265059	T	G	1/1	0,118
2266487	G	C	0|1	90,43
2266504	T	TA	0|1	90,47
2266508	A	T	0|1	94,49
2266511	GT	G	0|1	95,50
2266517	T	C	0|1	94,51
2266550	G	T	0|1	89,69
2266553	C	G	0|1	87,67
2266583	C	G	0|1	93,24
2266598	G	C	0|1	96,29
2266604	C	G	0|1	94,30
2266613	G	GC	0|1	92,31
2266624	G	T	0|1	100,31
2267015	T	C	0/1	62,59
2268433	C	A	0/1	40,47
2268627	G	C	0/1	41,39
2269545	G	A	0/1	68,34
2269780	T	C	1/1	0,104
2270102	A	G	1/1	0,120
2270446	A	ATCTGAACCGCCCCGGTGAGTCCGGAGACTCTCTGATCTGAGACC	0|1	61,17
2273733	TC	T	0/1	72,61
2277272	A	G	0/1	53,70
2280734	G	A	0/1	32,40
2282787	C	T	1/1	0,96
2283191	G	C	0/1	42,33
2285251	C	A	1/1	0,100
2287121	A	G	1/1	0,98
2288085	G	C	0/1	70,56
2289248	A	G	0/1	81,18
2294007	T	C	0/1	52,55
2310123	G	GGCCGGCAGCACCACC	0/1	46,44
2311099	C	G	1/1	0,68
2314689	C	A	0/1	48,45
2315386	C	A	0/1	44,52
2316123	C	A	0/1	62,56
2316510	G	A	0/1	39,42
2318725	C	T	0/1	57,35
2320320	C	T	0/1	41,45
2321975	T	C	0/1	46,33
2328543	T	C	0/1	62,54
2329533	A	G	1/1	0,110
2331620	A	C	0/1	34,38
2331789	G	T	0/1	46,52
2334007	A	G	1/1	0,102
2335075	A	G	1/1	0,83
2335494	A	G	1/1	0,124
2337179	C	T	0/1	48,67
2338194	A	AC	0/1	13,66
2338275	G	C	0/1	88,34
2338416	C	G	0|1	103,45
2338422	C	T	0|1	103,44
2338425	A	G	0|1	104,42
2338428	G	A	0|1	104,42
2338431	A	G	0|1	101,42
2338434	C	T	0|1	95,41
2338457	G	A	0|1	104,37
2338464	C	G	0|1	104,27
2338466	A	G	0|1	102,27
2338469	TCG	T	0|1	102,27
2338476	A	ACG	0|1	104,27
2338477	A	C	0|1	104,27
2338479	C	CGGT	0|1	106,27
2338484	ACAAC	A	0|1	112,27
2338491	G	GA	0|1	109,25
2338495	T	C	0|1	110,25
2338497	C	T	0|1	111,23
2338499	C	CGGG	0|1	108,20
2338500	AAAC	A	0|1	112,20
2338504	A	G	0|1	111,19
2338512	A	G	0|1	106,18
2341636	C	G	1/1	0,85
2342649	A	AGGCGTACACAC	0/1	82,71
2344246	G	C	0/1	44,48
2344499	T	G	0/1	50,40
2345037	C	A	1/1	0,102
2346278	C	A	0/1	45,54
2346318	G	A	0/1	49,37
2346626	G	A	0/1	63,63
2350315	C	T	0/1	76,34
2350773	G	T	0/1	36,52
2352065	C	CCTCGCCTGGGCTGGCGAGCAGACGCAAAATCCCCCGCACGCCCGGCGTGTCGGGGGATTTTGCGTCTG	0/1	21,45
2354791	A	G	0/1	43,47
2357162	TCGC	T	0/1	19,23
2357268	TGCC	T	1/1	0,55
2358029	T	TG	1/1	0,95
2359051	T	C	0/1	49,36
2359072	G	A	0|1	42,34
2359075	G	A	0|1	41,36
2361492	T	G	0/1	52,54
2361604	C	G	1/1	0,90
2361691	G	A	0/1	38,41
2362041	C	A	1/1	0,91
2364475	T	C	0/1	65,54
2366895	T	TGAACCGCCCCGGC	0|1	61,14
2366898	G	GTCCGGAGACTCCAGTTCTTGGAAAGGATGGGGTCATGTCAGGTGGTTCATC	0|1	64,13
2368564	TA	T	1/1	0,74
2369186	G	C	0/1	47,46
2369326	C	G	1/1	0,98
2376135	A	G	0/1	52,52
2386389	G	A	1/1	1,108
2388641	G	A	0/1	69,30
2393341	C	A	0/1	57,47
2394922	C	T	0/1	59,35
2396770	G	C	0/1	42,66
2399734	G	A	0/1	60,46
2401698	T	G	0/1	43,57
2406842	AC	A	0/1	53,65
2411496	G	A	0/1	58,51
2411730	G	C	0/1	61,52
2413246	C	A	0/1	41,27
2415656	G	C	1/1	0,90
2418394	G	C	0/1	56,49
2421816	A	G	0/1	55,42
2421975	G	GGGAA	0/1	59,37
2424925	A	G	1/1	0,75
2425471	T	C	0/1	47,52
2440926	G	T	1/1	0,79
2441970	G	A	0/1	49,42
2442468	C	T	0/1	30,60
2446461	G	A	0/1	58,56
2448458	C	T	0/1	50,40
2448890	C	A	0/1	56,33
2451700	A	C	0/1	42,52
2461744	G	C	0/1	58,62
2462871	G	A	1/1	0,89
2470591	A	C	0/1	35,48
2478266	A	C	0/1	40,56
2480676	G	A	0/1	62,58
2485989	C	G	0/1	54,54
2491597	G	T	0/1	49,50
2499726	G	A	1/1	0,96
2500965	G	T	0/1	64,70
2505085	G	A	0/1	50,66
2507412	G	A	0/1	68,60
2509140	G	C	1/1	0,105
2509722	A	G	1/1	0,75
2510350	C	G	0/1	50,56
2516567	G	C	1/1	0,77
2518773	A	G	0/1	61,58
2521228	C	T	0/1	49,40
2521342	T	C	1/1	0,108
2521428	A	G	0/1	68,61
2522550	T	C	0/1	48,50
2522955	T	G	0/1	38,62
2523205	G	GCGC	1/1	0,45
2525722	CG	C	1/1	0,89
2525776	C	T	0/1	37,55
2526974	T	C	1/1	0,114
2529680	A	G	1/1	0,152
2532616	G	A	0/1	62,45
2533377	T	C	0/1	40,45
2534562	GGA	G	1/1	0,115
2536599	C	T	0|1	38,35
2536628	G	GA	0|1	31,28
2536892	T	C	0/1	41,47
2540441	T	C	0/1	45,53
2543289	T	G	0/1	49,45
2543395	T	C	0/1	62,38
2546684	C	A	0/1	37,44
2547673	ACGC	A	0/1	41,46
2548700	C	T	0/1	34,41
2551576	C	G	0|1	58,38
2551577	T	C	0|1	56,38
2559151	C	T	0/1	53,47
2562644	G	T	0/1	58,55
2564368	G	GC	0/1	36,36
2566766	C	CG	0|1	42,28
2566768	A	C	0|1	42,30
2573756	C	A	1/1	0,94
2578626	A	G	1/1	0,92
2578751	T	G	0/1	33,49
2581052	G	A	0/1	43,46
2583489	A	G	0/1	94,13
2586076	C	G	0/1	62,46
2586127	A	G	1/1	0,111
2587327	C	G	0/1	51,60
2589036	G	C	0/1	58,56
2589216	G	C	1/1	0,147
2592310	G	A	0/1	86,44
2598400	A	G	1/1	0,93
2600260	A	G	0/1	52,40
2608117	C	A	1/1	0,97
2612256	G	T	0/1	53,51
2612632	C	A	1/1	0,83
2614909	GC	G	0/1	55,38
2619271	T	C	0/1	46,39
2625052	G	A	0/1	64,35
2627618	C	A	0/1	64,49
2627946	A	G	0/1	66,53
2630740	T	C	0/1	53,55
2631226	C	A	0/1	52,36
2631371	C	T	0/1	43,56
2631860	C	T	0|1	91,13
2631861	G	A	0|1	91,13
2631863	G	C	0|1	94,13
2631865	C	T	0|1	95,13
2631872	C	T	0|1	101,14
2631877	T	C	0|1	99,12
2631883	T	C	0|1	101,9
2631887	A	G	0|1	99,10
2631890	C	T	0|1	99,12
2631929	C	G	0|1	91,14
2631931	G	A	0|1	91,14
2631932	C	G	0|1	91,14
2631938	G	A	0|1	90,16
2631940	T	A	0|1	88,16
2631941	A	G	0|1	90,16
2631944	C	T	0|1	90,16
2631962	T	G	0|1	94,20
2631967	G	A	0|1	97,20
2631968	A	G	0|1	96,22
2631971	A	G	0|1	102,23
2631977	G	C	0|1	96,24
2632341	C	CA	0/1	50,61
2634282	T	G	0/1	38,59
2637541	C	T	1/1	0,101
2642383	C	T	1/1	0,107
2647085	T	G	0/1	56,35
2647905	G	A	0/1	41,32
2656225	A	G	1/1	0,95
2660319	C	G	1/1	0,112
2663795	G	A	0/1	49,58
2665161	G	A	0/1	44,40
2673818	C	G	0/1	46,45
2677814	T	C	0/1	51,54
2680658	T	G	1/1	0,96
2692100	C	T	0/1	55,40
2692134	T	C	0/1	49,43
2695378	C	G	1/1	0,104
2697489	C	T	0/1	56,60
2703902	C	CG	0/1	23,29
2704884	A	ACAGCGACCATATCGCCGAGCT	1/1	0,86
2711722	T	G	0/1	58,63
2712312	CG	C	0/1	56,54
2713795	C	T	1/1	0,128
2718852	T	G	1/1	0,105
2723506	T	C	0/1	58,58
2724180	TCACGATCGGGTCTCCTCTAG	T	0/1	49,49
2729058	A	C	0/1	57,55
2729620	G	GATCGGACGTGGAAAATGTGGTCGTGATCGAGCATTCGTGCGCCCCGGCCGGCCGGCTGAGATTGGTAAA	0/1	70,28
2730589	C	T	0/1	56,45
2732121	G	T	0/1	43,48
2734074	T	C	1/1	0,103
2734481	TA	T	0/1	42,46
2737572	C	A	1/1	0,85
2738274	A	C	0/1	58,48
2739473	T	C	0/1	42,50
2740693	T	C	0/1	32,31
2741209	G	A	0/1	58,49
2748087	G	A	0/1	47,53
2751804	C	T	1/1	0,67
2752122	G	C	0/1	52,50
2752698	C	A	1/1	0,79
2755565	G	A	0/1	38,58
2760152	A	G	1/1	0,123
2769544	A	G	0/1	48,44
2771272	A	C	0/1	52,52
2774555	T	C	0/1	59,40
2775361	C	T	0/1	52,66
2779136	T	C	1/1	0,99
2786952	A	G	1/1	0,107
2789798	G	T	0/1	46,60
2791098	C	T	0/1	41,48
2793706	G	A	0/1	49,44
2793810	C	A	0/1	46,45
2794071	G	A	0/1	33,56
2800087	G	A	0/1	48,61
2806923	C	T	0/1	40,32
2807486	C	A	0/1	53,38
2808452	T	C	0/1	58,52
2809621	T	C	1/1	0,103
2809633	A	C	0/1	47,55
2816922	G	A	0/1	85,14
2817502	A	C	0/1	49,69
2818837	A	G	1/1	0,106
2821342	C	T	1/1	0,99
2821620	G	A	0/1	46,57
2822478	T	A	0/1	45,44
2825466	G	A	0/1	56,49
2825581	T	G	0/1	46,51
2827984	G	T	1/1	0,90
2828019	T	C	1/1	0,92
2830525	C	A	1/1	0,82
2833329	G	A	0/1	61,44
2837551	G	A	0/1	52,42
2838564	C	G	0/1	51,45
2841022	A	G	0/1	33,28
2846003	C	T	0/1	53,64
2847281	A	G	0/1	70,57
2850631	T	C	0/1	52,42
2851160	GAA	G	0|1	56,51
2851164	CATT	C	0|1	56,51
2851736	C	G	0/1	42,48
2855259	A	G	1/1	0,103
2865760	A	G	1/1	0,88
2865882	T	C	1/1	0,102
2867880	TA	T	0/1	63,45
2879469	G	GTA	0|1	64,13
2879470	C	T	0|1	64,11
2879473	C	T	0|1	64,10
2879474	C	T	0|1	67,8
2879477	C	A	0|1	71,8
2879478	AGC	A	0|1	72,8
2879482	C	A	0|1	74,8
2879483	C	A	0|1	75,8
2879485	C	A	0|1	76,8
2879486	C	A	0|1	75,8
2880702	G	C	1/1	0,119
2881496	G	A	0/1	67,58
2881597	AG	A	1/1	0,88
2881974	G	A	0/1	50,48
2882343	C	A	0/1	49,56
2884068	A	C	0/1	41,57
2886570	A	G	0/1	43,50
2888201	T	C	1/1	0,59
2889633	T	C	1/1	0,99
2891267	C	T	1/1	0,98
2891728	A	G	1/1	0,107
2894208	G	A	1/1	0,95
2898522	T	C	0/1	39,36
2903439	G	A	0/1	59,59
2910461	G	T	1/1	0,110
2911293	C	G	1/1	0,84
2912294	T	G	1/1	0,91
2917328	G	A	0/1	54,51
2918654	G	A	0/1	54,55
2923391	T	C	1/1	0,64
2924803	G	A	0/1	49,66
2925962	T	C	0/1	61,55
2927939	T	C	1/1	0,93
2930057	G	C	0/1	41,64
2939373	G	C	1/1	0,111
2939657	T	C	1/1	0,97
2942377	G	A	0/1	49,36
2948230	G	A	0/1	44,44
2949884	G	A	0/1	53,40
2950638	TACCCGTGTGAGTGGTGATCGGGTAGACGC	T	0/1	56,59
2954439	T	C	1/1	0,90
2954571	A	C	0/1	70,49
2955957	A	C	0/1	68,61
2969197	A	G	0/1	53,52
2980861	A	G	0/1	54,54
2984740	A	G	1/1	0,105
2988630	C	G	0/1	58,50
2988815	C	G	0/1	45,43
2990697	C	CG	0|1	105,37
2990699	T	TGATCGCAAGCGC	0|1	107,37
2994187	T	C	0/1	43,49
3003084	GC	G	0/1	69,59
3003115	C	G	0/1	67,75
3005185	G	T	1/1	0,91
3009692	A	G	1/1	0,85
3009834	A	G	0/1	43,42
3010420	A	G	0/1	42,47
3010993	C	T	0/1	62,44
3013422	A	C	0/1	48,47
3016852	G	A	0/1	63,50
3017465	T	C	1/1	0,109
3021892	GTTCGACGAC	G	0/1	33,42
3021962	G	A	0/1	54,31
3024021	C	A	0/1	61,65
3024343	G	A	0/1	52,65
3027798	T	C	0/1	70,43
3029985	G	T	0/1	54,58
3031168	A	G	0/1	52,45
3033189	G	A	0/1	42,48
3036826	C	T	0/1	49,54
3037377	T	C	1/1	0,47
3039103	G	A	0/1	56,53
3041871	G	T	1/1	0,109
3047617	C	T	0/1	59,52
3048912	C	G	0/1	65,40
3056663	G	A	0/1	39,33
3061703	G	A	0/1	48,51
3069167	A	G	1/1	0,98
3080795	A	G	1/1	0,83
3086742	A	C	0/1	45,31
3086788	T	C	1/1	0,78
3103461	G	A	0/1	50,75
3103682	T	C	1/1	0,154
3104189	A	G	0/1	47,47
3104336	T	C	0/1	37,46
3110140	G	T	0/1	43,53
3111476	C	T	0/1	58,49
3115384	G	C	0/1	34,61
3124014	A	C	1/1	0,42
3131469	T	TTGTCGGCGA	1/1	0,108
3135606	A	G	0/1	41,40
3137058	G	A	1/1	0,107
3137736	G	T	0/1	52,53
3144623	C	T	0/1	58,58
3156201	C	CG	0/1	33,29
3165636	G	A	0/1	63,61
3174496	A	G	0/1	66,40
3174692	AC	A	0/1	56,56
3175964	C	G	0/1	62,49
3177452	C	A	0/1	46,39
3177884	C	A	1/1	0,106
3180988	C	A	0/1	55,65
3181374	G	A	0/1	88,17
3186588	ACGG	A	0/1	37,38
3186664	A	C	0/1	39,36
3186860	T	G	1/1	0,57
3189242	A	G	0/1	61,43
3190145	TC	T	1/1	0,108
3198496	G	A	0/1	69,60
3200282	C	T	0/1	49,42
3209156	G	A	0/1	54,53
3214869	A	G	0/1	47,30
3214966	T	C	0/1	43,53
3215488	G	A	0/1	46,55
3215622	CG	C	0/1	48,46
3217905	G	A	0/1	53,51
3218122	A	C	0/1	39,45
3226181	A	C	1/1	0,105
3227798	A	G	0/1	52,47
3228143	G	T	1/1	0,101
3232036	C	T	0/1	37,46
3233940	G	C	0/1	62,67
3238119	CGTG	C	0/1	52,54
3256494	A	G	1/1	0,101
3257233	G	A	0/1	48,43
3257531	G	A	0/1	35,57
3266030	A	G	0/1	61,56
3266667	C	T	0/1	54,50
3269581	A	G	1/1	0,103
3270784	A	G	1/1	0,130
3276703	T	G	0/1	49,55
3284640	A	G	0/1	46,55
3284855	C	T	0/1	43,52
3290870	G	C	0/1	44,56
3296371	G	GCCGCGGC	0/1	48,53
3296843	A	G	1/1	0,99
3304966	G	A	0/1	55,60
3308606	G	A	1/1	1,79
3309275	C	G	0/1	50,38
3310427	T	C	0/1	41,48
3310626	T	C	0/1	40,43
3314399	G	T	0/1	55,40
3314412	A	G	0/1	40,56
3316955	A	C	0/1	48,48
3320592	G	A	0/1	72,9
3326554	A	C	0/1	54,56
3331361	ACG	A	0/1	61,50
3336825	T	C	1/1	0,68
3338603	G	C	1/1	0,90
3343384	TTGGCGGGCGCCTTGGTCGCCGCCTTCC	T	0/1	31,48
3352932	C	G	1/1	0,112
3358235	A	T	1/1	0,132
3363338	A	G	1/1	0,119
3367765	G	A	1/1	0,100
3371168	C	G	0/1	61,38
3375165	A	C	0/1	56,64
3391074	G	C	0/1	47,45
3392649	G	A	0/1	57,53
3401871	A	G	1/1	0,74
3402816	C	T	1/1	0,116
3404376	C	G	1/1	0,76
3406045	G	A	0/1	73,54
3408150	T	C	0/1	53,59
3408301	GC	G	0/1	56,60
3412611	T	C	0/1	55,43
3415180	ACACCTAGGGGGTGG	A	1/1	0,43
3420825	A	G	0/1	67,54
3422104	G	A	0/1	50,57
3422687	G	A	0/1	51,39
3423249	C	CGCGAGCAGACGCAGAATCGCCCAAAATCCAAGATTTTGAGGCGATTCTGCGTCTGCTCGCGCAACCGG	1/1	0,36
3425854	C	T	1/1	0,126
3428917	C	A	1/1	0,136
3440464	T	G	1|1	0,119
3440468	G	C	1|1	0,117
3442970	C	T	0/1	42,50
3446699	C	G	0/1	45,43
3447293	T	G	0/1	55,55
3447800	G	T	0/1	56,41
3450725	T	C	1/1	0,117
3454263	C	G	0/1	60,51
3455686	G	C	1/1	0,92
3456666	A	G	1/1	0,109
3462135	G	C	1/1	0,84
3467465	C	G	0/1	69,54
3469694	G	T	0/1	73,69
3471151	G	A	0/1	46,67
3473996	G	GA	1/1	0,118
3477942	A	G	0/1	51,52
3478150	G	A	0/1	44,51
3478242	G	C	0|1	100,15
3478244	C	A	0|1	99,15
3478245	T	C	0|1	98,15
3478248	T	C	0|1	97,15
3478251	C	T	0|1	95,15
3478254	G	C	0|1	96,15
3478257	A	G	0|1	97,15
3478260	C	G	0|1	95,15
3478263	G	A	0|1	94,15
3478272	G	A	0|1	97,15
3478290	C	T	0/1	91,15
3478434	C	T	0/1	41,31
3480474	G	A	1/1	0,92
3480789	T	C	0/1	57,59
3486464	G	C	0/1	67,58
3486977	A	G	1/1	0,112
3487108	C	T	0/1	57,57
3493907	T	TCGATGAACCACCTGACATGACCCCATCCTTTCCAAGAACTGGAGTCTCCGGACATGCCGGGGCGGTTCA	0/1	49,1
3494170	G	A	0/1	66,37
3498198	C	T	0/1	44,61
3498364	T	C	0/1	58,55
3500149	G	A	0/1	47,59
3500243	G	C	0/1	53,65
3503895	C	T	1/1	0,105
3505298	AC	A	0/1	32,49
3508970	A	G	0/1	35,42
3509626	C	A	0/1	44,60
3518167	A	G	1/1	0,84
3518555	A	G	1/1	0,98
3530955	C	G	0/1	50,40
3540311	C	A	0/1	57,45
3541237	T	A	0/1	54,59
3542049	G	A	0/1	34,37
3542219	G	A	0/1	60,45
3547585	A	C	0/1	55,79
3550347	C	T	0/1	38,43
3550789	C	G	0/1	66,65
3556275	A	G	1/1	0,109
3564737	G	C	0/1	45,46
3571828	G	C	0/1	54,70
3574504	G	A	0/1	46,38
3575204	G	A	0/1	68,39
3576231	T	C	0/1	55,66
3577497	C	T	0/1	49,47
3577864	A	C	0/1	55,41
3580636	CT	C	1/1	0,89
3581414	A	G	1/1	0,100
3585577	T	C	0/1	44,60
3587446	G	A	0/1	44,48
3589537	C	T	0/1	47,37
3590686	G	GC	1/1	0,39
3591063	T	C	1/1	0,114
3597249	C	G	0/1	60,70
3600576	C	T	0/1	62,58
3600688	C	G	0/1	49,51
3604821	G	C	1/1	0,107
3610391	A	AC	0/1	49,43
3612813	T	C	0/1	37,46
3614982	T	C	1/1	0,107
3621423	A	G	1/1	0,81
3622441	A	C	1/1	0,84
3623770	C	T	0/1	47,43
3625065	T	G	1/1	0,107
3626562	G	A	0/1	81,70
3628520	G	A	0/1	68,72
3638093	G	A	0/1	36,45
3643985	A	C	0/1	45,51
3646964	C	G	0/1	50,54
3653988	G	A	0/1	57,64
3663021	G	A	0/1	39,57
3664457	C	A	0/1	66,59
3665753	G	A	0/1	41,62
3666905	C	T	0/1	56,51
3670040	C	T	0/1	42,48
3674157	T	A	0/1	45,42
3675504	G	T	0/1	66,53
3678249	A	C	0/1	58,54
3680932	G	A	0/1	43,62
3681548	A	C	0/1	50,51
3689523	G	T	1/1	0,101
3690016	A	G	0/1	45,45
3691061	A	C	0|1	76,27
3691063	G	A	0|1	79,24
3691070	T	TCGG	0|1	77,18
3691071	T	C	0|1	77,9
3693681	A	C	0/1	48,42
3704596	G	C	1/1	0,118
3704770	A	G	0/1	56,53
3707164	G	T	0/1	61,67
3714211	G	T	1/1	0,93
3714757	A	C	1/1	0,107
3718357	C	T	1/1	0,123
3721806	G	C	1/1	0,91
3743656	G	A	0/1	56,59
3775409	T	C	0/1	38,43
3775441	A	C	0/1	41,46
3778011	G	A	0|1	58,47
3778012	G	T	0|1	58,47
3778396	C	T	0/1	55,54
3794867	C	CCA	0/1	52,61
3798095	A	C	1/1	0,119
3798596	A	G	0/1	50,35
3804299	G	A	0/1	46,47
3811672	G	T	0|1	37,54
3811675	A	G	0|1	38,54
3813712	G	A	0/1	39,57
3815477	G	T	1/1	0,126
3817117	C	A	1/1	0,102
3821845	G	T	0/1	39,37
3823159	A	T	1/1	0,117
3826501	C	T	0/1	53,58
3826684	C	T	1/1	0,133
3829770	T	C	1/1	0,101
3830349	C	T	0/1	69,57
3830695	A	G	0/1	47,51
3834486	T	C	0/1	68,57
3838871	A	G	1/1	0,101
3851887	A	C	0|1	31,19
3851888	T	C	0|1	32,18
3853639	G	A	0/1	57,49
3859893	C	T	1/1	0,108
3862472	GA	G	1/1	0,50
3863138	G	A	0/1	58,52
3863681	C	G	0/1	53,40
3864995	T	C	1/1	0,109
3867404	C	A	0/1	59,72
3868379	C	T	0/1	56,43
3870010	A	G	0/1	65,61
3871246	T	C	0/1	65,51
3871880	G	A	0/1	65,39
3874722	AT	A	1/1	0,96
3875017	G	T	0/1	44,43
3875230	A	G	0/1	40,55
3877421	A	G	1/1	0,111
3880239	C	CGTCCGGCTCCTCCTCGGACCACTACGCGGCCCGCATCGTCGCCGACCAAATCCAACT	0/1	45,25
3883178	A	C	0/1	47,59
3885886	T	C	1/1	0,129
3892671	A	G	1/1	0,103
3893480	G	A	0/1	67,45
3895727	C	A	0/1	58,54
3896340	T	G	1/1	0,121
3898408	A	G	1/1	0,107
3901772	G	T	0/1	53,61
3902318	A	AT	0/1	57,47
3906311	G	A	0/1	64,48
3907629	T	C	0/1	53,47
3908465	A	G	0/1	56,48
3909235	G	C	0/1	60,53
3916386	G	T	0/1	74,64
3917305	C	A	0/1	54,57
3952800	G	A	1/1	0,95
3958403	A	G	1/1	0,109
3958579	C	G	0/1	52,62
3958918	G	C	0/1	61,46
3959418	C	T	1/1	0,99
3959730	T	C	0/1	44,45
3962187	G	A	0/1	59,45
3964518	G	A	0/1	49,37
3968006	A	C	0/1	56,60
3968986	G	C	0/1	44,59
3970594	C	G	0/1	49,39
3976595	G	T	0/1	50,48
3979990	C	G	0/1	42,58
3981983	G	A	0/1	45,50
3984321	G	A	0/1	67,55
3987370	CG	C	0/1	50,45
3993058	G	A	0/1	44,52
3995746	G	T	0/1	44,60
3999707	G	A	0/1	39,45
3999740	G	A	0/1	40,47
4001622	T	C	0/1	59,47
4005114	G	C	0/1	51,65
4005607	T	C	1/1	0,98
4007595	G	A	0/1	45,54
4008747	A	G	0/1	49,37
4013010	G	A	0/1	53,56
4016738	C	G	0/1	41,42
4022388	G	A	0/1	48,54
4024273	T	C	1/1	0,95
4026899	G	A	1/1	0,104
4028752	A	G	0/1	42,41
4033577	A	G	0/1	57,36
4034827	C	T	1/1	0,126
4041581	C	T	0/1	55,43
4050811	G	A	0/1	41,56
4055801	G	A	1/1	0,109
4056416	C	A	0/1	54,41
4056693	G	T	0/1	46,54
4059143	A	C	0/1	66,59
4059257	G	A	0/1	55,68
4059904	A	G	1/1	0,105
4069292	G	A	1/1	0,78
4073918	G	A	0/1	50,47
4075422	T	C	0/1	45,48
4087495	A	G	0/1	48,36
4089058	T	C	0/1	53,52
4095001	CG	C	1/1	0,54
4095295	T	C	0/1	55,47
4095320	G	A	0/1	50,53
4100975	T	C	1/1	0,69
4107074	T	C	0/1	48,47
4111303	G	C	1/1	0,110
4112429	T	C	0/1	36,39
4115890	G	C	0/1	61,64
4116610	G	A	0/1	47,48
4121213	G	C	0/1	42,59
4122287	G	T	0/1	63,59
4123770	G	A	0/1	58,41
4124349	GCC	G	0/1	54,61
4126282	C	T	0/1	48,54
4128906	C	T	0/1	50,68
4129917	C	A	0/1	45,64
4133316	A	T	0/1	50,49
4135064	G	A	0/1	43,69
4137829	C	T	0/1	45,58
4139509	T	TTTTTTTTTTTAATGATA	0|1	72,2
4139515	ATAGGTTGGTGG	A	0|1	81,10
4139527	CGTTGAG	C	0|1	67,10
4139544	A	T	0/1	75,12
4140384	C	T	0/1	66,58
4141127	A	G	0/1	37,53
4145737	A	G	0/1	63,63
4149947	C	A	0/1	48,34
4151855	A	G	1/1	0,123
4156099	C	A	1/1	0,117
4156503	C	T	0/1	49,57
4158493	C	T	0/1	36,51
4159195	T	C	1/1	0,98
4159509	G	A	0/1	53,57
4159589	G	A	0/1	73,65
4160371	C	A	0/1	57,67
4162339	A	G	1/1	0,101
4166441	G	A	0/1	49,38
4167656	A	G	0/1	52,43
4168445	GCGCGGACGGGAA	G	0/1	53,50
4168771	C	T	0/1	53,48
4169852	G	T	0/1	44,44
4170739	G	C	0/1	50,46
4170964	G	GA	0/1	46,49
4174131	G	C	0/1	47,48
4179089	C	T	0/1	45,40
4179832	G	C	0/1	58,31
4179843	C	T	0/1	56,36
4180839	G	C	0/1	57,50
4181750	A	G	0/1	49,62
4182387	G	C	0/1	55,59
4182695	G	A	1/1	0,126
4183889	T	TC	0/1	51,36
4186678	G	A	0/1	39,67
4187485	T	C	1/1	0,82
4187817	A	G	1/1	0,117
4189210	G	T	0/1	51,37
4194501	G	A	0/1	49,45
4196509	G	T	0/1	49,59
4197138	C	CT	1/1	0,72
4198611	CG	C	1/1	0,99
4199739	G	T	0/1	51,47
4204168	T	C	0/1	57,46
4204441	A	G	1/1	0,121
4205120	A	G	1/1	0,83
4205325	A	G	0/1	60,50
4210274	A	G	1/1	0,93
4212641	C	T	0/1	57,57
4212832	GACC	G	0/1	52,40
4212976	G	A	0/1	59,57
4214988	G	A	0/1	51,65
4215207	G	A	0/1	61,49
4215484	G	C	0/1	41,43
4217557	A	G	0/1	56,46
4218416	C	A	0/1	57,47
4218941	G	A	0/1	37,60
4219219	G	A	0/1	48,42
4221070	AC	A	0/1	62,52
4221423	C	T	0/1	43,48
4221490	C	G	1/1	0,88
4222073	A	G	1/1	0,93
4222882	A	G	1/1	0,107
4223172	T	C	1/1	0,110
4229167	T	C	0/1	54,47
4230033	T	C	0/1	59,38
4231859	CGCGGTCTGTGCGCCGGGCGCACGCACCGAATTCGAGCTATTAGCGGCCGCGGCAAGGGACGCATTCGGCCTGGACGTCCACCCAGCGGT	C	0/1	77,77
4234960	A	C	0/1	51,68
4236237	C	T	0/1	57,61
4242643	C	T	1/1	0,84
4243218	C	G	0/1	58,35
4243460	C	T	0/1	53,43
4247429	A	G	0/1	97,18
4249594	G	A	0/1	55,61
4251297	G	C	0/1	35,46
4252066	T	C	0/1	53,57
4254431	G	A	0/1	52,59
4255922	A	G	1/1	0,95
4256210	G	T	0/1	65,61
4257220	A	G	1/1	0,131
4258106	G	A	0/1	48,51
4260155	G	A	0/1	59,48
4262388	C	T	0/1	52,58
4264381	G	GC	0/1	50,27
4266346	C	T	0/1	49,43
4267647	T	C	0/1	50,35
4280072	C	A	0/1	53,40
4280708	G	A	0/1	43,41
4284429	G	A	0/1	44,52
4287164	A	G	0/1	54,41
4290135	C	T	0/1	48,52
4291449	A	C	0/1	53,59
4296015	G	A	1/1	0,119
4303498	T	TG	0/1	48,56
4304293	G	A	0/1	53,70
4305063	G	GA	0/1	52,36
4306155	C	T	1/1	0,92
4307179	G	A	1/1	0,110
4308395	G	A	0/1	51,45
4309617	G	T	0/1	60,65
4309927	T	G	0/1	60,60
4310449	G	A	0/1	43,41
4310555	G	C	0/1	59,64
4311664	C	T	0/1	53,53
4313128	C	T	0/1	35,39
4314028	G	T	0/1	57,52
4314645	A	G	1/1	0,84
4314800	G	A	0/1	26,38
4316598	A	C	0/1	35,51
4318255	C	A	0/1	61,42
4319985	G	C	0/1	34,49
4322039	AC	A	0/1	63,51
4324042	C	T	0/1	38,45
4328376	C	G	0/1	63,81
4329782	G	A	0/1	55,51
4338595	GC	G	1/1	0,81
4338732	G	A	1/1	0,93
4340028	G	C	0/1	45,46
4342681	G	T	0/1	53,50
4345660	C	T	0/1	61,45
4350305	G	A	0/1	38,41
4350748	GA	G	0/1	33,42
4351039	G	T	1/1	0,97
4352586	A	G	0/1	73,58
4352779	A	G	0/1	59,58
4355141	A	C	0/1	57,51
4356110	G	C	1/1	0,129
4357597	C	G	1/1	0,119
4357804	T	G	0/1	45,42
4358979	C	CG	0/1	29,28
4359164	G	GC	1/1	0,51
4359653	C	T	0/1	48,51
4359828	G	A	0/1	48,55
4360939	A	G	0/1	51,67
4362568	T	G	0/1	40,48
4362735	T	C	0/1	58,49
4364826	G	C	0/1	31,41
4366195	T	C	1/1	0,101
4366272	G	C	1/1	0,100
4368084	G	C	0/1	49,46
4372353	G	C	0/1	44,56
4372440	TTGCCGACGGATA	T	0/1	56,34
4376445	G	A	0/1	36,44
4378504	T	C	0/1	60,57
4379044	CG	C	0/1	48,37
4379273	C	A	0/1	47,62
4379680	C	G	1/1	0,111
4382054	T	C	1/1	0,74
4382275	G	T	1/1	0,84
4383144	C	CCGGGG	1/1	0,107
4383655	A	G	0/1	30,51
4384007	C	G	0/1	37,53
4386228	T	C	1/1	0,89
4388730	T	C	0/1	68,35
4390391	C	G	0/1	43,44
4393178	A	G	1/1	0,90
4393590	C	G	0/1	39,37
4394744	G	C	0/1	51,75
4397736	C	T	0/1	64,55
4400660	AC	A	1/1	0,97
4404960	C	G	0/1	58,47
4405700	G	C	0/1	50,42
4406116	C	A	0/1	45,52
4407588	T	C	0/1	44,41
4407620	A	G	0/1	41,40
4407927	T	G	0/1	61,63
4408923	C	T	0/1	44,44
