424	G	A	0/1	1192,360
939	C	A	0/1	1346,425
1302	C	A	0/1	639,996
1977	A	G	1/1	120,1555
2532	T	C	0/1	375,1090
4013	T	C	1/1	3,1692
6112	G	C	0/1	424,1171
7362	G	C	1/1	4,1456
7582	ACAG	ACAC	1/1	114,1095
8452	C	T	0/1	399,1205
9143	T	C	0/1	362,1008
9260	G	C	0/1	333,996
9304	G	A	1/1	123,1229
11879	A	G	1/1	0,1353
13175	A	G	0/1	380,969
13298	G	C	0/1	463,1058
13460	A	G	0/1	488,906
14236	G	C	0/1	1099,276
14251	G	A	0/1	1071,257
14401	A	G	0/1	378,1053
14785	T	C	1/1	0,1559
15088	C	T	0/1	327,1006
15117	C	G	0/1	338,1058
16526	C	T	0/1	275,727
17608	G	C	0/1	1060,252
21795	G	A	1/1	2,932
21819	A	C	0/1	248,694
22961	T	G	0/1	383,957
23174	C	A	0/1	326,801
24698	GCCGCGTTGCTCGGGGTAAC	GC	0/1	364,303
26347	C	G	0/1	308,886
26959	C	G	1/1	0,1486
27199	G	A	0/1	381,889
27469	ATAGG	GTAGT	0/1	344,962
27996	T	C	0/1	361,907
30980	CCG	CCGATCG	0/1	405,855
31142	C	T	0/1	384,1036
33457	C	T	0/1	1148,219
33551	T	G	0/1	1154,223
34044	T	C	1/1	0,1626
34926	AGGCAAAGGA	AGGCAAAGGGGCAAAGGA	0/1	392,816
35097	T	C	0/1	1368,294
36538	T	C	0/1	351,968
37031	C	G	1/1	6,1232
39623	C	G	0/1	324,996
39758	A	G	0/1	336,967
41151	C	A	0/1	360,945
42281	C	A	0/1	352,881
42967	G	C	1/1	0,1442
43945	A	G	0/1	379,1061
46735	G	A	0/1	342,1031
49976	C	T	0/1	413,1001
51949	A	G	0/1	469,1153
54394	A	G	0/1	385,1055
59816	G	C	0/1	1151,286
59896	ATG	AG	0/1	374,920
62049	A	G	1/1	0,1172
63752	C	T	0/1	813,636
63771	C	T	0/1	1186,281
64028	C	T	0/1	452,1261
65159	G	A	0/1	426,1016
65663	C	G	0/1	341,1024
66892	C	G	0/1	293,800
68174	T	C	0/1	349,984
69989	G	A	1/1	1,1458
70267	G	T	0/1	339,1070
70816	A	G	1/1	1,1370
71336	G	C	1/1	5,704
71584	CCG	CCGAGCGCTGTTCTGGCGCTAATCTGACGCTAGAATAGCG	0/1	447,230
74059	C	T	0/1	1189,246
74737	T	G	0/1	362,971
75233	C	A	0/1	440,975
75940	G	C	1/1	3,1359
79281	CCCACATC	CCCACATCCACATC	0/1	449,868
79479	T	C	0/1	356,940
79504	TCGGTGGACCCGGTGGACCCGGTGGACCCGGTGGACCCGGTGGACCC	TCGGTGGACCCGGTGGACCCGGTGGACCCGGTGGACCC	0/1	295,150
82843	TCCCGT	TCCGT	0/1	366,988
82884	T	C	0/1	1293,208
83343	C	T	0/1	418,978
89200	G	T	0/1	377,962
89871	C	T	0/1	406,959
92199	T	G	1/1	89,1005
97696	T	C	0/1	375,982
98966	G	C	0/1	390,1052
100203	CAATAC	CAAATAC	0/1	1137,159
101727	G	A	0/1	1110,269
103600	A	G	0/1	297,864
115499	T	G	0/1	370,990
116000	T	G	1/1	2,1358
116228	C	G	0/1	1254,139
122109	A	G	1/1	0,1483
123520	T	C	0/1	416,1167
123740	TGC	TC	0/1	408,1061
125830	GAAAAGT	GAAAAAGT	1/1	0,1306
126803	A	G	0/1	374,1031
126853	G	A	0/1	347,974
131174	TGGTGC	TGGGTGC	1/1	2,1389
133839	C	T	1/1	2,1493
133862	G	A	0/1	1269,236
137233	C	T	0/1	504,1465
137673	G	A	0/1	382,1150
139556	ACCCGT	ACCCCGT	0/1	414,1052
139756	T	C	0/1	457,1205
139954	A	C	0/1	475,1177
143207	T	C	0/1	341,999
144433	CC	GT	0/1	307,719
144564	C	T	0/1	297,878
146087	T	C	1/1	0,1434
146788	G	A	0/1	337,959
146872	C	T	0/1	397,1007
147970	C	T	0/1	637,916
154283	T	C	1/1	2,1439
157292	C	T	0/1	1303,278
158978	A	T	0/1	1123,236
160976	C	G	0/1	323,901
162226	G	A	0/1	359,965
162581	G	A	0/1	1112,204
163332	C	T	0/1	1149,265
167986	C	T	0/1	249,729
168787	C	T	0/1	391,1030
170523	TCCCCCGGC	TCCCCGGC	0/1	297,965
176303	C	T	0/1	1223,274
177175	G	C	0/1	336,960
194040	C	A	0/1	428,1147
194305	CCA	CGGCA	0/1	385,855
194681	G	C	0/1	134,1127
195360	T	C	0/1	412,1129
196642	C	T	1/1	145,1631
196874	C	T	0/1	425,1061
197047	A	G	0/1	1382,158
199470	T	G	0/1	310,990
200379	C	T	0/1	469,1251
202886	G	C	0/1	1142,259
203269	C	T	0/1	1245,238
206339	T	C	1/1	0,1233
206481	CGGG	GGGT	0/1	223,661
207226	T	C	0/1	1187,227
208316	ATTCA	ATCA	0/1	377,770
208321	GT	GCG	0/1	387,767
211993	C	A	0/1	376,1041
212353	C	T	0/1	1104,197
215238	C	T	0/1	336,893
217201	T	C	0/1	349,935
223747	CGGGGCCCC	CGGGGGCCCC	0/1	334,810
223942	T	C	1/1	1,1030
225315	G	A	0/1	420,1152
225323	T	C	1/1	1,1592
225668	C	T	0/1	403,1084
226676	G	A	0/1	398,1039
227098	T	C	1/1	4,1408
230576	GTC	GTTC	0/1	476,1048
231114	C	G	1/1	3,1502
233358	A	C	0/1	357,971
233364	G	C	0/1	369,972
234051	G	A	0/1	971,243
234475	TATC	TAGC	1/1	1,410
234496	CCT	CGTCT	1/1	0,513
235681	G	A	0/1	375,1057
236512	C	T	0/1	308,986
241465	G	A	0/1	430,781
243598	A	G	0/1	317,907
244550	A	G	0/1	252,839
251575	G	A	0/1	396,994
251669	T	C	0/1	450,1094
254903	C	A	0/1	334,1039
256252	C	G	0/1	771,172
257301	CCGTCGGCGAC	CC	0/1	336,740
257350	C	T	0/1	1023,262
257788	GCCGT	GAGGATCATCAAGGGTGCGTCGCGGAAGTACCGT	0/1	345,257
260282	G	T	0/1	293,802
261869	T	C	1/1	0,976
263057	T	G	0/1	355,875
263149	A	C	0/1	313,757
264298	C	A	0/1	407,1211
264984	C	G	0/1	408,1007
265170	CGGGCA	CGGCA	0/1	344,914
265554	A	C	1/1	1,1603
272678	C	T	0/1	403,1066
273068	A	G	0/1	927,115
273568	G	T	0/1	298,806
278681	C	G	1/1	6,1362
281454	C	A	0/1	401,1218
282604	A	T	0/1	446,1186
282822	C	G	0/1	1010,112
283614	T	C	1/1	91,1056
285772	A	C	1/1	2,1063
285871	A	G	1/1	94,901
290374	T	C	0/1	352,881
291977	G	A	0/1	555,858
293628	ACCCCCGA	ACCCCCCGA	0/1	368,698
293704	CTTTTTGGGC	CTTTTGGGC	0/1	992,222
294170	G	A	0/1	391,934
295731	T	C	0/1	1353,293
297396	G	A	0/1	630,1000
303414	C	T	0/1	327,989
304923	A	G	0/1	366,1036
310973	G	A	1/1	1,1322
311613	G	T	1/1	0,1455
316129	C	G	0/1	1015,236
319939	C	G	0/1	784,110
320180	A	G	0/1	346,803
325505	T	C	0/1	402,997
326002	A	G	0/1	399,1079
331588	G	A	0/1	184,889
333212	G	C	0/1	399,1007
333292	A	G	0/1	343,890
336380	A	T	0/1	1312,703
336400	CAGCGA	GAGGGG	0/1	1263,690
336504	G	T	0/1	1330,1225
336535	TGTTGG	GGGTGT	0/1	1192,949
336546	T	G	0/1	1291,955
336557	CGGTTACA	CTGGCTATGGCA	0/1	1179,634
342146	A	C	0/1	455,1057
343281	G	C	0/1	346,903
344288	C	G	0/1	321,1022
346275	C	G	1/1	3,1234
351875	G	A	0/1	554,804
352067	A	C	0/1	1341,214
356528	A	G	1/1	3,1348
357261	GCCCCCCAG	GCCCCCAG	0/1	1310,151
357582	G	A	0/1	390,1046
359989	A	T	0/1	1032,244
376774	T	C	1/1	133,1205
378357	T	G	0/1	382,1038
378939	G	C	0/1	386,1038
381030	A	G	0/1	407,1085
382822	G	A	0/1	540,883
384380	A	C	1/1	0,1355
386432	C	G	1/1	1,1495
390828	T	C	1/1	0,1248
391030	C	A	0/1	1270,243
391191	C	T	0/1	1287,297
391853	A	G	0/1	352,860
392261	T	C	0/1	338,898
393941	C	T	0/1	461,1143
396750	G	A	0/1	383,1187
397071	A	G	0/1	943,254
403980	G	A	1/1	6,1417
404326	T	C	1/1	151,1344
405404	C	T	0/1	1362,195
406023	G	C	0/1	989,238
406274	T	C	0/1	364,871
406599	G	A	0/1	333,1065
408723	C	T	0/1	1189,244
412280	T	G	0/1	355,1064
414486	C	T	1/1	10,1461
416475	CAG	CAAG	0/1	551,904
420008	A	G	1/1	0,1415
420405	C	T	0/1	350,1142
424250	A	G	0/1	350,905
437082	C	A	0/1	561,214
437128	G	A	0/1	604,89
438271	G	A	0/1	369,1003
439711	T	C	0/1	449,1226
440510	G	T	0/1	358,952
442988	G	A	0/1	550,872
444351	G	T	0/1	992,195
445400	C	T	0/1	359,997
445780	C	T	0/1	354,961
446747	C	T	0/1	352,902
447442	C	T	0/1	353,846
447525	G	C	0/1	395,1003
451029	C	A	0/1	395,996
451136	G	T	0/1	1097,185
452288	C	T	0/1	330,877
453659	C	A	0/1	283,780
454295	T	C	1/1	0,647
454472	G	C	0/1	1007,169
455325	CGGGT	GGGGC	0/1	343,919
456487	C	A	0/1	359,918
456511	G	A	0/1	360,972
457452	T	G	1/1	91,1074
459399	A	C	1/1	0,747
468357	AAC	GAC	0/1	341,892
469042	C	T	0/1	339,1055
471666	A	G	0/1	427,1069
472705	T	C	0/1	1163,275
478358	C	T	0/1	1006,225
483935	T	G	0/1	395,1256
485230	C	T	0/1	389,1411
485785	T	G	0/1	464,1571
489935	G	C	1/1	155,1503
491742	T	C	0/1	364,1197
492150	G	C	0/1	401,940
492655	G	A	0/1	383,1157
495198	A	G	0/1	381,1146
495473	C	T	0/1	375,930
498531	A	G	0/1	383,1044
498557	C	A	1/1	138,1298
502589	C	G	1/1	4,1333
503354	G	C	1/1	3,1621
505974	G	A	0/1	391,949
508435	C	T	0/1	384,995
510831	TCCGGGGGGCGCAC	TC	0/1	927,189
513257	T	C	1/1	0,1281
514657	T	G	0/1	302,761
517358	T	C	0/1	392,1029
517411	A	G	0/1	381,1041
519185	T	G	0/1	379,905
519641	C	T	0/1	1023,222
522081	A	G	0/1	395,996
524845	G	A	0/1	1210,317
524891	C	A	0/1	380,1038
526385	G	T	0/1	1105,251
527050	G	A	0/1	305,810
527316	C	G	0/1	364,1086
528354	C	A	0/1	342,1025
528781	G	A	0/1	415,1038
534427	T	A	0/1	334,970
534691	C	T	0/1	1390,295
534864	G	T	0/1	434,1176
538609	C	G	0/1	1096,121
541201	A	G	1/1	2,1646
542959	C	T	0/1	363,947
546357	A	G	0/1	375,997
549251	C	T	0/1	343,1048
551090	C	T	0/1	1257,182
551525	A	C	1/1	136,1061
554523	C	T	0/1	1081,320
555945	T	C	0/1	385,1018
555991	A	G	0/1	383,957
556035	G	T	0/1	338,982
557133	G	A	0/1	1248,289
560664	CAA	TAG	0/1	458,1149
562497	C	T	0/1	331,1059
563420	T	C	0/1	1211,275
564723	C	T	0/1	364,1074
565404	G	T	0/1	358,1029
565655	A	G	0/1	453,1135
567065	C	G	0/1	325,957
568693	G	T	0/1	363,972
571943	G	A	0/1	1044,223
573262	A	G	1/1	2,1240
573384	T	G	0/1	336,812
575368	T	C	0/1	345,933
576107	G	T	0/1	945,128
576108	C	G	0/1	798,189
584171	T	C	0/1	346,973
584438	G	A	0/1	1041,187
584511	G	T	0/1	327,896
589536	G	A	0/1	890,206
590436	T	C	1/1	0,1342
590763	G	C	0/1	409,986
591965	G	A	0/1	368,1055
592584	A	G	0/1	412,1132
594070	A	C	0/1	944,587
595374	T	C	0/1	887,1735
595432	C	T	0/1	1846,303
595501	G	A	0/1	276,747
597260	G	A	0/1	1425,236
597816	A	G	1/1	158,1586
598076	TTCA	ATCG	0/1	1432,641
598095	GA	CG	0/1	1436,521
598104	T	C	0/1	1453,501
598111	T	C	0/1	1487,478
598117	A	G	0/1	1498,446
598128	CA	GG	0/1	1474,337
598140	C	G	0/1	1506,286
598147	G	A	0/1	1517,247
598475	G	A	1/1	3,1785
599868	A	G	0/1	426,1279
610120	T	G	1/1	3,1643
611335	G	A	0/1	1295,249
615938	G	A	0/1	328,913
621390	G	A	0/1	345,925
627350	C	G	0/1	264,712
637319	G	A	1/1	111,1242
637922	C	T	0/1	1126,252
638558	A	C	0/1	371,1028
638771	G	A	0/1	1061,277
639835	C	T	0/1	384,1125
641791	G	T	0/1	367,1079
643101	A	G	0/1	1135,121
643449	C	T	0/1	354,1002
643483	G	A	0/1	338,966
646163	C	A	0/1	391,957
646531	A	T	0/1	304,869
648002	T	G	1/1	0,1647
648856	T	C	0/1	332,987
649345	C	T	0/1	364,1123
654996	C	T	0/1	411,1041
655707	G	A	0/1	374,935
655986	T	G	0/1	367,1104
657578	A	G	0/1	420,984
659341	T	C	0/1	377,931
662911	T	C	0/1	366,983
663418	AGC	CAA	0/1	491,91
664249	C	T	0/1	982,244
665230	G	T	0/1	702,547
665293	A	G	1/1	108,1149
667659	C	T	0/1	1322,250
669398	T	C	1/1	0,1188
670545	G	A	0/1	360,1053
678440	C	T	0/1	380,1066
684290	A	G	0/1	442,1164
684391	CTTCA	CTCA	0/1	1209,192
685461	C	G	1/1	9,1253
685608	T	C	1/1	2,1526
685955	G	A	0/1	391,1104
686066	A	G	0/1	383,921
686972	T	C	1/1	0,1524
687602	C	A	0/1	391,991
688792	TGGGGCGG	TGGGGGCGG	0/1	345,861
690248	C	A	0/1	219,648
690450	A	C	0/1	278,834
690465	T	G	1/1	3,1081
698968	G	A	1/1	3,1383
700776	T	C	0/1	259,781
703945	A	T	0/1	336,1027
704997	G	A	0/1	311,880
705602	T	C	0/1	182,486
709226	G	A	0/1	1151,252
712192	GCCC	GACCC	0/1	341,926
712693	A	G	0/1	294,674
713310	T	C	0/1	268,798
715266	A	G	0/1	370,974
716324	G	A	0/1	1218,320
717537	C	T	0/1	334,969
717588	A	G	0/1	325,896
718984	G	A	0/1	296,855
720049	C	A	0/1	997,272
720863	G	T	0/1	320,691
722852	G	A	0/1	291,811
726498	C	A	0/1	247,746
726703	C	A	0/1	1011,184
727020	G	T	0/1	208,630
730087	G	A	0/1	438,1026
731403	G	A	0/1	1087,260
733798	G	C	0/1	963,180
734116	T	C	0/1	459,1180
736710	T	C	0/1	1396,288
740281	C	A	0/1	995,279
749968	T	C	0/1	384,1037
751264	C	T	0/1	1169,274
752046	C	T	0/1	459,1275
752343	A	G	0/1	1084,219
753392	T	C	0/1	419,1130
753668	C	T	0/1	406,1150
754186	A	G	1/1	10,1189
754387	G	A	0/1	340,938
756754	T	C	0/1	1209,334
757182	A	G	0/1	407,1052
761155	C	T	0/1	297,935
761248	A	C	0/1	1176,130
763031	T	C	0/1	421,1141
763531	G	C	0/1	433,1110
763884	CCC	TCA	0/1	355,887
764809	C	T	0/1	1178,351
764995	C	G	0/1	1381,310
766203	G	T	0/1	994,275
767414	G	A	0/1	283,824
767480	C	G	0/1	1191,147
767609	A	G	0/1	390,930
769962	GCCCTA	GCCTA	0/1	949,191
770657	G	A	0/1	365,924
772089	C	T	0/1	355,983
773449	G	A	0/1	508,794
773809	G	A	0/1	1037,225
775639	T	C	1/1	1,1456
776100	G	A	0/1	453,1108
781395	T	C	1/1	3,1357
782943	G	A	0/1	1244,213
786137	A	C	0/1	401,919
790180	A	G	0/1	1216,232
793702	C	T	0/1	316,940
796509	G	T	0/1	1102,225
797597	C	T	0/1	361,984
799136	ACCCCCCCTAC	ACCCCCCTAC	0/1	263,847
800357	C	A	0/1	345,925
806222	G	C	0/1	561,88
810287	C	G	0/1	422,1284
810737	G	A	0/1	1170,278
811492	C	G	0/1	381,1042
812502	C	T	0/1	317,953
815236	T	C	0/1	342,959
815851	A	G	0/1	325,838
817630	C	G	0/1	1469,157
817696	G	A	0/1	408,1168
819213	T	C	0/1	423,1115
820483	G	T	1/1	111,1086
820752	C	T	0/1	326,974
821907	T	C	0/1	309,844
824223	C	T	0/1	876,184
824429	C	T	0/1	343,1000
829719	G	A	0/1	264,620
830868	GGCGCGCGCGT	GGCGCGCGCGCGT	0/1	339,828
835526	G	A	0/1	373,908
841494	CA	GG	0/1	361,965
841764	G	C	1/1	135,1291
847992	CCCT	CCCC	0/1	296,731
850985	A	G	0/1	376,950
852910	C	T	1/1	2,1236
854252	GCCCCCCCCCAGG	GCCCCCCCCAGG	1/1	13,1152
857696	A	G	1/1	152,1383
859131	CGGT	CAGGT	0/1	1034,219
864166	C	T	0/1	402,1017
865761	C	T	0/1	330,884
871271	A	C	0/1	351,946
874835	CCA	CCGCA	1/1	0,1395
880562	G	T	0/1	145,1277
882257	T	C	1/1	1,1151
884134	C	G	0/1	397,1085
885542	G	C	0/1	1107,240
885689	G	T	0/1	353,1001
888774	G	A	0/1	1381,635
893254	G	A	0/1	1195,160
893733	T	G	1/1	1,1412
894888	T	C	0/1	347,916
895082	A	G	0/1	323,989
895120	C	T	0/1	323,924
898477	A	G	0/1	381,1005
900221	T	C	1/1	127,1382
903550	T	C	1/1	134,1278
903913	T	C	1/1	2,1222
906857	A	G	1/1	3,1421
910015	C	A	0/1	394,1024
911261	T	C	0/1	356,861
913274	C	G	0/1	461,1187
916046	T	G	0/1	356,949
920517	T	G	0/1	1169,135
923267	G	A	0/1	427,1118
930496	C	G	0/1	396,1042
931123	T	C	0/1	390,1137
932280	T	C	0/1	327,835
933699	G	T	0/1	380,977
934230	C	G	0/1	414,1152
934611	G	T	0/1	359,1021
938246	A	G	0/1	372,876
940486	G	A	0/1	290,766
941503	G	T	0/1	654,1056
941845	C	A	0/1	383,1044
942479	T	C	0/1	1188,240
943563	C	G	0/1	1352,314
945214	G	A	1/1	123,1375
945972	C	T	0/1	388,1005
947176	C	G	0/1	398,1083
948294	T	C	0/1	360,860
949535	T	C	1/1	115,1183
951142	C	A	0/1	441,1243
952597	C	T	0/1	367,1019
952810	CTTCC	CTCC	0/1	345,858
955524	A	G	1/1	2,1201
957117	T	C	0/1	367,963
959346	C	T	0/1	415,1097
960367	A	G	0/1	385,1042
967599	CGCGA	CGCGGCGA	0/1	429,597
970476	C	G	0/1	423,1116
976028	C	A	0/1	971,246
976043	G	T	0/1	333,887
979704	G	C	1/1	1,1235
984878	G	T	0/1	1065,299
986463	G	C	1/1	0,1531
987601	C	T	0/1	361,1007
988297	C	T	0/1	1246,244
990001	G	C	1/1	3,1326
990383	G	A	0/1	293,750
990521	G	A	0/1	339,1029
993346	A	C	1/1	3,1756
996219	G	A	0/1	495,1494
997143	CGGAT	CGGGAT	0/1	407,1189
1002342	T	C	0/1	393,991
1009490	C	T	0/1	405,1052
1010204	CGGTT	CGGGTT	1/1	0,1426
1011198	G	C	0/1	1196,132
1011286	T	C	0/1	344,947
1014815	T	G	0/1	436,1261
1022194	C	T	0/1	1281,293
1022613	G	A	0/1	347,975
1024346	A	G	0/1	364,970
1025106	T	C	1/1	2,1840
1029997	A	G	0/1	391,1026
1032241	G	T	0/1	434,1253
1032524	T	C	0/1	384,1077
1036484	G	A	0/1	355,1181
1037012	T	C	1/1	117,1211
1037355	T	C	0/1	1242,274
1037911	C	T	1/1	1,1249
1038500	T	G	0/1	537,808
1040706	A	C	0/1	326,977
1041445	C	T	0/1	1288,264
1043136	C	T	0/1	379,1141
1047051	G	A	0/1	521,847
1047165	T	C	1/1	107,1358
1048102	G	A	0/1	354,999
1054784	C	G	0/1	384,1033
1055126	C	T	0/1	344,1040
1057788	T	G	0/1	1140,260
1058149	C	T	0/1	746,449
1061386	T	C	0/1	289,719
1061676	GTGCT	GT	0/1	1411,271
1061858	C	T	0/1	443,1225
1061936	C	T	0/1	1393,228
1062636	G	A	0/1	1346,178
1063765	G	A	0/1	446,1149
1063922	C	T	0/1	321,888
1065742	G	A	0/1	373,942
1066038	A	G	0/1	314,838
1067665	C	G	0/1	717,134
1068151	T	C	1/1	0,1368
1068432	A	G	1/1	88,1206
1069943	CGGGGGGTC	CGGGGGTC	0/1	880,286
1070381	A	G	0/1	223,669
1070702	T	C	1/1	98,1110
1071797	C	G	0/1	994,222
1072342	A	G	0/1	314,854
1074558	G	A	1/1	4,1283
1075167	GCATC	GC	0/1	412,1077
1075279	T	C	1/1	139,1355
1076309	G	T	1/1	7,1497
1077312	A	G	1/1	2,1342
1077624	GCCCCCGGC	GCCCCGGC	0/1	299,834
1077754	C	T	0/1	365,1015
1078398	G	A	0/1	352,951
1079080	G	A	0/1	308,79
1079927	C	A	1/1	0,1173
1080192	G	A	0/1	320,875
1081681	T	C	1/1	0,1390
1082553	G	C	0/1	859,166
1083755	A	G	0/1	446,1102
1085623	A	G	0/1	280,860
1086648	C	A	0/1	421,1027
1087193	G	C	1/1	119,1197
1090188	AGGGCCA	AGGGGCCA	0/1	396,915
1093322	C	T	0/1	916,208
1094472	G	A	0/1	351,329
1094538	T	G	0/1	398,846
1097023	G	A	0/1	348,942
1098523	T	A	0/1	353,943
1099212	C	T	0/1	376,947
1100234	T	C	1/1	1,1334
1101624	G	A	0/1	1347,436
1103249	C	T	0/1	1677,309
1104634	C	T	0/1	447,1538
1104690	T	G	0/1	443,1533
1105284	G	A	0/1	466,1447
1106422	T	C	1/1	157,1557
1107434	A	T	0/1	1316,258
1107917	G	T	0/1	1020,231
1107940	A	C	0/1	311,860
1109163	C	G	0/1	304,785
1109975	A	G	1/1	1,1384
1110956	T	G	0/1	326,876
1111518	T	C	0/1	368,996
1113290	G	C	0/1	376,990
1117405	C	T	0/1	353,1018
1119739	C	T	0/1	333,876
1121074	CCGCA	TCGCC	0/1	238,241
1123597	A	G	0/1	417,1050
1126889	G	C	1/1	2,1381
1127648	C	A	1/1	4,1403
1128814	G	A	0/1	329,923
1131229	CGA	CGGA	0/1	350,888
1131300	G	A	0/1	365,998
1136017	A	G	0/1	357,1032
1139222	G	A	0/1	319,958
1140299	C	T	0/1	620,393
1141487	C	T	0/1	890,226
1142266	A	C	0/1	883,138
1143832	A	C	0/1	180,657
1144585	A	G	0/1	310,946
1148259	A	G	0/1	373,979
1149551	C	T	1/1	115,1158
1150585	G	A	1/1	4,1020
1151485	CGTGTGTC	CGTGTC	0/1	307,867
1154174	G	A	0/1	339,1026
1155700	C	T	0/1	374,1081
1157771	G	C	0/1	418,1130
1158775	C	T	0/1	1132,261
1164336	G	A	0/1	399,990
1164521	C	T	0/1	1075,331
1168323	A	G	0/1	380,943
1168715	CTTCC	CTTTCC	1/1	0,1238
1178116	T	C	1/1	137,1275
1184826	G	T	0/1	342,963
1187148	C	A	0/1	956,314
1192830	G	A	0/1	368,1001
1199019	T	C	0/1	341,963
1199547	G	A	0/1	1088,251
1200418	A	G	1/1	118,1225
1201291	A	G	0/1	422,1127
1203824	T	C	0/1	421,1082
1210169	C	G	0/1	950,158
1211369	A	C	0/1	376,1147
1220570	G	T	0/1	355,1055
1220680	T	C	1/1	0,1357
1224340	C	G	0/1	508,62
1224367	T	C	1/1	0,567
1225126	G	A	0/1	369,1078
1228116	A	G	0/1	305,1004
1230778	G	A	0/1	385,1142
1235446	T	C	0/1	335,940
1237403	G	A	0/1	355,940
1244768	G	A	0/1	419,1125
1245756	A	G	0/1	1309,218
1246231	TTCGACG	TTCGACTCGACG	0/1	290,728
1248382	A	G	0/1	298,789
1248605	C	G	0/1	566,117
1248936	G	C	0/1	341,908
1248978	T	C	1/1	4,1177
1250340	A	G	0/1	356,898
1250357	T	G	0/1	358,872
1251199	C	T	0/1	349,998
1254562	A	G	0/1	388,1018
1257032	G	A	0/1	345,1031
1257343	C	G	0/1	385,1114
1258324	A	G	0/1	416,1078
1262230	C	T	0/1	315,964
1266565	C	T	0/1	565,890
1268649	C	T	0/1	1107,301
1271143	AGGAA	AGGGAA	0/1	359,835
1272542	CGGGGGTTTC	CGGGGGGTTTC	0/1	1081,144
1273250	GCT	GACT	0/1	405,1100
1275957	T	C	0/1	414,1171
1281118	T	C	1/1	2,1630
1281443	C	G	0/1	1113,243
1281515	G	A	0/1	376,1066
1281771	T	C	0/1	367,969
1285690	G	A	0/1	1152,279
1287112	T	C	0/1	363,1052
1287160	A	C	0/1	380,998
1289351	G	C	0/1	873,164
1292102	A	G	1/1	128,1153
1294734	GCCCG	CCCCC	0/1	661,100
1297327	G	A	0/1	982,245
1297397	G	A	0/1	513,788
1297999	T	G	0/1	1080,238
1302821	G	A	0/1	1093,284
1306259	A	G	0/1	387,1111
1307598	C	G	1/1	100,1218
1310316	C	T	0/1	342,888
1313337	AA	AGC	1/1	0,434
1314617	C	T	0/1	360,1071
1315191	A	C	1/1	0,1464
1315746	G	A	0/1	423,1000
1315884	G	A	1/1	4,1321
1316480	G	C	0/1	341,883
1320508	G	A	0/1	437,1322
1320614	C	G	0/1	432,1259
1325467	T	C	0/1	1194,137
1327692	A	C	0/1	1498,181
1327890	G	A	1/1	136,1260
1328687	G	C	1/1	8,1196
1338794	TCGGCGGCGGCGGT	TCGGCGGCGGT	0/1	421,1050
1344857	C	T	0/1	350,893
1348518	GCCAG	GG	0/1	329,798
1351172	A	G	0/1	378,972
1354183	C	T	0/1	1059,356
1354437	A	C	0/1	1166,264
1356648	C	T	0/1	378,988
1358940	C	A	0/1	347,898
1360209	T	C	1/1	119,1260
1362006	T	C	0/1	400,1229
1363194	G	A	0/1	431,1207
1367484	T	G	0/1	339,1059
1368947	A	G	0/1	344,836
1369389	C	T	0/1	361,955
1369735	G	A	0/1	301,906
1371721	C	A	0/1	824,626
1374065	T	C	1/1	1,934
1374578	C	T	0/1	373,965
1374639	T	A	0/1	381,1009
1375724	A	C	1/1	6,1249
1378715	G	A	0/1	1209,188
1378958	C	T	0/1	1165,263
1382628	T	C	1/1	3,1372
1387211	G	A	0/1	320,971
1389738	G	A	0/1	1252,271
1389866	C	T	0/1	387,1154
1390763	C	T	0/1	334,1059
1392892	C	A	0/1	822,253
1393208	G	A	0/1	390,1143
1393626	A	G	1/1	108,1062
1395010	A	G	0/1	379,1047
1396922	T	C	1/1	114,1136
1397201	A	G	0/1	359,964
1397215	C	G	0/1	378,939
1400396	A	G	0/1	447,1012
1401206	G	A	0/1	306,900
1404169	T	G	0/1	1150,255
1406312	A	G	0/1	517,780
1409030	CGGATTTCTATTT	CT	0/1	339,719
1410062	G	C	0/1	398,967
1411210	T	G	1/1	2,1218
1413148	C	T	1/1	97,1048
1414021	C	T	1/1	2,1475
1414621	C	A	0/1	1011,588
1414629	T	A	0/1	944,567
1414653	C	T	0/1	784,728
1415097	C	G	0/1	1186,782
1416222	A	G	0/1	1490,436
1416232	ACA	GCC	0/1	1433,469
1417019	C	T	0/1	348,871
1417554	G	C	0/1	415,1033
1417793	G	A	0/1	367,1070
1419602	T	C	0/1	405,1173
1424699	T	C	0/1	404,1217
1426928	C	T	0/1	331,1042
1428506	G	T	0/1	769,128
1440469	C	G	1/1	2,1329
1443354	C	T	0/1	388,987
1443428	G	A	0/1	1256,458
1443899	T	C	0/1	324,813
1445474	G	A	0/1	991,214
1445781	A	G	1/1	123,1322
1445977	C	T	0/1	419,1289
1446923	T	G	0/1	1089,224
1452071	C	A	0/1	1161,217
1453165	C	G	0/1	406,1088
1453996	C	G	0/1	307,917
1457144	C	T	1/1	1,1341
1458144	C	A	0/1	313,799
1460907	T	C	0/1	457,1129
1468105	CCGCGCGCGCGCCGCC	CCGCGCGCGCCGCC	0/1	814,101
1468150	C	T	0/1	192,1066
1471659	C	T	1/1	5,1713
1474294	C	G	0/1	1308,144
1474639	G	A	0/1	779,580
1474732	A	G	0/1	1188,161
1478222	C	G	0/1	327,856
1479085	T	C	0/1	299,803
1482627	T	C	1/1	0,1393
1484708	A	C	1/1	2,1228
1488114	CA	TG	0/1	373,73
1490905	A	G	0/1	407,1270
1490911	G	A	0/1	410,1260
1491543	G	A	0/1	1167,307
1492194	T	C	0/1	353,991
1496964	G	T	0/1	330,849
1499274	C	G	1/1	2,1130
1505194	T	C	0/1	365,869
1505973	G	A	0/1	391,1140
1512031	T	G	0/1	1235,247
1514010	G	T	0/1	379,913
1521526	T	C	0/1	343,1102
1522862	C	T	0/1	387,1119
1523175	A	C	0/1	364,1098
1523791	A	G	0/1	391,1106
1525160	G	A	0/1	394,1246
1526819	C	A	1/1	125,1411
1527449	GTG	GTTG	0/1	1279,261
1533999	G	C	0/1	357,1020
1534548	G	A	0/1	440,1225
1535643	C	T	0/1	383,986
1536251	G	T	1/1	1,1180
1540141	T	C	0/1	357,852
1540660	A	C	0/1	829,552
1541129	C	T	0/1	350,910
1544255	C	T	0/1	417,1181
1546703	C	T	0/1	363,1027
1547125	T	C	1/1	0,1684
1548087	G	A	0/1	377,1039
1552547	G	A	1/1	1,1194
1553855	C	T	0/1	236,949
1559562	C	A	0/1	412,970
1560912	G	A	0/1	218,669
1563686	G	T	0/1	339,972
1563717	C	T	1/1	95,1249
1567985	A	G	0/1	302,804
1568178	C	T	0/1	273,814
1569878	G	T	0/1	365,1100
1570566	C	A	1/1	108,1187
1574206	T	C	0/1	408,1106
1575793	A	G	0/1	336,963
1578829	T	G	0/1	273,801
1580181	G	A	0/1	302,825
1580283	A	G	0/1	343,979
1581377	C	T	0/1	427,1167
1584379	A	C	0/1	321,799
1585283	A	C	0/1	343,1064
1585404	G	A	0/1	358,935
1586249	C	T	0/1	1313,291
1588456	A	G	0/1	997,207
1588899	G	T	1/1	100,1233
1589739	C	T	0/1	320,998
1590555	C	T	0/1	398,1179
1594594	G	A	0/1	1315,200
1594698	C	T	0/1	1147,343
1597870	C	T	0/1	947,246
1600164	C	T	0/1	403,970
1600685	C	T	0/1	452,967
1601528	C	T	0/1	373,1027
1604290	A	T	0/1	336,1005
1606357	GTTGC	GTGC	0/1	297,802
1608276	A	C	0/1	341,1022
1609840	A	G	1/1	125,1066
1611283	T	C	0/1	414,1175
1612595	C	G	0/1	1080,132
1612621	CGGTATCGGTACCGGTGCGCCAGGGA	AGGGATCGGTACCGGTGCGCCAGGGA	0/1	351,195
1612648	T	C	0/1	901,491
1613035	T	C	1/1	0,1471
1613927	C	A	0/1	383,985
1613960	G	T	0/1	1156,269
1616813	G	T	0/1	1141,252
1616831	A	G	0/1	372,1024
1617271	A	G	0/1	1224,269
1617833	C	T	0/1	395,1039
1623789	C	T	0/1	479,770
1624791	C	G	0/1	138,1129
1625259	A	C	0/1	355,900
1627351	T	C	0/1	405,1010
1630148	A	C	1/1	131,1399
1639386	G	A	0/1	1321,188
1639418	A	G	0/1	455,1128
1639594	C	A	1/1	1,1332
1639643	T	C	0/1	386,991
1640442	C	T	0/1	337,959
1645802	T	C	1/1	140,1286
1647830	G	A	0/1	364,467
1650072	A	G	1/1	1,1048
1657843	G	A	0/1	383,1037
1658535	G	T	0/1	318,896
1659902	T	C	0/1	369,938
1659994	C	T	0/1	445,1020
1664717	C	T	0/1	1133,155
1668914	C	G	0/1	339,993
1673425	C	T	0/1	949,511
1674048	G	A	0/1	1156,168
1674162	C	T	0/1	587,779
1676290	C	A	1/1	134,1272
1676308	T	C	0/1	372,1000
1676662	C	G	0/1	319,1057
1677765	C	T	0/1	348,989
1679833	C	A	0/1	476,1285
1688300	T	C	0/1	342,949
1689349	C	T	1/1	1,1369
1691520	T	G	0/1	455,1501
1691799	C	T	0/1	1614,343
1692141	A	C	1/1	177,2058
1692795	G	C	0/1	1358,253
1693105	G	T	0/1	1255,527
1693262	GAAAAACAC	GAAAACAC	0/1	435,1227
1693561	A	G	1/1	3,1678
1694547	A	C	0/1	411,1242
1695674	G	A	0/1	449,1471
1696499	GGGTGC	GCGGTGGTGC	0/1	388,1091
1697633	T	C	0/1	460,1402
1698911	G	A	1/1	2,1716
1699849	G	A	0/1	359,990
1706119	T	C	1/1	0,1360
1706746	C	A	0/1	394,1139
1709432	C	T	0/1	404,1126
1709899	A	C	0/1	1223,252
1712671	G	A	0/1	471,1065
1713192	A	G	0/1	398,1133
1714837	C	T	0/1	720,983
1715799	C	A	0/1	407,1058
1716472	A	G	0/1	450,1107
1716649	C	T	0/1	386,1075
1718444	T	C	0/1	318,776
1718761	C	T	0/1	1189,260
1719322	G	A	0/1	130,226
1721428	GAAAAAAACCG	GAAAAAACCG	0/1	315,747
1721490	C	G	0/1	332,818
1726816	G	T	0/1	148,525
1728615	A	C	0/1	392,1143
1728837	A	G	1/1	3,1392
1731563	A	T	0/1	369,917
1734994	C	T	0/1	1117,260
1735903	A	G	0/1	444,1207
1736638	C	T	0/1	1119,248
1739390	A	G	0/1	340,819
1740771	A	C	0/1	965,207
1745446	T	A	0/1	401,1120
1753519	GCCCCGT	GCCCCCGT	1/1	3,875
1754016	GCCCCCGGC	GCCCCCCGGC	0/1	357,911
1754299	A	C	0/1	340,954
1754983	C	T	0/1	418,1082
1756732	G	A	0/1	1196,290
1757029	GAT	GT	0/1	325,867
1758790	C	T	0/1	332,976
1759252	G	T	1/1	1,1474
1760292	A	G	1/1	2,1438
1760923	T	C	0/1	454,1179
1766689	GCAC	GC	0/1	428,980
1777213	C	G	0/1	800,162
1778430	T	C	1/1	0,1178
1791057	C	A	0/1	633,403
1791823	T	C	0/1	349,979
1792777	TT	CC	0/1	432,1028
1793769	C	T	0/1	1139,240
1797577	A	G	0/1	383,926
1798355	G	A	1/1	123,1156
1803265	G	A	1/1	0,1419
1804409	C	A	1/1	106,1136
1805948	C	T	0/1	1152,292
1808898	C	T	0/1	1432,237
1817976	A	T	1/1	0,1282
1819651	C	T	0/1	1216,221
1826054	T	C	0/1	432,1152
1826340	GATC	GATT	0/1	358,953
1826624	G	A	0/1	347,968
1827553	C	G	0/1	349,1031
1828826	CGTACCCGA	CGGGTACGA	0/1	354,79
1829576	C	T	0/1	345,932
1829672	G	A	0/1	711,502
1832293	G	C	0/1	633,869
1832642	GG	TC	0/1	334,744
1836286	G	C	1/1	1,923
1839260	T	G	0/1	333,905
1839329	G	A	0/1	346,900
1839759	G	C	0/1	321,853
1841313	G	A	0/1	393,1157
1841744	C	T	0/1	1081,302
1847811	A	C	0/1	1238,258
1847919	C	G	1/1	118,1262
1848147	C	A	0/1	371,928
1849191	T	C	0/1	402,1119
1849609	T	C	0/1	384,1192
1851048	A	C	0/1	367,978
1853974	C	T	0/1	318,939
1854300	T	C	1/1	67,953
1856777	G	C	1/1	5,1167
1859559	C	A	0/1	361,886
1859989	C	T	0/1	359,1006
1861274	G	A	0/1	1070,249
1872959	A	G	0/1	272,708
1873954	G	T	0/1	287,799
1874993	CGGGGGAC	CGGGGAC	0/1	322,857
1875170	C	T	0/1	1145,322
1875295	C	T	0/1	518,880
1875881	TGGGCC	TA	0/1	350,753
1876617	G	C	0/1	793,100
1876739	T	G	0/1	367,894
1878633	C	T	0/1	977,249
1885772	G	A	1/1	5,1453
1886263	C	G	0/1	452,1177
1886859	C	A	0/1	445,1215
1887284	G	A	0/1	356,1156
1889073	G	C	0/1	368,983
1894300	GGC	GGTCTTGCCGCGC	1/1	11,917
1894422	A	G	0/1	278,962
1897646	G	C	0/1	369,1084
1897938	G	A	0/1	362,630
1899351	T	C	0/1	1352,296
1900800	A	G	0/1	414,1089
1901493	T	C	1/1	0,1399
1902156	G	A	0/1	382,991
1902386	CC	AA	0/1	356,874
1903050	C	T	0/1	477,811
1906336	A	G	0/1	437,1198
1907027	A	G	0/1	1367,224
1907177	C	T	0/1	455,1242
1907296	G	C	1/1	3,1588
1912121	C	G	0/1	1446,191
1916137	A	G	0/1	303,754
1917972	A	G	1/1	0,1154
1918189	C	G	0/1	937,271
1920120	G	T	0/1	328,901
1923530	C	T	0/1	1023,145
1923985	G	A	0/1	402,1107
1924959	T	C	0/1	347,1154
1926672	C	T	0/1	1017,252
1931179	C	A	1/1	0,1214
1931470	G	A	0/1	345,865
1933988	G	A	1/1	2,1641
1934088	C	T	0/1	1521,203
1935695	T	G	0/1	411,1091
1936525	G	A	0/1	319,863
1939044	G	T	0/1	661,868
1940307	G	T	0/1	301,961
1943039	C	T	0/1	1046,239
1943592	C	T	0/1	1195,237
1943991	A	T	0/1	319,907
1944107	A	G	1/1	114,1060
1944402	T	C	1/1	1,1281
1944642	CTG	CG	0/1	1031,212
1944723	G	T	0/1	362,963
1945465	CCGAGT	CT	0/1	322,831
1945836	G	A	0/1	452,736
1947903	G	T	0/1	958,252
1950767	T	C	1/1	0,1603
1952160	T	C	0/1	248,696
1956930	T	G	0/1	426,1216
1960284	C	A	0/1	150,1244
1963383	G	A	0/1	374,1049
1963957	T	C	0/1	363,920
1964837	G	A	0/1	339,877
1964913	C	T	0/1	272,858
1965869	GAAGC	GAAAGC	0/1	341,1018
1967237	C	A	1/1	4,1386
1971725	G	C	0/1	355,1006
1973881	C	T	0/1	795,267
1978807	G	T	0/1	348,920
1979026	C	T	0/1	478,1134
1981056	C	T	0/1	987,254
1993652	C	T	0/1	108,968
1993808	A	T	1/1	4,975
2000536	C	T	0/1	324,943
2005944	A	C	0/1	381,969
2007785	C	T	0/1	1182,229
2008044	C	T	0/1	1148,319
2011542	T	C	0/1	255,800
2013872	A	C	0/1	322,830
2013943	G	C	0/1	287,850
2017291	T	C	0/1	365,1057
2017560	A	T	0/1	407,1145
2019236	T	G	0/1	372,895
2022868	T	C	1/1	2,1207
2023211	G	T	0/1	424,1128
2023976	C	T	0/1	390,1002
2030355	A	G	0/1	437,1117
2030521	T	C	0/1	400,465
2032074	A	G	0/1	1398,326
2035788	G	A	0/1	1003,285
2035937	G	A	0/1	368,1008
2047425	GCGCTAACTTCCCGTCTC	GA	0/1	342,593
2052960	TGCAGACCTATGAG	TGCAGACCTATGAGCAGACCTATGAG	0/1	555,611
2053411	G	C	0/1	1049,237
2053682	C	T	0/1	1072,241
2055271	A	G	1/1	2,1171
2055550	A	C	0/1	332,928
2057774	A	T	1/1	6,1366
2062922	T	C	0/1	368,832
2066471	T	C	0/1	301,853
2070728	T	C	0/1	874,568
2072190	A	C	0/1	408,1057
2074754	C	T	0/1	405,1200
2078287	C	T	0/1	1246,171
2080182	G	T	0/1	349,945
2083124	T	C	0/1	395,1072
2090306	G	A	0/1	374,1049
2090400	TCG	TCGCCAACGCCACCG	0/1	503,597
2092391	G	T	0/1	370,1035
2092970	C	T	0/1	297,820
2093715	T	C	0/1	383,1039
2094911	ACAGCGTCAGCGTC	ACAGCGTC	1/1	112,1159
2096094	C	T	0/1	336,847
2096186	A	G	1/1	0,1301
2096430	A	C	0/1	411,1083
2097144	G	C	0/1	368,1079
2097990	A	C	0/1	1079,257
2104713	G	C	0/1	687,116
2104779	C	T	0/1	417,971
2106121	G	A	0/1	1013,291
2108141	T	C	1/1	103,1018
2108890	A	C	0/1	309,909
2109523	CGGTA	CGGGTA	1/1	1,1237
2110365	A	C	0/1	322,893
2115746	C	G	0/1	257,1016
2116903	C	T	1/1	5,1255
2118162	GCCCCCGCG	GCCCCGCG	0/1	345,860
2119485	G	A	0/1	1152,278
2120506	T	C	0/1	1051,294
2120796	T	A	0/1	331,984
2122625	A	G	0/1	399,943
2122976	C	G	0/1	350,920
2123169	T	G	0/1	1137,254
2123987	G	A	0/1	391,1109
2126366	G	C	0/1	1126,264
2127523	G	A	0/1	396,1018
2128372	A	G	0/1	363,988
2128870	A	G	1/1	2,1343
2129281	C	A	0/1	387,1149
2130529	A	G	0/1	381,1016
2132062	C	G	0/1	413,1036
2132252	C	T	0/1	1377,334
2133468	TTC	TTCGCATGCCGTCACCTC	0/1	374,660
2133475	A	G	0/1	1132,421
2134215	T	C	0/1	1345,249
2135870	T	C	1/1	126,1154
2136267	G	A	0/1	1173,241
2137521	ACA	ACTCCGATCACCA	1/1	84,854
2137656	C	A	0/1	1144,276
2138767	G	C	0/1	371,1082
2142334	C	T	0/1	1096,256
2143328	G	C	1/1	4,1399
2143523	CTA	CTTA	0/1	371,1060
2145878	A	G	0/1	320,858
2147022	A	C	1/1	113,1282
2147641	CGTTAGTTCATGCGTAG	CGTTAGTTCATGCGTAGTTAGTTCATGCGTAG	0/1	475,510
2151678	G	T	0/1	434,1173
2154724	C	A	0/1	440,1059
2155168	C	G	0/1	1070,329
2158109	T	C	0/1	394,988
2158563	GTTTTTGGGGT	GTTTTGGGGT	0/1	317,858
2160998	G	A	0/1	372,881
2161343	GTTTTAC	GTTTTTAC	0/1	343,784
2174216	A	G	0/1	1121,259
2177073	T	C	0/1	410,1157
2177968	G	T	0/1	404,1089
2179708	C	A	0/1	1167,300
2183143	C	T	0/1	1044,230
2183640	A	C	0/1	931,291
2185358	G	A	0/1	280,909
2185741	C	T	0/1	319,863
2198526	A	C	0/1	1294,300
2199052	C	G	0/1	448,1103
2199416	A	G	0/1	386,1015
2203704	T	G	0/1	1167,354
2207525	C	T	0/1	1376,288
2207591	TTC	TCTC	1/1	1,1469
2209465	G	A	0/1	349,945
2211826	A	G	1/1	0,1176
2212798	G	T	0/1	669,113
2213265	G	A	0/1	919,213
2215712	G	A	0/1	409,800
2216248	C	G	0/1	921,230
2216370	G	C	0/1	313,656
2216443	C	A	1/1	0,1076
2216973	A	G	0/1	315,745
2218012	A	G	0/1	360,761
2218488	G	C	0/1	401,768
2219955	CGGCA	CGCA	0/1	335,846
2220512	T	G	1/1	2,1370
2222308	T	C	0/1	347,1060
2223293	T	C	1/1	0,1323
2228967	A	G	1/1	0,1540
2229801	C	G	0/1	334,905
2231132	G	A	0/1	1411,308
2231486	A	G	0/1	395,1042
2234734	G	A	0/1	1316,314
2237053	G	A	0/1	1182,179
2237497	G	C	0/1	139,930
2238930	A	C	1/1	140,1079
2239055	C	T	1/1	102,1031
2239160	G	C	0/1	112,948
2240062	C	G	0/1	131,907
2241646	C	T	0/1	305,857
2241742	A	G	0/1	301,801
2242808	G	A	0/1	390,1155
2243034	T	G	0/1	355,997
2243068	C	A	0/1	786,506
2244336	G	A	0/1	305,777
2245532	T	C	0/1	1330,286
2246960	G	C	0/1	435,1137
2247677	A	C	0/1	386,1000
2249035	A	G	0/1	323,931
2251999	A	G	1/1	8,1389
2255942	G	T	0/1	402,1205
2257780	T	G	0/1	1126,251
2260100	C	T	0/1	403,995
2260151	ACGC	GCGT	0/1	1397,577
2260171	TAGC	CAGT	0/1	1350,751
2260196	CAAC	CAAAT	0/1	1404,717
2260212	GTG	TTC	0/1	1395,567
2260220	CAC	TAG	0/1	1437,554
2260231	T	C	0/1	1469,542
2260525	C	T	1/1	4,1211
2264782	C	A	1/1	2,1331
2265059	T	G	1/1	138,1254
2266487	G	C	0/1	1385,1208
2266504	TGGGATCGTC	TAGGGTTCGC	0/1	1259,970
2266517	T	C	0/1	1423,1040
2266550	GCCC	TCCG	0/1	1312,1336
2266583	C	G	0/1	1370,1443
2266598	G	C	0/1	1371,1393
2266604	C	G	0/1	1399,1361
2266613	GCG	GCCG	0/1	1386,1281
2266624	G	T	0/1	1428,1360
2267372	A	G	0/1	1260,260
2269780	T	C	1/1	0,1259
2270065	T	C	0/1	386,1065
2270102	A	G	1/1	0,1512
2277350	C	T	0/1	381,895
2278507	G	A	0/1	389,968
2279683	G	T	0/1	801,441
2282130	C	A	0/1	396,1036
2282376	CC	TT	0/1	360,1018
2282787	C	T	1/1	2,1292
2283030	A	G	0/1	1297,243
2285251	C	A	1/1	3,1633
2287121	A	G	1/1	0,1523
2309356	G	A	0/1	400,1151
2311099	C	G	0/1	274,731
2315005	C	T	0/1	354,933
2321358	G	C	0/1	267,888
2324087	C	A	0/1	224,813
2327903	ATGATG	AG	0/1	347,793
2328543	T	C	0/1	270,809
2329533	A	G	1/1	82,1011
2331255	C	T	0/1	322,839
2331620	A	C	0/1	335,887
2331789	G	T	0/1	335,904
2334007	A	G	1/1	111,1239
2335075	A	G	1/1	132,1459
2335494	A	G	1/1	2,1229
2335500	C	T	0/1	300,926
2338194	ACCCCCCCCACCCACC	ACCCCCCCACCCACC	0/1	69,403
2341030	G	A	0/1	328,897
2341636	C	G	1/1	5,1092
2342202	CG	CTC	0/1	336,761
2342649	AGA	AGGCGTACACACGA	0/1	349,537
2345037	C	A	1/1	126,1313
2348635	T	C	0/1	1154,328
2348804	T	C	0/1	428,1073
2349675	G	A	0/1	1264,187
2350186	A	G	0/1	317,826
2357268	TGCCGCCGCCGCCGCCGCCGA	TGCCGCCGCCGCCGCCGA	1/1	56,638
2358029	TGGCC	TGGGCC	0/1	312,710
2359475	G	A	0/1	620,333
2361604	C	G	1/1	118,1121
2362041	C	A	1/1	18,1275
2362756	GGAGATCCTGGAAG	GG	0/1	355,709
2363286	T	C	0/1	928,266
2368564	TAATAT	TATAT	1/1	0,1615
2368596	C	T	0/1	445,1332
2369186	G	C	0/1	393,1121
2369326	C	G	0/1	430,1174
2373356	A	C	0/1	1076,301
2374442	G	A	0/1	411,1119
2376425	A	G	0/1	354,1021
2377325	T	C	0/1	1059,249
2378813	A	G	0/1	929,106
2379743	C	G	0/1	411,1024
2385695	C	T	0/1	1173,154
2386067	C	T	0/1	1191,378
2386389	G	A	1/1	6,1325
2388641	G	A	0/1	289,982
2390299	A	G	0/1	407,1221
2393605	C	T	0/1	1193,294
2394761	C	T	0/1	319,955
2397445	C	T	0/1	379,1135
2397760	C	G	0/1	282,798
2398305	C	T	0/1	1090,318
2400031	G	A	0/1	315,904
2400726	C	T	0/1	907,130
2413246	C	A	0/1	245,716
2415641	G	C	0/1	716,111
2415656	G	C	1/1	1,1016
2416251	G	A	0/1	669,437
2419142	A	G	0/1	234,572
2421816	A	G	0/1	277,832
2421975	GCA	GGGAACA	0/1	254,476
2424864	A	G	0/1	392,883
2424925	A	G	1/1	0,1214
2425097	A	C	0/1	243,702
2425471	T	C	0/1	364,1045
2428081	G	A	0/1	302,762
2429126	C	G	0/1	1275,149
2433579	T	C	0/1	336,978
2437259	G	T	0/1	362,1008
2440926	G	T	1/1	145,1408
2447539	A	G	0/1	452,1115
2448288	G	A	0/1	427,1099
2448458	C	T	0/1	404,1033
2449219	G	C	0/1	472,93
2449295	G	A	0/1	272,763
2450045	G	A	0/1	358,915
2451081	C	G	0/1	327,897
2451355	C	A	0/1	340,965
2451927	GCAGCC	GCAGCCAGCC	0/1	369,659
2462700	C	A	0/1	361,1072
2462850	G	A	0/1	345,879
2462871	G	A	1/1	108,1138
2463094	G	A	0/1	1239,261
2470485	G	T	0/1	295,901
2470591	A	C	0/1	272,841
2472956	T	C	0/1	273,837
2477840	C	T	0/1	826,507
2481795	G	T	0/1	1122,285
2482469	T	C	0/1	270,814
2484255	T	G	0/1	830,150
2484758	A	G	0/1	1156,126
2486342	C	T	0/1	492,684
2487829	T	G	0/1	405,1120
2488091	G	A	0/1	1166,263
2490551	C	T	0/1	938,208
2495500	T	C	0/1	363,953
2495764	G	A	0/1	1184,226
2499045	G	C	0/1	581,79
2499726	G	A	1/1	3,940
2500892	C	T	0/1	339,916
2501147	GT	GCC	0/1	409,952
2502073	C	T	0/1	933,195
2503549	C	A	0/1	384,1173
2503625	C	T	0/1	1186,220
2508395	G	A	0/1	400,959
2509140	G	C	1/1	64,906
2509181	C	G	0/1	241,745
2509722	A	G	1/1	0,1338
2511712	G	T	0/1	403,982
2516567	G	C	0/1	401,1013
2517553	C	T	0/1	974,253
2518132	C	T	0/1	427,1074
2519048	G	A	0/1	324,846
2521342	T	C	1/1	0,1364
2523205	GCG	GCGCCG	0/1	42,201
2525722	CGGGGGAGG	CGGGGAGG	1/1	1,958
2526974	T	C	0/1	368,961
2527676	G	A	0/1	1249,284
2528378	C	A	0/1	461,1192
2528931	G	A	0/1	315,987
2529680	A	G	1/1	98,1203
2530434	G	T	0/1	304,740
2534562	GGAG	GG	1/1	0,1238
2536500	A	C	0/1	684,444
2538760	G	A	0/1	1114,142
2538773	T	C	0/1	786,493
2538793	G	A	0/1	337,926
2544979	T	A	0/1	431,934
2547274	A	G	0/1	405,1110
2547529	AGGGGGCGA	AGGGGGGCGA	0/1	332,963
2551429	C	A	0/1	607,937
2553682	C	T	0/1	342,1049
2562302	G	A	0/1	1483,185
2562783	T	C	0/1	348,916
2563958	A	C	0/1	377,1135
2564368	GCA	GCCA	0/1	416,1129
2566723	T	C	0/1	1156,296
2566766	CGA	CGGC	0/1	397,911
2569593	A	G	0/1	337,921
2570575	G	A	0/1	1156,292
2573434	G	T	0/1	371,1038
2573756	C	A	1/1	94,1191
2574598	C	T	0/1	443,1099
2577246	A	G	0/1	299,954
2578626	A	G	0/1	405,1128
2580310	G	A	0/1	438,1131
2581109	C	A	0/1	453,1007
2582324	G	A	0/1	347,1007
2586127	A	G	1/1	3,1325
2587048	C	T	0/1	327,892
2589216	G	C	0/1	375,1011
2590827	T	G	0/1	367,1099
2592063	GTTTTTCCA	GTTTTCCA	0/1	376,974
2594544	G	A	0/1	1008,261
2598400	A	G	1/1	2,1284
2599821	C	A	0/1	1062,221
2602575	G	A	0/1	365,1065
2605293	G	T	0/1	358,979
2605507	T	C	0/1	379,1088
2606797	GGT	GCGT	0/1	383,995
2608117	C	A	0/1	320,854
2608488	T	C	0/1	389,1102
2608579	CTGTTGTTGTTGTTGA	CTGTTGTTGTTGA	0/1	322,723
2611704	A	C	0/1	460,1202
2612632	C	A	1/1	7,1488
2612919	C	A	0/1	1083,289
2613307	C	T	0/1	992,705
2613659	A	G	0/1	1648,188
2617632	AC	ATT	0/1	1063,197
2619271	T	C	0/1	421,1289
2621058	G	A	0/1	1064,228
2622508	C	T	0/1	347,988
2627988	G	A	0/1	1193,238
2628069	G	C	0/1	1232,278
2628245	C	T	0/1	1244,275
2630158	CCGA	GCGG	0/1	1585,715
2630173	CAAC	GAAG	0/1	1537,561
2630182	GATGTGC	AAAGTGT	0/1	1436,507
2630206	T	G	0/1	1570,418
2630211	GGCAA	AGCAG	0/1	1545,355
2630224	T	G	0/1	1566,307
2630233	T	C	0/1	1595,265
2631556	C	G	0/1	1390,577
2631565	T	C	0/1	1412,661
2631574	T	C	0/1	1415,737
2631583	G	A	0/1	1433,816
2631599	G	A	0/1	1482,977
2631620	A	G	0/1	1455,929
2631641	T	G	0/1	423,990
2631962	T	G	0/1	1749,497
2631967	GACAA	AGCAG	0/1	1678,495
2631977	G	C	0/1	1744,638
2632341	CAAAACT	CAAAAACT	0/1	409,1000
2632500	A	G	0/1	427,1025
2637541	C	T	0/1	425,1015
2639868	A	G	0/1	336,932
2641840	A	G	0/1	394,1091
2642383	C	T	0/1	375,994
2643653	G	A	0/1	325,900
2652908	C	G	0/1	366,972
2654371	G	A	0/1	1072,199
2654696	G	A	0/1	407,1049
2656225	A	G	1/1	0,1489
2663210	G	A	0/1	368,968
2664299	G	C	0/1	1035,248
2672514	C	G	0/1	273,828
2673701	C	T	0/1	345,950
2677499	G	T	0/1	478,849
2679840	G	C	0/1	334,907
2680622	G	A	0/1	1220,262
2680658	T	G	1/1	135,1410
2688225	G	C	0/1	309,828
2691713	T	C	0/1	392,999
2694953	G	C	0/1	1271,329
2695378	C	G	1/1	120,1400
2696977	G	C	0/1	449,1044
2698585	C	T	0/1	1045,272
2699058	C	G	0/1	295,906
2703968	A	G	0/1	247,502
2704291	G	A	0/1	384,1070
2704884	ACG	ACAGCGACCATATCGCCGAGCTCG	0/1	105,504
2706890	G	C	0/1	355,1086
2709795	A	G	0/1	322,858
2712913	C	A	0/1	315,870
2713795	C	T	1/1	116,1384
2717710	C	T	0/1	1108,226
2718852	T	G	1/1	1,1489
2723506	T	C	0/1	374,985
2723923	ATA	AA	0/1	317,934
2724180	TCACGATCGGGTCTCCTCTAGC	TC	0/1	454,459
2726051	G	A	0/1	436,1214
2727037	A	T	0/1	370,1033
2731741	G	A	0/1	439,1278
2731774	C	G	0/1	1332,389
2732591	C	G	0/1	457,1341
2733047	G	C	0/1	485,1261
2734074	T	C	1/1	0,1051
2736434	C	A	0/1	1036,214
2737201	A	C	0/1	534,689
2737393	G	A	0/1	779,235
2737572	C	A	0/1	150,495
2740590	TC	GA	0/1	424,66
2740693	T	C	0/1	277,829
2745739	G	A	0/1	427,1167
2745839	G	A	0/1	325,1068
2745889	C	T	0/1	1133,209
2750280	C	T	0/1	1128,262
2751626	AC	GT	0/1	476,67
2751804	C	T	1/1	3,1096
2752698	C	A	1/1	6,1652
2755112	G	A	0/1	346,1051
2759534	C	G	0/1	369,1110
2760152	A	G	1/1	0,1303
2764206	A	G	0/1	377,1059
2764939	G	A	0/1	361,976
2773117	A	C	0/1	869,579
2773955	G	C	0/1	327,906
2774757	G	A	0/1	1209,164
2779136	T	C	1/1	0,1256
2783932	G	C	0/1	1061,263
2786952	A	G	1/1	0,1295
2790458	A	C	0/1	397,1097
2791098	C	T	0/1	351,1064
2791257	A	T	0/1	483,1253
2791475	A	G	0/1	360,942
2799488	CCGCAAT	CT	0/1	327,807
2807486	C	A	0/1	506,1432
2809621	T	C	1/1	1,1338
2809895	G	A	0/1	374,963
2817158	C	A	0/1	332,947
2818837	A	G	1/1	3,1540
2821342	C	T	0/1	146,1184
2824432	G	A	0/1	280,837
2825466	G	A	0/1	362,982
2827984	G	T	1/1	6,1607
2828019	T	C	1/1	0,1513
2828104	C	T	0/1	425,1015
2830525	C	A	1/1	2,1538
2837334	A	C	0/1	1206,299
2840849	G	C	0/1	258,715
2841022	A	G	0/1	237,718
2842043	C	G	0/1	298,799
2844546	C	A	0/1	372,872
2847281	A	G	0/1	386,984
2855259	A	G	1/1	3,1348
2855317	CCGGCGTAGAAAGCCGACCGCATGTCACCGAAAGAGCTGGCGTCGTCGGGGC	CC	0/1	209,177
2857014	G	A	0/1	1246,252
2858669	G	T	0/1	346,896
2863828	G	A	0/1	599,382
2865760	A	G	1/1	1,1239
2865882	T	C	1/1	1,1407
2868659	C	G	0/1	1420,286
2869242	T	C	0/1	381,1013
2870386	C	T	0/1	468,1199
2871048	C	T	0/1	872,176
2871960	C	T	0/1	1087,199
2878980	C	T	0/1	290,934
2880702	G	C	1/1	147,1469
2881244	A	G	0/1	392,1061
2881455	A	G	0/1	1217,233
2881597	AGGGGGGCA	AGGGGGCA	1/1	0,1265
2882331	ACGC	ACGCGC	0/1	442,916
2884634	C	T	0/1	683,1014
2886570	A	G	0/1	387,1053
2888201	T	C	1/1	0,1231
2889633	T	C	1/1	0,1181
2891267	C	T	1/1	2,1258
2891728	A	G	1/1	1,1334
2893238	C	A	0/1	1188,280
2894208	G	A	1/1	5,1266
2894594	G	A	0/1	348,918
2894642	A	G	0/1	364,974
2894854	C	T	0/1	1277,264
2897528	G	A	0/1	370,894
2897871	A	G	0/1	316,864
2899890	G	T	0/1	390,966
2900943	A	C	0/1	1009,220
2906918	A	T	0/1	1143,210
2910461	G	T	1/1	5,1278
2911293	C	G	1/1	2,1408
2912061	G	A	0/1	391,1077
2912294	T	G	1/1	2,1482
2917091	C	A	0/1	1137,291
2923293	C	G	0/1	785,126
2923391	T	C	1/1	2,964
2925683	G	A	0/1	348,1025
2925962	T	C	0/1	375,982
2926169	G	A	0/1	726,561
2926882	C	T	0/1	376,1047
2927511	G	T	0/1	352,911
2927939	T	C	1/1	1,1437
2939373	G	C	1/1	0,1285
2939657	T	C	1/1	3,984
2939807	G	A	0/1	1041,129
2940608	C	T	0/1	367,1027
2945490	G	A	0/1	318,894
2946157	T	C	0/1	1293,280
2948650	T	C	0/1	341,1162
2948867	C	A	0/1	991,166
2953307	G	T	0/1	465,1184
2954439	T	C	1/1	1,1631
2955233	C	T	0/1	404,1082
2957568	CTTGA	CTGA	0/1	416,1107
2958570	G	A	0/1	477,760
2959324	A	G	0/1	397,1000
2959714	T	C	0/1	476,1219
2967054	C	G	0/1	1168,128
2968913	T	C	0/1	1070,242
2970086	G	C	0/1	1343,149
2970434	G	A	0/1	641,206
2971122	T	C	0/1	333,833
2976558	ACCCCCCCTAC	ACCCCCTCTAC	0/1	666,224
2984740	A	G	1/1	0,1021
2985137	G	A	0/1	998,258
2985216	G	A	0/1	330,919
2987918	G	A	0/1	309,882
2988630	C	G	0/1	288,856
2989274	G	A	0/1	969,257
2992564	G	A	0/1	320,999
2993523	T	C	0/1	282,661
2994187	T	C	0/1	282,731
3000362	T	C	0/1	413,1126
3001907	T	C	0/1	497,898
3003115	C	G	0/1	395,884
3004503	C	T	0/1	1173,366
3005185	G	T	1/1	121,1124
3009692	A	G	1/1	95,1374
3010420	A	G	0/1	361,1063
3015119	CTTTTTGGGT	CTTTTGGGT	0/1	406,979
3015379	G	A	0/1	297,883
3017465	T	C	1/1	0,1672
3025431	C	T	0/1	414,1164
3027606	C	G	0/1	345,945
3027798	T	C	0/1	319,936
3028050	G	A	0/1	899,594
3028074	G	T	0/1	393,992
3028101	ACCGA	ACCCGA	0/1	1200,239
3029610	G	A	0/1	1139,258
3029969	G	A	0/1	344,1117
3030990	T	C	0/1	393,1034
3031168	A	G	0/1	362,1010
3031285	A	T	0/1	386,931
3035533	G	A	0/1	455,1207
3037375	GCT	GCC	0/1	235,427
3040920	A	G	0/1	841,227
3041871	G	T	1/1	131,1245
3056658	G	T	0/1	342,858
3069167	A	G	0/1	435,1152
3069805	G	C	0/1	402,1148
3073868	T	C	0/1	1263,289
3074830	C	T	0/1	405,989
3080795	A	G	1/1	3,1437
3084315	G	A	0/1	845,516
3085119	GCCTCC	GCCCTCC	0/1	468,1096
3086261	T	C	0/1	346,903
3086788	T	C	1/1	170,1563
3088625	A	G	0/1	351,930
3095130	G	A	0/1	422,1153
3097349	C	T	0/1	348,918
3099269	A	C	0/1	1278,254
3103682	T	C	1/1	5,1274
3104189	A	G	0/1	389,1027
3105144	C	A	0/1	385,1030
3108055	C	T	0/1	1035,208
3108674	A	C	0/1	909,199
3110141	T	C	0/1	982,317
3114814	G	A	0/1	402,1167
3118449	A	G	0/1	354,923
3118976	C	G	0/1	1377,157
3129675	C	T	0/1	400,1196
3131469	TTG	TTGTCGGCGATG	0/1	360,838
3131473	A	C	0/1	1224,305
3137058	G	A	1/1	0,1512
3137237	T	C	0/1	394,1208
3137343	C	A	0/1	373,994
3137681	G	A	0/1	286,763
3138129	G	C	0/1	358,848
3140419	G	C	0/1	769,484
3141349	A	G	0/1	366,1068
3144835	G	A	0/1	913,320
3148984	C	T	0/1	343,1015
3154414	A	G	0/1	373,994
3158935	G	C	0/1	731,100
3165074	T	C	0/1	1251,271
3169321	C	G	0/1	1091,295
3169993	A	G	0/1	383,900
3170496	A	T	0/1	339,908
3173446	G	C	0/1	629,1007
3174496	A	G	0/1	339,1033
3175702	T	C	0/1	1043,246
3177884	C	A	1/1	3,1140
3178445	C	G	0/1	1254,248
3180988	C	A	0/1	313,982
3186860	T	G	1/1	1,823
3188428	C	T	0/1	330,958
3188769	A	G	0/1	357,931
3189242	A	G	0/1	400,1076
3189580	T	C	0/1	310,988
3190145	TCCCCCCAT	TCCCCCAT	1/1	100,1092
3190342	G	A	0/1	366,1030
3190556	G	A	0/1	331,919
3191027	G	A	0/1	1301,272
3197917	G	A	0/1	399,1050
3200304	A	G	0/1	316,953
3202629	C	T	0/1	304,938
3207297	G	T	0/1	1116,214
3214481	G	T	0/1	394,1053
3214790	C	T	0/1	966,231
3217883	C	T	0/1	421,1082
3219009	C	T	0/1	783,129
3219194	G	A	0/1	459,700
3226181	A	C	1/1	3,1385
3228143	G	T	1/1	6,1412
3229692	G	A	0/1	298,936
3233605	G	A	0/1	339,859
3234249	C	A	0/1	1176,303
3236230	C	A	0/1	1142,204
3241244	G	A	0/1	364,922
3243630	G	A	0/1	1424,314
3244126	G	A	0/1	433,1217
3244414	A	G	0/1	345,1068
3256494	A	G	1/1	120,1223
3258785	G	C	0/1	1141,301
3260301	A	G	0/1	1186,227
3266030	A	G	0/1	345,987
3269581	A	G	1/1	0,1346
3270784	A	G	1/1	1,1362
3271037	A	G	0/1	401,1009
3273138	C	G	0/1	448,1153
3274545	G	A	0/1	459,1262
3276017	C	T	0/1	458,1305
3280132	G	A	0/1	302,851
3285318	C	T	0/1	349,948
3290547	G	C	0/1	1066,231
3291446	C	T	0/1	2235,395
3293423	A	G	0/1	317,922
3293601	T	C	0/1	295,804
3295124	C	T	0/1	348,827
3295639	CGGGCGCG	CGGGGCGCG	0/1	344,968
3296371	GCCGCGGCC	GCCGCGGCCCGCGGCC	0/1	425,517
3296721	C	G	0/1	353,983
3296843	A	G	1/1	1,1038
3299413	G	A	0/1	414,1108
3302484	A	G	0/1	1381,317
3302683	C	T	0/1	459,1127
3305474	G	A	0/1	1169,322
3306163	CGGCACTGTGGCGG	CG	0/1	321,782
3306594	T	G	0/1	413,1173
3307344	G	A	0/1	1079,314
3307792	C	G	0/1	703,84
3308446	T	C	0/1	415,1042
3308606	G	A	1/1	0,1359
3311119	G	C	0/1	321,936
3312632	C	T	0/1	1731,321
3312942	G	A	0/1	416,1114
3314412	A	G	0/1	378,938
3326150	A	G	0/1	332,961
3326554	A	C	0/1	462,1353
3328495	G	C	0/1	328,817
3331361	ACGCGCGCCGG	ACGCGCCGG	0/1	174,439
3336825	T	C	1/1	102,1052
3338603	G	C	1/1	2,1328
3339417	A	G	0/1	311,919
3351012	C	T	0/1	312,925
3351472	G	A	0/1	299,884
3352932	CG	AA	0/1	396,1048
3354896	C	T	0/1	856,176
3358235	A	T	1/1	2,1403
3359584	G	A	0/1	233,693
3363338	A	G	1/1	1,1468
3365841	G	A	0/1	362,975
3366409	GATCACATCACCA	GA	0/1	421,871
3367765	G	A	1/1	3,1309
3369869	G	T	0/1	255,759
3369891	A	G	0/1	636,117
3371260	T	C	0/1	344,844
3375719	C	T	0/1	817,222
3378828	C	A	0/1	273,808
3385067	G	C	0/1	482,681
3389054	G	C	0/1	393,988
3393927	A	G	0/1	1119,240
3394562	G	T	0/1	1211,189
3398940	T	C	0/1	340,1001
3399274	G	A	0/1	873,556
3400230	C	T	0/1	395,1033
3401850	G	A	0/1	329,923
3401871	A	G	0/1	344,936
3402816	C	T	1/1	111,1177
3404376	C	G	0/1	385,1132
3406798	G	A	0/1	299,911
3407028	C	T	0/1	330,884
3407729	G	T	0/1	519,784
3408971	C	T	0/1	1409,302
3415180	ACACCTAGGGGGTGGC	AC	0/1	220,885
3415332	A	G	0/1	421,1024
3417404	G	T	0/1	417,1211
3418328	TCG	GCA	0/1	1112,234
3420825	A	G	0/1	436,1093
3424462	C	T	0/1	348,883
3425854	C	T	1/1	2,1302
3426795	C	G	0/1	1197,261
3427632	C	T	0/1	399,976
3428088	G	A	0/1	444,1160
3428917	C	A	1/1	1,1397
3429202	T	G	0/1	1318,251
3431407	G	T	0/1	335,911
3440464	TGTGG	GGTGC	1/1	0,1265
3440542	A	G	0/1	346,955
3442240	C	A	0/1	415,1172
3442704	G	C	0/1	399,971
3443994	A	G	0/1	379,1024
3447480	A	C	0/1	328,890
3448714	G	C	0/1	337,987
3450725	T	C	0/1	336,1001
3453382	C	T	0/1	284,850
3454263	C	G	0/1	379,1140
3455686	G	C	0/1	395,1057
3456507	C	T	0/1	1244,272
3456666	A	G	1/1	3,1263
3458376	A	C	0/1	1265,145
3460765	G	C	0/1	337,970
3460986	G	A	0/1	1088,250
3461239	T	C	0/1	340,1002
3462135	G	C	1/1	1,918
3464629	A	G	0/1	310,916
3465363	G	T	0/1	383,1137
3467465	C	G	0/1	375,1245
3473996	GAG	GAAG	1/1	100,1208
3474597	C	A	0/1	367,1041
3475159	A	G	0/1	399,989
3478698	G	A	0/1	1897,535
3478719	G	A	0/1	1818,527
3479545	C	A	0/1	422,1281
3479561	G	A	0/1	409,1300
3480386	G	A	0/1	638,1231
3480474	G	A	0/1	484,1448
3480789	T	C	0/1	426,1253
3483155	A	C	0/1	673,1023
3486977	A	G	1/1	0,1420
3493996	G	A	0/1	1400,388
3494295	GGCG	GG	0/1	343,968
3494820	CGGGGGTC	CGGGGTC	0/1	319,926
3497586	C	G	0/1	350,900
3498418	A	G	0/1	345,920
3503231	G	C	0/1	1232,253
3503895	C	T	1/1	5,1265
3504418	C	T	0/1	386,1118
3505005	A	C	0/1	376,1061
3507458	C	T	0/1	862,585
3509091	G	C	0/1	367,955
3512802	T	C	0/1	968,265
3518167	A	G	1/1	97,988
3518389	C	A	0/1	851,195
3518555	A	G	1/1	1,1034
3521044	A	G	0/1	409,992
3526986	A	G	0/1	400,1036
3530023	C	T	0/1	348,875
3530145	C	A	0/1	344,974
3530955	C	G	0/1	406,964
3533759	G	A	0/1	396,1144
3536008	G	T	0/1	375,1045
3537806	C	G	0/1	481,134
3537817	G	C	0/1	525,143
3539139	CGGGGGGGACA	CGGGGGGACA	0/1	289,693
3542337	C	T	0/1	823,512
3548641	T	C	0/1	1271,282
3555699	A	G	0/1	467,815
3555730	C	T	0/1	1116,164
3556275	A	G	1/1	154,1207
3556606	G	A	0/1	437,1130
3558763	C	G	0/1	440,81
3558777	TT	AA	0/1	357,64
3560645	C	T	0/1	376,1005
3561229	C	A	0/1	406,1317
3566923	ACGCTTGTCGGC	ACGCTTGTCGGCGCTTGTCGGC	0/1	649,553
3566943	A	G	0/1	1326,288
3568488	GCCCCAG	GCCCAG	0/1	278,736
3571834	T	G	0/1	372,1033
3572717	C	T	0/1	841,207
3573316	G	T	0/1	1221,306
3573636	T	C	0/1	373,935
3576656	G	A	0/1	997,236
3577958	A	G	0/1	311,832
3580636	CTTTGC	CTTGC	1/1	0,1345
3581414	A	G	1/1	0,1448
3581794	C	A	0/1	365,643
3590686	GTC	GCTC	1/1	2,466
3591063	T	C	1/1	1,1524
3591304	G	A	0/1	1340,206
3594124	C	T	0/1	958,217
3595483	ACTGGCAGCGTAGTG	ACTGGCAGCGTAGTCTGGCAGCGTAGTG	0/1	1188,180
3597682	C	T	0/1	435,1243
3598321	C	T	0/1	352,925
3604821	G	C	1/1	0,979
3610391	AGT	ACGT	0/1	374,1037
3610441	C	T	0/1	1178,230
3610668	GGGGTCC	GC	0/1	257,777
3611192	C	T	0/1	407,1228
3612009	C	T	0/1	1030,244
3614982	T	C	1/1	134,1324
3617552	G	C	0/1	785,177
3619854	A	G	0/1	639,960
3620552	AGGAG	ATGGAG	0/1	1010,236
3621423	A	G	0/1	460,1232
3622441	A	C	1/1	18,1305
3624486	T	C	0/1	373,1065
3625065	T	G	1/1	128,1195
3628694	G	A	0/1	1274,272
3629612	G	A	0/1	366,977
3638093	G	A	0/1	389,1037
3640372	A	G	0/1	1436,164
3640557	T	C	0/1	394,1136
3643582	T	C	0/1	339,974
3646306	G	A	0/1	1087,273
3647041	A	G	0/1	351,995
3647591	A	G	0/1	375,1122
3653573	G	A	0/1	1148,301
3658266	C	G	0/1	331,872
3661802	C	T	0/1	352,919
3663189	G	A	0/1	1305,180
3670040	C	T	0/1	394,1119
3670118	G	T	0/1	391,995
3671532	G	C	0/1	371,1128
3671843	A	C	0/1	399,1272
3672105	G	C	0/1	447,1145
3675767	C	T	0/1	401,1108
3678091	G	A	0/1	394,1048
3679949	A	G	0/1	251,755
3681548	A	C	0/1	380,1024
3683237	G	T	0/1	421,1119
3683715	T	G	0/1	349,954
3687372	A	G	0/1	429,1141
3689523	G	T	1/1	1,1281
3690016	A	G	0/1	299,737
3693681	A	C	0/1	324,885
3696181	A	G	0/1	328,904
3697708	A	G	0/1	421,1090
3704261	C	A	0/1	387,1118
3704596	G	C	1/1	1,1530
3714211	G	T	1/1	1,1318
3714757	A	C	1/1	107,1221
3717192	C	T	0/1	966,267
3718357	C	T	1/1	0,1377
3720792	T	G	0/1	391,1029
3721806	G	C	1/1	1,1372
3723901	GTTTTGTC	GTTTTTGTC	0/1	320,832
3724557	A	G	0/1	639,115
3742991	AGGGGGGGATT	AGGGGGGATT	0/1	267,1083
3743549	A	G	1/1	109,970
3770325	C	T	0/1	314,911
3771628	A	C	0/1	253,813
3772616	G	A	0/1	427,1159
3774506	G	A	0/1	417,1236
3776706	C	T	0/1	1182,242
3781220	C	T	0/1	1101,308
3785946	A	G	0/1	425,1045
3786033	A	G	0/1	419,960
3787497	T	C	0/1	993,270
3788365	T	G	0/1	284,933
3791770	G	A	0/1	489,1549
3793634	A	G	0/1	396,1166
3794867	CCG	CCACG	0/1	407,1119
3794884	G	A	0/1	1409,276
3798095	A	C	1/1	139,1642
3808103	T	C	0/1	400,974
3811629	G	A	0/1	373,1141
3815477	G	T	0/1	381,1070
3816299	G	A	0/1	978,639
3816540	A	G	0/1	569,974
3817117	C	A	1/1	1,1413
3820407	A	G	0/1	515,348
3820444	CGGCTT	CCAGCCTG	0/1	1491,310
3820545	A	G	0/1	983,588
3823159	A	T	1/1	5,1493
3825560	C	G	0/1	1148,248
3826684	C	T	1/1	3,1554
3829770	T	C	1/1	106,1131
3830566	G	A	0/1	307,765
3830695	A	G	0/1	334,841
3838871	A	G	1/1	0,1134
3842992	CT	GC	0/1	1888,247
3843001	G	A	0/1	1921,477
3843024	AA	CG	0/1	1887,486
3843032	G	A	0/1	1873,514
3843749	GTGAG	TTTGA	0/1	1326,728
3843760	T	C	0/1	1355,844
3851084	A	G	0/1	343,970
3851388	C	T	0/1	1068,232
3851887	AT	CC	0/1	158,364
3851998	C	G	0/1	623,96
3854899	T	C	0/1	316,899
3858400	G	C	0/1	797,280
3859376	C	T	0/1	1130,223
3859893	C	T	1/1	4,1122
3861914	C	T	0/1	328,895
3862181	C	T	0/1	418,1003
3862472	GAACC	GACC	1/1	1,1066
3863530	G	T	0/1	366,1013
3864041	G	A	0/1	308,966
3864794	G	A	0/1	978,272
3864995	T	C	1/1	95,1082
3868103	C	T	0/1	1114,252
3868738	C	A	0/1	272,914
3871093	G	A	0/1	316,856
3871246	T	C	0/1	320,768
3871333	G	A	0/1	304,817
3873392	T	G	0/1	1073,205
3874191	T	C	0/1	1007,201
3874722	ATTTAC	ATTAC	0/1	428,1138
3876953	G	A	0/1	343,870
3877421	A	G	1/1	0,1494
3881187	G	A	0/1	1294,241
3883467	A	G	0/1	332,1017
3885886	T	C	1/1	136,1306
3892671	A	G	1/1	0,1646
3893480	G	A	0/1	396,1100
3895727	C	A	0/1	322,1029
3896340	T	G	1/1	1,1323
3898408	A	G	1/1	1,1398
3898869	C	A	0/1	366,984
3899654	C	A	0/1	384,1045
3902850	G	A	0/1	1241,182
3909235	G	C	0/1	395,916
3913737	G	A	0/1	418,1194
3917852	G	T	0/1	1205,346
3919764	G	A	0/1	504,816
3920109	G	T	0/1	413,1131
3921094	C	T	0/1	383,1040
3922836	T	C	0/1	373,1175
3930807	A	T	0/1	352,917
3952800	G	A	1/1	1,1265
3956434	A	G	0/1	1128,295
3958007	C	T	0/1	279,845
3958403	A	G	1/1	139,1397
3959418	C	T	1/1	6,1269
3968771	C	A	0/1	410,1169
3974142	G	A	0/1	336,890
3974868	G	A	0/1	348,894
3977226	G	A	0/1	1189,223
3983271	T	G	0/1	1369,240
3984321	G	A	0/1	437,1196
3984926	G	A	0/1	386,962
3989107	C	T	0/1	366,967
3989914	G	T	0/1	400,993
3994898	A	G	0/1	364,1104
4003645	C	T	0/1	310,909
4005114	G	C	0/1	308,833
4005607	T	C	1/1	112,1100
4008747	A	G	0/1	327,827
4012219	T	C	0/1	473,1158
4013076	G	A	0/1	293,777
4013388	G	A	0/1	374,975
4013630	CCAGCTGGAGAC	CC	0/1	1094,195
4014376	C	A	0/1	328,924
4014431	C	T	0/1	324,938
4019103	G	T	0/1	441,1193
4020169	C	A	0/1	338,923
4022652	G	A	0/1	313,977
4023528	C	T	0/1	1120,163
4024079	T	C	0/1	333,864
4024273	T	C	1/1	0,1354
4024368	C	T	0/1	387,1036
4026800	G	C	0/1	359,982
4026899	G	A	1/1	3,1414
4027280	G	T	0/1	1157,380
4028752	A	G	0/1	353,944
4034827	C	T	1/1	1,1341
4036411	G	C	0/1	990,309
4038287	G	A	0/1	1107,241
4040517	A	G	0/1	386,1083
4042761	G	A	0/1	1030,232
4045670	G	A	0/1	366,992
4049254	G	A	0/1	375,1030
4050270	T	C	0/1	1234,170
4054637	A	G	0/1	374,1147
4055801	G	A	1/1	0,1399
4055962	GCA	CCC	0/1	867,471
4056416	C	A	0/1	521,1464
4057081	A	G	0/1	452,531
4058711	T	C	0/1	432,559
4059904	A	G	1/1	0,1450
4067152	G	A	0/1	348,904
4069292	G	A	1/1	109,1087
4069797	C	T	0/1	412,1074
4070735	G	C	0/1	1133,196
4073186	C	A	0/1	1233,257
4081987	G	C	0/1	297,760
4081996	G	C	0/1	291,777
4083360	T	G	0/1	207,539
4085200	G	C	0/1	377,1092
4088346	G	A	0/1	1050,255
4089058	T	C	0/1	316,888
4089369	C	A	0/1	1045,297
4093719	G	A	0/1	298,876
4093879	TGGGGGCGCCT	TGGGGCGCCT	0/1	796,157
4095001	CGA	CA	1/1	0,678
4095295	T	C	0/1	240,750
4096190	G	A	0/1	340,912
4100975	T	C	1/1	0,1385
4101018	C	T	0/1	318,1029
4103223	ATG	AG	0/1	1062,218
4105757	C	T	0/1	403,1125
4106154	C	T	0/1	311,902
4107074	T	C	0/1	361,1111
4107264	C	T	0/1	543,814
4109354	A	C	0/1	1108,240
4111303	G	C	1/1	1,1270
4112429	T	C	0/1	356,964
4113833	C	T	0/1	376,937
4115001	G	C	0/1	306,918
4115029	G	A	0/1	335,916
4116682	T	C	0/1	411,1063
4116758	C	T	0/1	413,1072
4117161	C	A	0/1	421,1030
4118620	G	T	0/1	331,939
4119246	T	C	0/1	323,961
4123325	C	T	0/1	332,951
4125460	C	T	0/1	1212,219
4126087	T	G	0/1	344,995
4126530	G	A	0/1	617,895
4130711	G	C	0/1	321,948
4133907	G	A	0/1	437,1044
4135112	G	A	0/1	1054,225
4137190	T	C	0/1	470,1123
4138377	A	G	0/1	380,965
4139183	ACCCCCCCGCGG	ACCCCCCCCGCGG	0/1	973,227
4142689	G	A	0/1	406,1045
4145737	A	G	0/1	347,985
4146330	A	G	0/1	1086,211
4150036	G	T	0/1	607,861
4151855	A	G	0/1	364,978
4155903	G	T	0/1	346,1006
4156099	C	A	1/1	2,1252
4156239	A	G	0/1	342,958
4156503	C	T	0/1	367,911
4158361	A	G	0/1	346,1000
4159195	T	C	0/1	314,926
4160533	TGCGCCCGGCG	TG	0/1	319,720
4161725	G	T	0/1	1043,228
4162339	A	G	1/1	0,1727
4163558	G	C	0/1	420,1160
4163944	A	G	0/1	997,210
4163954	T	C	0/1	306,859
4169666	GTTTCCC	GTTCCC	0/1	411,1058
4169719	C	T	0/1	449,1137
4170964	GGGT	GAGGT	0/1	366,969
4171454	G	A	0/1	380,1047
4174564	T	C	0/1	1194,256
4179089	C	T	0/1	307,903
4182695	G	A	1/1	117,1326
4187063	G	A	0/1	385,1168
4187485	T	C	1/1	5,1398
4187523	A	G	0/1	365,1047
4187817	A	G	1/1	0,1443
4190532	A	C	0/1	372,984
4190596	A	C	0/1	386,1054
4195938	G	A	0/1	362,939
4197138	CTTGC	CTTTGC	1/1	109,975
4197189	A	G	0/1	336,865
4198611	CGGGGGTGG	CGGGGTGG	1/1	110,1389
4200220	A	G	0/1	359,915
4201105	G	A	0/1	360,970
4202383	A	C	0/1	392,977
4204441	A	G	1/1	2,1593
4205120	A	G	0/1	455,1226
4210274	A	G	1/1	0,1297
4210876	T	C	0/1	394,988
4215484	G	C	0/1	374,1004
4216255	C	G	0/1	403,969
4216599	C	T	0/1	970,284
4217557	A	G	0/1	408,1063
4220174	G	A	0/1	1026,236
4221490	C	G	1/1	0,1313
4222073	A	G	1/1	0,1259
4222882	A	G	1/1	0,1297
4223172	T	C	0/1	375,952
4229506	G	A	0/1	1329,304
4231150	G	A	0/1	391,1206
4231530	C	A	0/1	464,716
4232327	A	G	0/1	386,1075
4233299	G	A	0/1	1321,262
4236844	G	A	0/1	421,1157
4237383	C	A	0/1	299,956
4237991	T	C	0/1	815,149
4240671	C	T	0/1	322,867
4241042	A	G	0/1	377,1014
4242643	C	T	1/1	6,1149
4243242	G	A	0/1	999,255
4243580	G	A	0/1	295,835
4244420	G	C	0/1	395,929
4245969	C	T	0/1	356,1004
4247402	T	G	0/1	1279,145
4247578	G	A	0/1	380,922
4247646	A	C	0/1	377,969
4250022	T	G	0/1	865,544
4250966	G	A	0/1	682,983
4251075	G	C	0/1	1570,180
4251297	G	C	0/1	328,967
4254345	ATT	AA	0/1	413,443
4255922	A	G	1/1	111,1244
4257220	A	G	1/1	113,1178
4259032	G	C	0/1	805,138
4261499	G	A	0/1	351,1060
4263279	A	G	0/1	375,1078
4264218	CT	AG	0/1	1139,207
4264560	G	A	0/1	483,738
4269293	C	T	0/1	1364,173
4269387	T	G	0/1	390,1111
4269606	A	G	0/1	390,972
4269864	GCCCCCGCC	GCCCCGCC	0/1	488,736
4275935	A	G	0/1	370,1005
4276306	C	T	0/1	383,1069
4280441	C	A	0/1	394,1044
4281143	C	G	0/1	444,1135
4281272	G	A	0/1	373,1017
4286042	C	G	0/1	1290,294
4287164	A	G	0/1	405,1233
4287361	C	T	0/1	362,1163
4289953	A	G	0/1	338,1059
4290564	G	T	0/1	433,1222
4290827	C	G	0/1	415,1188
4293072	G	A	0/1	1407,288
4293107	G	A	0/1	438,1232
4295133	G	A	0/1	1144,301
4295915	T	C	0/1	1324,280
4296015	G	A	0/1	444,1194
4296381	G	T	0/1	446,1146
4303407	A	C	0/1	417,965
4306155	C	T	1/1	1,1370
4306339	G	T	0/1	297,773
4307021	C	T	0/1	371,971
4307179	G	A	1/1	131,1294
4307344	C	G	0/1	410,1028
4310743	TGGCGT	TGGGCGT	0/1	302,953
4311871	G	A	0/1	1045,258
4313128	C	T	0/1	385,978
4314645	A	G	0/1	351,951
4314843	G	A	0/1	404,993
4315384	T	C	0/1	1222,220
4315741	C	T	0/1	1136,223
4316089	A	C	0/1	1305,170
4316566	C	G	0/1	329,851
4319652	G	A	0/1	1103,262
4320050	A	G	0/1	1136,293
4320514	G	A	0/1	1058,231
4323006	G	A	0/1	371,971
4323354	CGGGGGGGTCT	CGGGGGGTCT	0/1	428,1084
4329782	G	A	0/1	470,1287
4334425	G	C	0/1	345,1073
4334931	A	C	0/1	995,314
4336090	AAC	ATAC	0/1	1078,230
4336597	C	A	0/1	386,989
4336774	C	T	0/1	378,1052
4337574	A	G	0/1	422,1041
4338361	C	T	0/1	321,863
4338595	GCT	GT	1/1	1,1546
4338603	G	A	0/1	462,1140
4338732	G	A	0/1	162,1501
4339684	C	G	0/1	947,295
4340330	T	G	0/1	1352,271
4341396	AAG	AAGGCGCGGCCGCAG	0/1	593,635
4341402	T	C	0/1	1411,200
4344058	T	C	0/1	339,884
4345682	C	T	0/1	587,848
4346659	G	A	0/1	1072,249
4346999	GAAGC	GAGC	0/1	1109,222
4347047	GCCGT	GGT	0/1	1110,263
4348418	G	A	0/1	420,1184
4349778	G	A	0/1	962,653
4351039	G	T	1/1	0,1299
4355919	G	T	0/1	806,552
4356110	G	C	1/1	0,1307
4357597	C	G	0/1	311,833
4357773	G	A	0/1	379,996
4357946	C	T	0/1	382,1084
4359135	T	C	0/1	1006,508
4359165	GGTGATCGGGGTTCCCGGTGTGCCCGGTGTGC	CGTGATCGGGGTTCCCGGTGTGCCCGGTGTGCCCGGTGTGC	0/1	184,409
4361141	G	A	0/1	359,1106
4363243	A	C	0/1	323,791
4363484	ACCAACGC	AC	0/1	282,717
4366195	T	C	0/1	385,967
4366272	G	C	1/1	5,1278
4367090	G	A	0/1	390,1132
4367649	A	G	0/1	331,898
4369499	G	A	0/1	221,713
4372353	G	C	0/1	411,1057
4372661	T	C	0/1	1476,329
4373496	C	G	0/1	1140,222
4374228	T	C	0/1	411,1057
4377033	G	C	0/1	362,1002
4379680	C	G	1/1	0,1491
4382054	T	C	1/1	2,1455
4382275	G	T	1/1	0,1236
4383094	A	G	0/1	1176,255
4383144	CCCGT	CCGGGGCCGT	1/1	1,1137
4383442	T	C	0/1	312,735
4383655	A	G	0/1	295,855
4384007	C	G	0/1	372,1060
4385031	CGGGGGGCCG	CGGGGGCCG	0/1	246,627
4385187	A	G	0/1	247,667
4385897	T	C	0/1	1626,310
4385916	C	G	0/1	1591,600
4385933	ACGGC	GCGGT	0/1	1531,660
4385946	C	T	0/1	1629,764
4386228	T	C	0/1	200,878
4386288	C	T	0/1	1404,487
4386562	GC	AT	0/1	1453,252
4386569	T	C	0/1	1438,296
4386580	A	G	0/1	1487,362
4386587	CTGA	TTGT	0/1	1396,377
4386599	A	G	0/1	1402,444
4386604	G	C	0/1	1416,463
4386629	GGTCGTAGCCGGT	GGGC	0/1	1263,401
4386702	G	C	0/1	1411,631
4386768	G	A	0/1	1593,570
4386774	C	T	0/1	1559,538
4390380	A	G	0/1	265,798
4391553	C	T	0/1	1070,235
4393178	A	G	0/1	336,986
4394210	G	C	0/1	331,831
4395387	A	G	0/1	278,498
4395964	C	A	0/1	980,223
4398732	G	A	0/1	347,943
4399137	G	A	0/1	498,733
4400660	ACCCGCC	ACCGCC	1/1	0,814
4401400	A	G	0/1	314,915
4407588	T	C	0/1	408,987
4407873	C	A	0/1	344,1050
4408047	G	C	0/1	1075,302
4408142	G	A	0/1	944,234
4408156	A	C	0/1	1014,234
4408920	AGGC	GGGT	0/1	320,741
4410386	G	T	0/1	426,1293
4411016	G	A	0/1	456,1198
