1977	A	G	1/1	0,199
4013	T	C	1/1	0,165
7362	G	C	1/1	2,144
7585	G	C	1/1	0,158
9304	G	A	1/1	0,183
11879	A	G	1/1	0,175
13298	G	C	0/1	168,18
14251	G	A	1/1	11,138
14785	T	C	1/1	0,181
17608	G	C	1/1	4,161
21795	G	A	1/1	3,152
26959	C	G	1/1	0,191
33457	C	T	0/1	15,142
33551	T	G	1/1	16,172
34044	T	C	1/1	0,195
35097	T	C	0/1	17,139
37031	C	G	1/1	3,198
40162	C	T	1/1	3,150
42967	G	C	1/1	0,197
46735	G	A	0/1	184,20
50854	T	C	1/1	15,175
51949	A	G	0/1	173,19
60821	C	T	1/1	7,155
62049	A	G	1/1	0,155
63771	C	T	1/1	12,146
69989	G	A	1/1	0,166
70267	G	T	0/1	148,18
70816	A	G	1/1	0,153
71336	G	C	1/1	1,149
71584	CCG	CCGAGCGCTGTTCTGGCGCTAATCTGACGCTAGAATAGCG	0/1	46,11
74059	C	T	1/1	10,177
75421	G	A	1/1	4,167
75940	G	C	1/1	0,193
79504	TCGGTGGACCCGGTGGACCCGGTGGACCCGGTGGACCCGGTGGACCC	TCGGTGGACCCGGTGGACCCGGTGGACCCGGTGGACCC	0/1	8,78
92199	T	G	1/1	0,178
101119	G	A	1/1	12,159
101727	G	A	1/1	6,151
109106	C	T	1/1	8,163
116000	T	G	1/1	0,175
122109	A	G	1/1	0,169
125830	GAAAAGT	GAAAAAGT	1/1	1,166
128597	TG	CA	0/1	175,19
131174	TGGTGC	TGGGTGC	1/1	0,177
133839	C	T	1/1	0,155
133862	G	A	1/1	5,163
135542	G	A	1/1	9,183
146087	T	C	1/1	0,157
154283	T	C	1/1	0,185
157292	C	T	1/1	9,181
157663	G	A	1/1	1,176
162581	G	A	1/1	6,171
176303	C	T	0/1	17,150
194681	G	C	1/1	0,174
196642	C	T	1/1	0,188
200379	C	T	0/1	215,26
203269	C	T	1/1	14,172
206339	T	C	1/1	0,184
207226	T	C	0/1	15,148
212353	C	T	1/1	10,162
223942	T	C	1/1	1,191
225323	T	C	1/1	0,196
227098	T	C	1/1	0,166
231114	C	G	1/1	0,191
234051	G	A	1/1	10,145
234477	T	G	1/1	5,150
234496	CCT	CGTCT	1/1	0,137
251938	G	T	1/1	12,130
254903	C	A	0/1	155,16
261869	T	C	1/1	0,165
265554	A	C	1/1	0,183
278681	C	G	1/1	1,167
282188	G	A	1/1	4,164
282822	C	G	1/1	10,153
283614	T	C	1/1	2,225
285772	A	C	1/1	0,179
285871	A	G	1/1	0,158
291977	G	A	0/1	159,18
293704	CTTTTTGGGC	CTTTTGGGC	0/1	20,139
302615	T	C	0/1	19,175
310973	G	A	1/1	0,169
311613	G	T	1/1	1,181
316129	C	G	1/1	5,160
336380	A	T	0/1	147,106
336400	CAGCGA	GAGGGG	0/1	135,101
336504	G	T	0/1	172,154
336535	TGTTGG	GGGTGT	0/1	150,116
336546	T	G	0/1	160,118
336557	CGGTTACA	CTGGCTATGGCA	0/1	153,66
343453	G	T	1/1	9,181
346275	C	G	1/1	0,167
356528	A	G	1/1	0,166
376774	T	C	1/1	0,201
381030	A	G	0/1	172,18
384380	A	C	1/1	0,177
386432	C	G	1/1	0,184
390828	T	C	1/1	0,151
403980	G	A	1/1	2,190
404326	T	C	1/1	0,181
408723	C	T	1/1	3,170
414486	C	T	1/1	0,153
420008	A	G	1/1	0,157
437128	G	A	1/1	5,125
444351	G	T	1/1	5,152
454295	T	C	1/1	0,151
457452	T	G	1/1	0,175
459399	A	C	1/1	0,150
468357	A	G	0/1	157,19
472705	T	C	1/1	12,168
478358	C	T	1/1	10,183
485785	T	G	0/1	150,29
489935	G	C	1/1	2,166
498557	C	A	1/1	0,197
500523	GT	AC	0/1	161,17
502589	C	G	1/1	0,216
503354	G	C	1/1	0,194
510831	TCCGGGGGGCGCAC	TC	1/1	9,110
513257	T	C	1/1	0,149
514191	GAC	GC	0/1	164,18
514198	GCA	GTCA	0/1	155,18
519185	T	G	0/1	153,18
527050	G	A	0/1	153,17
534691	C	T	1/1	12,177
541201	A	G	1/1	1,197
551525	A	C	1/1	0,174
557133	G	A	1/1	11,145
563420	T	C	1/1	13,165
571943	G	A	1/1	5,173
573262	A	G	1/1	0,159
584438	G	A	1/1	13,151
589536	G	A	1/1	4,156
590436	T	C	1/1	0,177
596833	CGGGGGGCT	CGGGGGCT	1/1	13,178
597816	A	G	1/1	0,189
598475	G	A	1/1	2,171
610120	T	G	1/1	0,214
632330	G	T	0/1	15,146
637319	G	A	1/1	0,207
637922	C	T	1/1	8,197
641791	G	T	0/1	164,22
643101	A	G	1/1	2,196
648002	T	G	1/1	0,209
663410	A	C	0/1	163,38
663418	AGC	CAA	0/1	154,38
663429	T	G	0/1	169,40
663907	G	A	1/1	11,158
664249	C	T	1/1	14,177
665293	A	G	1/1	0,178
667659	C	T	1/1	13,185
669398	T	C	1/1	0,172
685461	C	G	1/1	0,201
685608	T	C	1/1	0,198
686972	T	C	1/1	0,174
690465	T	G	1/1	0,142
695888	T	G	0/1	158,21
695894	C	G	0/1	157,18
695900	C	A	0/1	155,17
698968	G	A	1/1	0,205
709226	G	A	1/1	14,157
724712	TGGGCGCG	TGGCGCG	1/1	5,131
726703	C	A	0/1	17,132
733798	G	C	1/1	14,196
736710	T	C	0/1	19,177
746638	CGCC	GGCG	0/1	119,13
751017	T	C	1/1	9,163
752343	A	G	1/1	6,185
754186	A	G	1/1	4,165
761155	C	T	1/1	1,164
764817	T	C	1/1	0,174
764995	C	G	1/1	8,166
767480	C	G	1/1	5,152
769962	GCCCTA	GCCTA	1/1	8,121
773809	G	A	1/1	7,135
775639	T	C	1/1	0,184
781395	T	C	1/1	0,162
784440	G	T	1/1	10,210
790083	C	T	1/1	7,178
790180	A	G	1/1	10,164
796509	G	T	1/1	10,151
812927	C	G	0/1	10,3
812947	G	C	0/1	10,2
820483	G	T	1/1	0,146
829719	G	A	0/1	124,16
838439	G	T	1/1	7,179
841764	G	C	1/1	0,149
843391	G	A	1/1	12,141
852910	C	T	1/1	0,153
854252	GCCCCCCCCCAGG	GCCCCCCCCAGG	1/1	2,150
857696	A	G	1/1	1,185
859131	CGGT	CAGGT	1/1	7,146
874835	CCA	CCGCA	1/1	0,171
880562	G	T	1/1	0,153
882257	T	C	1/1	0,158
885542	G	C	1/1	11,145
888774	G	A	0/1	165,107
893733	T	G	1/1	0,213
900221	T	C	1/1	0,130
903550	T	C	1/1	0,165
903913	T	C	1/1	0,157
906857	A	G	1/1	0,212
910015	C	A	0/1	164,18
919466	C	A	1/1	10,180
941845	C	A	0/1	155,21
942479	T	C	1/1	12,162
945214	G	A	1/1	0,199
949535	T	C	1/1	0,174
951142	C	A	0/1	187,20
952597	C	T	0/1	169,17
955524	A	G	1/1	0,153
979704	G	C	1/1	0,159
986463	G	C	1/1	0,157
990001	G	C	1/1	2,178
990533	T	C	1/1	5,162
991640	G	A	0/1	25,150
993346	A	C	1/1	0,207
1010204	CGGTT	CGGGTT	1/1	1,173
1011198	G	C	1/1	5,163
1025106	T	C	1/1	0,221
1032913	G	T	1/1	10,169
1037012	T	C	1/1	0,165
1037355	T	C	1/1	6,161
1037911	C	T	1/1	0,196
1040067	CGGTC	CGTC	1/1	6,171
1041129	C	T	1/1	11,164
1041445	C	T	1/1	13,163
1047165	T	C	1/1	0,195
1055049	C	T	1/1	6,192
1057788	T	G	1/1	10,171
1061676	GTGCT	GT	1/1	11,181
1063602	A	C	1/1	18,208
1068151	T	C	1/1	0,193
1068432	A	G	1/1	0,172
1070702	T	C	1/1	0,153
1071797	C	G	1/1	15,169
1074558	G	A	1/1	0,182
1075279	T	C	1/1	0,157
1076309	G	T	1/1	0,198
1077312	A	G	1/1	0,152
1078398	G	A	0/1	145,15
1079927	C	A	1/1	0,145
1081211	T	G	1/1	13,162
1081681	T	C	1/1	0,165
1087193	G	C	1/1	4,191
1093322	C	T	1/1	7,172
1100234	T	C	1/1	0,169
1103249	C	T	0/1	19,176
1106422	T	C	1/1	0,175
1107434	A	T	1/1	8,182
1107917	G	T	1/1	8,199
1109975	A	G	1/1	0,147
1111784	C	T	1/1	4,185
1126889	G	C	1/1	0,161
1127648	C	A	1/1	0,171
1132368	C	T	1/1	8,158
1142266	A	C	1/1	8,167
1149551	C	T	1/1	0,168
1150321	TGCCCGACAGCAAGG	TG	1/1	8,148
1150585	G	A	1/1	2,158
1164571	A	G	1/1	6,164
1168715	CTTCC	CTTTCC	1/1	0,161
1171364	C	T	1/1	11,149
1177641	ACCCCCAAAT	ACCCCAAAT	1/1	12,166
1178116	T	C	1/1	1,200
1186461	G	A	1/1	12,143
1196889	A	G	1/1	7,174
1199547	G	A	1/1	7,153
1200418	A	G	1/1	0,177
1205936	A	G	1/1	16,177
1207431	A	G	0/1	15,151
1220680	T	C	1/1	0,164
1224367	T	C	1/1	0,134
1248978	T	C	1/1	0,156
1280439	C	T	1/1	13,165
1281118	T	C	1/1	0,169
1281443	C	G	1/1	14,153
1281771	T	C	0/1	164,18
1287234	A	C	1/1	7,153
1292102	A	G	1/1	3,156
1297327	G	A	1/1	10,155
1297999	T	G	1/1	10,157
1307598	C	G	1/1	5,167
1313337	AA	AGC	1/1	0,70
1315191	A	C	1/1	0,171
1315884	G	A	1/1	2,146
1317059	C	A	1/1	9,125
1320508	G	A	0/1	174,20
1327890	G	A	1/1	0,175
1327942	C	G	1/1	14,163
1328687	G	C	1/1	0,201
1348554	G	A	0/1	44,115
1353658	G	C	1/1	14,158
1354437	A	C	1/1	10,162
1360209	T	C	1/1	0,194
1365837	CGGGGTTGC	CGGGGGTTGC	1/1	2,160
1373170	G	C	1/1	10,148
1374065	T	C	1/1	0,184
1375724	A	C	1/1	0,145
1382628	T	C	1/1	0,155
1389738	G	A	1/1	7,132
1393626	A	G	1/1	0,184
1396922	T	C	1/1	0,153
1404169	T	G	1/1	5,171
1411210	T	G	1/1	0,153
1413148	C	T	1/1	0,144
1414021	C	T	1/1	0,182
1416222	A	G	0/1	191,95
1416232	ACA	GCC	0/1	177,97
1428506	G	T	1/1	3,130
1440469	C	G	1/1	0,131
1444188	CGGCTGGCTG	CGGCTG	1/1	1,129
1445474	G	A	0/1	19,174
1445781	A	G	1/1	0,174
1446923	T	G	1/1	2,168
1447774	C	T	1/1	8,159
1448907	A	G	1/1	9,161
1452071	C	A	1/1	9,166
1457144	C	T	1/1	0,149
1471659	C	T	1/1	2,196
1473080	C	G	0/1	177,19
1482627	T	C	1/1	0,212
1484708	A	C	1/1	0,159
1488114	CA	TG	0/1	134,21
1499274	C	G	1/1	0,155
1510649	C	T	1/1	5,155
1512031	T	G	1/1	10,157
1516380	T	C	0/1	63,99
1521776	T	G	1/1	15,148
1526819	C	A	1/1	0,177
1527449	GTG	GTTG	0/1	14,133
1534548	G	A	0/1	152,22
1536251	G	T	1/1	1,186
1547125	T	C	1/1	0,195
1552547	G	A	1/1	1,127
1553855	C	T	0/1	163,19
1558450	G	A	1/1	7,176
1563717	C	T	1/1	0,155
1570513	G	T	1/1	13,140
1570566	C	A	1/1	1,156
1581377	C	T	0/1	179,20
1586249	C	T	1/1	7,179
1588456	A	G	1/1	6,118
1588899	G	T	1/1	1,157
1609840	A	G	1/1	0,156
1612595	C	G	0/1	144,21
1612600	GGGGATT	CGGTATC	0/1	123,19
1612621	CGGTATCGGTACCGGTGCGCCAGGGA	AGGGATCGGTACCGGTGCGCCAGGGA	0/1	41,31
1612648	T	C	0/1	125,59
1613035	T	C	1/1	0,173
1613960	G	T	1/1	13,169
1624791	C	G	1/1	0,165
1625347	CGGGCA	CGGGGCA	1/1	11,163
1629128	G	C	1/1	4,162
1630148	A	C	1/1	0,213
1639594	C	A	1/1	1,162
1645802	T	C	1/1	0,200
1650072	A	G	1/1	0,143
1652831	C	T	1/1	8,163
1676290	C	A	1/1	3,179
1689349	C	T	1/1	0,182
1691520	T	G	0/1	155,18
1691799	C	T	1/1	9,208
1692141	A	C	1/1	0,205
1692795	G	C	1/1	12,144
1693561	A	G	1/1	0,173
1694547	A	C	0/1	136,20
1698911	G	A	1/1	0,204
1706119	T	C	1/1	0,202
1706746	C	A	0/1	171,17
1709899	A	C	1/1	8,169
1718761	C	T	1/1	15,156
1719322	G	A	1/1	1,177
1721831	G	T	1/1	9,178
1724120	G	A	1/1	8,136
1727763	A	C	1/1	9,150
1728837	A	G	1/1	0,159
1734994	C	T	1/1	5,206
1736638	C	T	1/1	8,186
1740771	A	C	1/1	9,148
1753519	GCCCCGT	GCCCCCGT	1/1	0,154
1755599	C	T	1/1	10,188
1758180	T	C	1/1	5,160
1759252	G	T	1/1	0,149
1760292	A	G	1/1	2,165
1760460	C	T	1/1	11,175
1769099	C	A	1/1	11,175
1771320	G	A	1/1	12,188
1777213	C	G	1/1	8,165
1778430	T	C	1/1	0,180
1783250	G	A	0/1	6,2
1793769	C	T	1/1	9,178
1798355	G	A	1/1	0,162
1803265	G	A	1/1	0,177
1804409	C	A	1/1	0,188
1805948	C	T	1/1	1,159
1817976	A	T	1/1	0,152
1836286	G	C	1/1	0,174
1847811	A	C	1/1	11,171
1847919	C	G	1/1	0,201
1851048	A	C	0/1	165,26
1854300	T	C	1/1	0,154
1856777	G	C	1/1	0,176
1861274	G	A	1/1	12,167
1866104	GA	TT	1/1	2,118
1885772	G	A	1/1	2,158
1885858	C	T	0/1	36,93
1889073	G	C	0/1	157,17
1894300	GGC	GGTCTTGCCGCGC	1/1	1,135
1899351	T	C	1/1	10,173
1901493	T	C	1/1	0,107
1907296	G	C	1/1	1,174
1917972	A	G	1/1	0,169
1929302	G	A	1/1	6,153
1931179	C	A	1/1	0,165
1933988	G	A	1/1	2,181
1935695	T	G	0/1	165,18
1943039	C	T	1/1	11,165
1943592	C	T	1/1	12,168
1944107	A	G	1/1	0,182
1944402	T	C	1/1	0,161
1944642	CTG	CG	1/1	10,173
1947903	G	T	1/1	11,120
1950767	T	C	1/1	0,160
1956930	T	G	0/1	178,21
1960284	C	A	1/1	0,205
1967237	C	A	1/1	0,151
1981056	C	T	1/1	8,138
1986962	C	T	0/1	7,2
1989682	C	T	0/1	6,2
1993337	A	C	0/1	9,2
1993628	G	C	0/1	10,2
1993652	C	T	1/1	0,14
1993808	A	T	1/1	0,5
1995102	G	A	0/1	9,2
2005944	A	C	0/1	150,21
2007785	C	T	0/1	15,152
2017560	A	T	0/1	163,17
2019942	A	G	1/1	9,171
2022868	T	C	1/1	0,158
2047425	GCGCTAACTTCCCGTCTC	GA	1/1	0,5
2047821	C	T	0/1	15,2
2053411	G	C	1/1	5,160
2053682	C	T	1/1	10,166
2055271	A	G	1/1	0,150
2057774	A	T	1/1	0,162
2075067	T	C	0/1	46,135
2084526	G	A	0/1	18,154
2094911	ACAGCGTCAGCGTC	ACAGCGTC	1/1	0,120
2096186	A	G	1/1	0,176
2097990	A	C	1/1	7,167
2108141	T	C	1/1	0,159
2109523	CGGTA	CGGGTA	1/1	1,141
2116903	C	T	1/1	0,173
2126366	G	C	1/1	7,179
2128870	A	G	1/1	0,168
2133468	TTC	TTCGCATGCCGTCACCTC	0/1	34,86
2133475	A	G	0/1	152,44
2134215	T	C	1/1	8,164
2135870	T	C	1/1	0,136
2137521	ACA	ACTCCGATCACCA	1/1	3,104
2143328	G	C	1/1	0,193
2147022	A	C	1/1	0,184
2155168	C	G	1/1	2,156
2174216	A	G	1/1	5,156
2177073	T	C	0/1	173,18
2207525	C	T	1/1	12,146
2207591	TTC	TCTC	1/1	0,173
2211455	C	A	0/1	15,144
2211826	A	G	1/1	0,183
2213265	G	A	1/1	10,141
2216248	C	G	1/1	7,176
2216443	C	A	1/1	0,147
2216538	T	C	1/1	7,156
2220512	T	G	1/1	0,205
2223293	T	C	1/1	0,169
2228967	A	G	1/1	0,192
2231132	G	A	1/1	14,187
2232237	G	C	1/1	6,145
2237053	G	A	1/1	7,114
2237497	G	C	1/1	0,15
2237529	G	A	0/1	18,2
2238706	A	C	0/1	9,2
2238930	A	C	1/1	0,10
2239055	C	T	1/1	0,7
2239160	G	C	1/1	0,18
2239880	A	G	0/1	5,2
2240062	C	G	1/1	0,17
2240700	A	G	0/1	11,3
2245532	T	C	1/1	13,171
2251999	A	G	1/1	0,181
2257780	T	G	1/1	5,166
2260525	C	T	1/1	0,164
2264782	C	A	1/1	0,167
2265059	T	G	1/1	1,212
2266487	G	C	0/1	179,143
2266504	TGGGATCGTC	TAGGGTTCGC	0/1	177,104
2266517	T	C	0/1	198,110
2266550	GCCC	TCCG	0/1	167,172
2266583	C	G	0/1	172,194
2266598	G	C	0/1	171,183
2266604	C	G	0/1	166,183
2266613	GCG	GCCG	0/1	168,170
2266624	G	T	0/1	171,181
2267372	A	G	1/1	11,175
2269780	T	C	1/1	0,171
2270102	A	G	1/1	0,191
2278442	C	G	1/1	7,182
2282787	C	T	1/1	0,166
2283030	A	G	1/1	4,151
2285251	C	A	1/1	0,204
2287121	A	G	1/1	1,172
2327492	C	T	1/1	7,152
2329533	A	G	1/1	0,114
2334007	A	G	1/1	0,185
2335075	A	G	1/1	0,157
2335494	A	G	1/1	0,182
2338194	ACCCCCCCCACCCACCACAG	ACCCCCCCCCACCCACCACAG	1/1	0,44
2341636	C	G	1/1	0,192
2345037	C	A	1/1	0,174
2357268	TGCCGCCGCCGCCGCCGCCGA	TGCCGCCGCCGCCGCCGA	1/1	0,100
2361604	C	G	1/1	0,142
2362041	C	A	1/1	1,157
2368564	TAATAT	TATAT	1/1	0,221
2381030	GCTACCCTAGTTAT	GCTACCCTAGTTACTACCCTAGTTAT	1/1	8,94
2385695	C	T	1/1	9,173
2386389	G	A	1/1	2,193
2400726	C	T	1/1	9,174
2401883	C	T	0/1	12,36
2415656	G	C	1/1	0,166
2420535	C	A	1/1	11,170
2424925	A	G	1/1	0,155
2434750	G	A	1/1	6,147
2440926	G	T	1/1	0,158
2443188	G	A	1/1	7,171
2462871	G	A	1/1	2,151
2463094	G	A	1/1	7,195
2484255	T	G	1/1	10,158
2499726	G	A	1/1	0,172
2502073	C	T	1/1	9,134
2503625	C	T	1/1	7,161
2505750	C	T	1/1	11,210
2509140	G	C	1/1	0,177
2509722	A	G	1/1	0,162
2521342	T	C	1/1	0,180
2522481	TGGGGGGGCAC	TGGGGGGGGCAC	1/1	12,129
2523205	GCG	GCGCCG	0/1	4,40
2525722	CGGGGGAGGAC	CGGGGAGGAC	1/1	0,137
2527676	G	A	1/1	10,152
2529680	A	G	1/1	0,169
2534562	GGAG	GG	1/1	0,165
2538760	G	A	1/1	6,171
2573756	C	A	1/1	0,150
2580310	G	A	0/1	161,17
2586127	A	G	1/1	0,152
2598400	A	G	1/1	0,155
2599821	C	A	1/1	13,164
2611675	T	C	1/1	16,232
2612632	C	A	1/1	0,171
2617632	AC	ATT	0/1	15,150
2621058	G	A	1/1	3,170
2639868	A	G	0/1	152,16
2642555	C	T	1/1	12,151
2649353	A	G	1/1	11,155
2654371	G	A	1/1	7,146
2655054	C	T	0/1	174,38
2656225	A	G	1/1	0,186
2660319	C	G	1/1	1,170
2663210	G	A	0/1	137,14
2664299	G	C	1/1	13,165
2680658	T	G	1/1	0,214
2695378	C	G	1/1	2,174
2698585	C	T	1/1	11,162
2704884	ACG	ACAGCGACCATATCGCCGAGCTCG	1/1	4,89
2713795	C	T	1/1	0,209
2717710	C	T	1/1	7,171
2718852	T	G	1/1	0,175
2718938	A	C	1/1	10,161
2731741	G	A	0/1	206,22
2734074	T	C	1/1	0,170
2736434	C	A	1/1	11,152
2745889	C	T	1/1	6,151
2751804	C	T	1/1	5,165
2752698	C	A	1/1	0,192
2753536	T	C	1/1	4,174
2755112	G	A	0/1	144,15
2760152	A	G	1/1	0,206
2779136	T	C	1/1	0,149
2784613	A	G	0/1	9,4
2786952	A	G	1/1	0,160
2807486	C	A	0/1	215,23
2809621	T	C	1/1	0,179
2818837	A	G	1/1	0,142
2821342	C	T	1/1	0,171
2827984	G	T	1/1	0,229
2828019	T	C	1/1	0,220
2830525	C	A	1/1	0,172
2841549	G	T	1/1	11,159
2844546	C	A	0/1	130,16
2855259	A	G	1/1	0,167
2857014	G	A	1/1	7,173
2865760	A	G	1/1	0,151
2865882	T	C	1/1	0,201
2868659	C	G	1/1	14,160
2871048	C	T	1/1	7,133
2880702	G	C	1/1	0,199
2881455	A	G	1/1	11,168
2881597	AGGGGGGCA	AGGGGGCA	1/1	0,144
2888201	T	C	1/1	0,209
2889633	T	C	1/1	0,155
2891267	C	T	1/1	0,172
2891728	A	G	1/1	0,179
2893238	C	A	1/1	11,159
2894208	G	A	1/1	0,142
2894642	A	G	0/1	144,15
2894854	C	T	1/1	4,159
2897871	A	G	0/1	129,19
2906918	A	T	1/1	9,155
2910461	G	T	1/1	0,151
2911293	C	G	1/1	0,155
2912294	T	G	1/1	4,175
2923391	T	C	1/1	1,142
2927939	T	C	1/1	0,190
2939373	G	C	1/1	0,183
2939657	T	C	1/1	0,155
2939807	G	A	1/1	7,160
2945167	G	T	0/1	119,95
2946157	T	C	1/1	9,135
2954439	T	C	1/1	0,192
2968913	T	C	1/1	10,154
2984740	A	G	1/1	0,159
2993523	T	C	0/1	106,12
3005185	G	T	1/1	0,179
3009692	A	G	1/1	0,169
3013469	T	C	1/1	10,159
3017465	T	C	1/1	0,174
3028101	ACCGA	ACCCGA	1/1	8,156
3029610	G	A	1/1	5,171
3040077	G	C	1/1	14,178
3041871	G	T	1/1	2,169
3045429	G	T	0/1	144,18
3065293	A	G	1/1	14,156
3073868	T	C	1/1	9,187
3078089	CCTCTATTGATCTCTATTGATC	CCTCTATTGATCTCTATTGATCTCTATTGATC	0/1	59,66
3080795	A	G	1/1	0,174
3086788	T	C	1/1	0,145
3089679	G	A	1/1	5,152
3099269	A	C	1/1	3,172
3103682	T	C	1/1	0,186
3108055	C	T	1/1	11,163
3108674	A	C	1/1	8,153
3131469	TTG	TTGTCGGCGATG	0/1	38,128
3131473	A	C	0/1	178,46
3137058	G	A	1/1	1,172
3137237	T	C	0/1	178,20
3148984	C	T	0/1	161,17
3158935	G	C	1/1	2,130
3165074	T	C	1/1	15,160
3175702	T	C	1/1	11,189
3177884	C	A	1/1	0,156
3178445	C	G	1/1	13,206
3186860	T	G	1/1	0,126
3190145	TCCCCCCAT	TCCCCCAT	1/1	0,163
3191027	G	A	1/1	9,186
3207297	G	T	1/1	7,153
3214790	C	T	1/1	8,145
3226181	A	C	1/1	0,167
3228143	G	T	1/1	1,188
3231464	T	C	1/1	12,181
3236230	C	A	1/1	6,167
3243630	G	A	1/1	9,201
3244126	G	A	0/1	182,22
3256494	A	G	1/1	0,178
3260301	A	G	1/1	8,200
3267743	A	G	1/1	5,143
3269581	A	G	1/1	0,163
3270784	A	G	1/1	0,175
3295263	G	A	1/1	6,137
3296843	A	G	1/1	0,147
3298563	C	T	1/1	8,214
3299413	G	A	0/1	146,18
3308606	G	A	1/1	3,195
3312632	C	T	1/1	14,177
3336825	T	C	1/1	0,190
3338603	G	C	1/1	0,166
3351472	G	A	0/1	160,16
3352127	G	A	1/1	6,198
3354896	C	T	1/1	14,165
3358235	A	T	1/1	0,171
3363338	A	G	1/1	1,175
3367765	G	A	1/1	0,198
3388593	T	C	1/1	7,197
3393374	G	C	1/1	8,172
3402816	C	T	1/1	0,147
3407028	C	T	0/1	135,14
3414556	C	T	1/1	14,144
3415180	ACACCTAGGGGGTGGC	AC	0/1	27,102
3418328	TCG	GCA	1/1	13,143
3422742	C	T	1/1	10,158
3425854	C	T	1/1	0,192
3426795	C	G	1/1	10,149
3428917	C	A	1/1	1,194
3429202	T	G	1/1	8,176
3440464	TGTGG	GGTGC	1/1	0,164
3456666	A	G	1/1	0,172
3460986	G	A	1/1	17,168
3462135	G	C	1/1	0,187
3473996	GAG	GAAG	1/1	0,143
3478698	G	A	0/1	197,84
3478719	G	A	0/1	211,80
3479545	C	A	0/1	156,17
3480386	G	A	0/1	145,19
3486977	A	G	1/1	0,178
3493996	G	A	0/1	190,20
3498967	T	C	0/1	63,116
3503231	G	C	1/1	9,175
3503895	C	T	1/1	0,150
3504930	C	T	1/1	10,158
3514512	G	C	1/1	14,161
3518167	A	G	1/1	0,178
3518555	A	G	1/1	0,160
3545438	G	A	1/1	11,139
3548641	T	C	1/1	10,182
3556275	A	G	1/1	0,190
3561155	G	A	1/1	8,184
3567606	G	A	1/1	3,170
3580636	CTTTGC	CTTGC	1/1	0,148
3581414	A	G	1/1	0,155
3586152	A	T	0/1	158,16
3586158	A	T	0/1	158,16
3590686	GTC	GCTC	1/1	0,87
3591063	T	C	1/1	0,206
3594124	C	T	1/1	7,147
3595483	ACTGGCAGCGTAGTG	ACTGGCAGCGTAGTCTGGCAGCGTAGTG	0/1	14,69
3604821	G	C	1/1	0,137
3610441	C	T	1/1	15,177
3612009	C	T	1/1	9,158
3614982	T	C	1/1	0,219
3619806	C	G	1/1	12,172
3622441	A	C	1/1	0,165
3625065	T	G	1/1	0,193
3676977	G	A	1/1	11,128
3688969	G	A	0/1	19,155
3689523	G	T	1/1	0,175
3704596	G	C	1/1	1,179
3705806	A	C	1/1	11,160
3714211	G	T	1/1	1,162
3714757	A	C	1/1	0,168
3718357	C	T	1/1	0,168
3721806	G	C	1/1	0,191
3742991	AGGGGGGGATT	AGGGGGGATT	1/1	0,157
3743517	C	A	1/1	0,5
3743549	A	G	1/1	0,3
3769322	G	A	0/1	4,2
3771132	C	T	1/1	7,196
3776706	C	T	0/1	16,160
3791770	G	A	0/1	161,19
3793634	A	G	0/1	166,18
3794884	G	A	1/1	11,175
3798095	A	C	1/1	0,207
3798126	G	A	1/1	8,192
3805330	G	A	0/1	134,14
3817117	C	A	1/1	2,178
3820407	A	G	0/1	140,37
3820444	CGGCTT	CCAGCCTG	0/1	85,77
3820545	A	G	0/1	159,98
3823159	A	T	1/1	0,170
3825560	C	G	1/1	11,181
3826684	C	T	1/1	0,189
3829152	G	A	1/1	3,132
3829770	T	C	1/1	0,145
3838871	A	G	1/1	0,159
3842959	GAAA	AAAC	0/1	12,6
3842971	G	A	0/1	12,6
3842978	CGA	CAGA	0/1	11,6
3842983	TTA	ATG	0/1	13,6
3842992	CT	GC	0/1	15,6
3843001	G	A	0/1	15,6
3843024	AA	CG	0/1	16,6
3843032	G	A	0/1	15,7
3843749	GTGAG	TTTGA	0/1	21,13
3843760	T	C	0/1	18,13
3843857	A	G	0/1	8,2
3846279	C	T	0/1	6,2
3859376	C	T	1/1	3,159
3859893	C	T	1/1	0,169
3861125	G	T	1/1	11,157
3862472	GAACC	GACC	1/1	0,146
3864995	T	C	1/1	0,154
3873392	T	G	1/1	9,164
3874191	T	C	1/1	8,179
3877421	A	G	1/1	0,162
3881187	G	A	1/1	8,149
3885886	T	C	1/1	0,163
3892671	A	G	1/1	0,171
3896340	T	G	1/1	0,157
3898408	A	G	1/1	1,196
3952800	G	A	1/1	0,139
3958403	A	G	1/1	0,203
3959418	C	T	1/1	0,155
3964463	AGGGTTT	AGGTTT	1/1	15,158
3976276	T	G	1/1	5,148
3977226	G	A	1/1	15,165
3982925	C	T	0/1	68,107
3983271	T	G	1/1	10,178
4004878	A	C	1/1	9,161
4005607	T	C	1/1	0,209
4019103	G	T	0/1	178,21
4024273	T	C	1/1	0,160
4026899	G	A	1/1	0,144
4034827	C	T	1/1	2,195
4038287	G	A	1/1	15,161
4040951	G	T	0/1	114,17
4042761	G	A	1/1	7,135
4043365	G	T	1/1	12,179
4055801	G	A	1/1	0,188
4059904	A	G	1/1	0,169
4069292	G	A	1/1	0,186
4086468	G	A	1/1	11,159
4088346	G	A	1/1	9,151
4093879	TGGGGGCGCC	TGGGGCGCC	1/1	13,178
4095001	CGA	CA	1/1	0,142
4100835	G	C	1/1	9,181
4100975	T	C	1/1	0,182
4109354	A	C	1/1	6,199
4111303	G	C	1/1	0,176
4118601	A	G	1/1	12,171
4125549	G	C	1/1	12,160
4135112	G	A	1/1	8,146
4146330	A	G	1/1	5,195
4156099	C	A	1/1	0,143
4162339	A	G	1/1	1,220
4163944	A	G	0/1	16,148
4174564	T	C	1/1	11,164
4176931	C	T	1/1	16,202
4182695	G	A	1/1	0,205
4187485	T	C	1/1	0,161
4187817	A	G	1/1	0,169
4194000	CACGACGACGACGG	CACGACGACGG	0/1	139,19
4197138	CTTGC	CTTTGC	1/1	3,143
4198611	CGGGGGTGGA	CGGGGTGGA	1/1	0,147
4198899	T	C	1/1	8,141
4204441	A	G	1/1	0,183
4210274	A	G	1/1	0,145
4218350	T	C	1/1	10,137
4220174	G	A	1/1	11,150
4221490	C	G	1/1	0,199
4222073	A	G	1/1	0,182
4222882	A	G	1/1	0,162
4233299	G	A	1/1	11,185
4239763	C	T	1/1	16,170
4242643	C	T	1/1	2,166
4247429	A	G	1/1	8,147
4255922	A	G	1/1	0,187
4257220	A	G	1/1	0,185
4263367	G	C	1/1	13,132
4264218	CT	AG	1/1	5,145
4288405	G	T	0/1	21,182
4293072	G	A	1/1	13,175
4306155	C	T	1/1	0,126
4307179	G	A	1/1	0,183
4311871	G	A	1/1	8,147
4315384	T	C	1/1	2,186
4319652	G	A	1/1	3,175
4320050	A	G	1/1	12,173
4322450	CGATCGCAGCGTTCACGGTGCACGGGGTAGCGG	CGATCGCAGCGTTCACGGTGCACGGGGTAGCGGATCGCAGCGTTCACGGTGCACGGGGTAGCGG	0/1	64,11
4336090	AAC	ATAC	0/1	16,134
4338595	GCT	GT	1/1	0,155
4338732	G	A	1/1	0,161
4340330	T	G	1/1	13,189
4348418	G	A	0/1	167,19
4351039	G	T	1/1	1,188
4356110	G	C	1/1	0,155
4359195	G	A	1/1	12,172
4360119	C	G	1/1	5,158
4366272	G	C	1/1	0,202
4372661	T	C	1/1	4,211
4373475	C	G	1/1	8,161
4373496	C	G	1/1	10,163
4377447	G	A	1/1	10,179
4377609	G	C	1/1	6,173
4379680	C	G	1/1	0,163
4382054	T	C	1/1	0,181
4382275	G	T	1/1	0,154
4383094	A	G	1/1	2,143
4383144	CCCGT	CCGGGGCCGT	1/1	6,121
4383632	T	C	1/1	10,171
4390106	C	G	0/1	57,81
4390879	G	A	1/1	6,164
4391553	C	T	1/1	9,164
4395964	C	A	1/1	13,148
4398732	G	A	0/1	161,16
4400660	ACCCGCCCG	ACCGCCCG	1/1	0,106
4403900	A	G	1/1	10,201
4408156	A	C	1/1	9,160
